Công ty,Năm,A1,A2,A3,A4,A5,A6,A7,A8,A9,A10,A11,A12,A13,A14,A15,A16,A17,A18,A19,A20,A21,A22,A23,A24,A25,A26,A27,A28,A29,A30,A31,A32,A33,A34,A35,A36,A37,A38,A39,A40,A41,A42,A43,A44,A45,A46,A47,A48,A49,A50,A51,A52,A53,A54,A55,A56,A57,A58,A59,A60,A61,A62,A63,A64,A65,A66,A67,A68,A69,A70,A71,A72,A73,A74,A75,A76,
1,2015,850506.94,6588.849,21718.717,67097.936,47523.973,19574.966,-1.003,8872.709,8903.682,-30.973,101.882,590917.428,598434.475,-7517.047,0,0,0,121564.774,87421.277,36848.571,-2705.074,5250.679,0,4871.166,0,4871.166,539.162,-159.649,8535.31,4554.885,8129.132,-3574.247,0,0,0,3980.425,4681.424,-700.999,0,0,0,19858.656,5132.165,9386.292,0,5489.966,0,-149.767,850506.94,808171.48,45401.599,79758.318,21546.428,58211.89,564692.853,0,35295.248,65542.24,17481.222,9434.349,5.475,8041.398,0,42335.46,34271.776,34187.153,0,30.306,0,0,54.317,2464.088,-42.645,0,4256.503,1385.738,
1,2016,1006404.15,7106.546,36710.77,61865.173,39849.011,22076.457,-60.295,10016.115,10086.026,-69.911,0,713633.464,723697.408,-10063.944,0,0,0,144412.972,113657.155,36823.521,-6067.704,4329.801,0,3994.12,0,3994.12,457.466,-121.785,9721.944,5373.497,9605.942,-4232.445,0,0,0,4348.447,5283.678,-935.231,0,0,0,18607.365,5784.931,9229.16,7.467,3739.195,0,-153.388,1006404.15,962259.901,43392.135,92499.222,33146.73,59352.492,726021.696,103.32,11361.96,66642.041,22239.527,13397.161,49.198,8793.168,0,44144.249,34304.553,34187.153,0,30.306,0,0,87.094,3376.582,-111.569,0,4970.931,1603.752,
1,2017,1202283.843,8203.016,29418.564,118355.293,76993.463,41421.17,-59.34,9613.772,9708.254,-94.482,193.703,855535.525,866885.307,-11349.782,0,0,0,146477.353,118097.616,38385.96,-10006.223,2579.505,0,2409.597,0,2409.597,253.04,-83.132,10348.52,5949.268,10993.326,-5044.058,0,0,0,4399.252,5553.128,-1153.876,0,0,0,21558.592,8480.653,9479.856,36,4173.428,0,-611.345,1202283.843,1153449.833,77535.398,91978.862,27076.31,64902.552,859985.173,0,11722.727,83738.429,28489.244,17055.068,92.616,11341.56,0,48834.01,34369.933,34187.153,0,30.306,0,0,152.474,4445.827,53.523,0,7092.011,2872.716,
1,2018,1313037.674,10507.558,50185.159,104113.34,81792.629,22430.353,-109.642,673.639,790.21,-116.571,79.755,976333.888,988738.78,-12404.892,0,0,0,133142.95,111419.195,29847.625,-8123.87,2613.521,0,2522.835,1938.687,584.148,213.32,-122.634,10666.712,6352.251,12099.549,-5747.298,0,0,0,4314.461,5671.933,-1357.472,0,0,0,24721.152,8851.907,11897.396,34.472,4589.192,0,-651.815,1313037.674,1258486.212,105297.399,79198.149,22064.492,57133.657,989671.155,0,12296.196,39991.361,32031.952,20726.439,90.753,11214.76,0,54551.462,34396.605,34187.153,0,30.306,0,0,179.146,4617.99,156.581,0,12341.426,3038.86,
1,2019,1489957.293,14116.72,135255.429,54290.18,43718.603,10717.769,-146.192,6346.19,6380.379,-34.189,92.13,1102365.849,1116997.985,-14632.136,0,0,0,138284.421,121819.089,23262.431,-6797.099,2737.661,0,2625.776,2020.226,605.55,214.679,-102.794,10604.686,6294.519,12784.828,-6490.309,0,0,0,4310.167,5866.116,-1555.949,0,0,0,25864.027,9159.704,12846.132,38.579,4460.435,0,-640.823,1489957.293,1412304.312,108760.008,76683.179,28904.853,47778.326,1114162.624,0,12386.421,62772.362,37539.718,24695.986,111.935,12731.797,0,77652.981,54780.413,40220.18,0,14292.382,0,0,267.851,5755.41,129.783,0,13856.938,3130.437,
1,2020,1516685.712,12294.193,49432.144,85347.858,62191.227,23295.457,-138.826,10169.711,10184.436,-14.725,167.933,1195239.968,1214295.916,-19055.948,0,0,0,125114.962,112192.338,13501.317,-578.693,2760.622,0,2643.474,2039.869,603.605,215.47,-98.322,10422.121,6162.33,13353.31,-7190.98,0,0,0,4259.791,6007.344,-1747.553,0,0,0,25736.2,9784.393,12821.354,37.087,3707.796,0,-614.43,1516685.712,1437039.1,17222.797,82260.848,40828.386,41432.462,1226673.942,0,12853.27,63236.692,34791.551,22428.269,113.813,12249.469,0,79646.612,54780.413,40220.18,0,14292.382,0,0,267.851,8064.281,49.915,0,13517.408,3234.595,
1,2021,1761695.792,12660.583,68851.444,135940.229,112042.988,24026.575,-129.334,6068.913,6083.165,-14.252,192.282,1325528.925,1354632.643,-29103.718,0,0,0,177088.795,111675.314,65711.393,-297.912,2847.647,0,2729.682,2134.086,595.596,215.617,-97.652,10741.232,6338.05,14264.308,-7926.258,0,0,0,4403.182,6407.788,-2004.606,0,0,0,21775.742,7838.68,10901.959,36.588,3567.089,0,-568.574,1761695.792,1675366.766,25340.018,98007.392,58953.639,39053.753,1380397.799,0,14349.996,123681.757,33589.804,21527.269,114.444,11948.091,0,86329.026,65145.472,50585.239,0,14292.382,0,0,267.851,9684.951,-367.882,0,8672.557,3193.928,
1,2022,2120609.384,13745.228,111418.448,221177.798,203466.918,17795.874,-84.994,1701.464,1748.521,-47.057,1038.214,1483995.823,1522221.714,-38225.891,0,0,0,235636.449,162283.083,73734.542,-381.176,2978.193,0,2871.541,2243.217,628.324,215.076,-108.424,10534.119,6097.956,14594.234,-8496.278,0,0,0,4436.163,6639.598,-2203.435,0,0,0,38383.648,22728.033,13016.124,35.542,3212.892,0,-608.943,2120609.384,2016419.389,152752.718,177221.298,137045.455,40175.843,1473598.15,0,13237.626,157051.601,42557.996,26051.633,97.371,16408.992,0,104189.995,66204.497,50585.239,0,15351.407,0,0,267.851,12447.663,-760.404,0,21576.1,4722.139,
1,2023,2300868.728,11029.204,51615.657,211812.201,197333.127,14564.284,-85.21,6972.474,7003.656,-31.182,0,1737195.822,1777664.882,-40469.06,0,0,0,222393.123,127572.432,95722.385,-901.694,3113.075,0,3012.284,2314.557,697.727,214.888,-114.097,11096.141,6401.362,15608.346,-9206.984,0,0,0,4694.779,7153.285,-2458.506,0,0,0,45641.031,25922.204,15552.516,36.982,4451.584,0,-322.255,2300868.728,2178001.839,35896.488,181830.99,143569.39,38261.6,1704690.185,328.155,12207.729,189486.736,53561.556,34433.979,94.15,19033.427,0,122866.889,72711.297,57004.359,0,15361.02,0,0,345.918,15662.247,-803.547,0,30330.738,4966.154,
1,2024,2760791.854,10772.89,92341.029,279971.515,268366.137,11686.232,-80.854,12734.06,12773.34,-39.28,663.256,2018043.649,2056082.42,-38038.771,0,0,0,277838.108,157918.828,121120.044,-1200.764,3423.594,0,3348.512,2608.671,739.841,182.914,-107.832,12119.817,6799.205,16745.119,-9945.914,0,0,0,5320.612,8103.328,-2782.716,0,0,0,52883.936,25770.364,23150.598,27.056,4239.918,0,-304,2760791.854,2615880.741,168388.958,232954.067,205610.785,27343.282,1953165.486,0,11981.467,198900.165,50490.598,28670.105,79.819,21740.674,0,144911.113,84788.796,68975.153,0,15361.02,0,0,452.623,19396.82,-701.036,0,36192.494,5234.039,
2,2015,779483.487,5090.768,11892.969,66018.789,64385.375,1633.414,0,3346.354,3373.406,-27.052,0,533530.118,538079.829,-4549.711,0,0,0,120024.229,108940.288,12928.649,-1844.708,3892.314,0,2782.845,0,2782.845,1131.164,-21.695,8665.767,4374.977,9746.338,-5371.361,0,0,0,4290.79,5090.892,-800.102,0,0,0,27022.179,10799.595,12863.853,0,3360.668,6.352,-1.937,779483.487,723373.341,13227.115,99169.216,43399.347,55769.869,492960.064,117.619,54237.247,20860.497,42801.583,5971.38,0,36711.027,119.176,56110.146,46208.778,37234.046,0,8974.732,0,0,0,5275.032,441.537,0,3942.373,242.426,
2,2016,948567.505,5187.132,13502.594,94469.281,91031.828,3437.453,0,1894.69,1974.67,-79.98,682.69,655089.226,661987.797,-6898.571,0,0,0,134226.686,125573.894,11743.021,-3090.229,3202.637,0,2774.766,0,2774.766,430.445,-2.574,10623.575,6422.388,12538.577,-6116.189,0,0,0,4201.187,5144.462,-943.275,0,0,0,29688.994,12573.436,14106.717,0,3010.388,4.537,-1.547,948567.505,888260.741,4808.417,85151.867,41346.232,43805.635,655060.148,0,6075.468,23849.453,113315.388,9944.825,0,103133.103,237.46,60306.764,46208.767,37234.046,0,8974.721,0,0,0,6366.898,480.011,0,6990.755,260.333,
2,2017,1095060.842,5979.833,20756.531,107510.487,101938.284,5572.203,0,3528.982,3602.443,-73.461,528.762,782385.236,790688.059,-8302.823,0,0,0,128392.765,125759.661,5133.392,-2500.288,3114.101,0,2704.255,0,2704.255,412.645,-2.799,11436.527,6386.736,13310.302,-6923.566,0,0,0,5049.791,6320.043,-1270.252,0,0,0,31427.618,13714.382,14523.919,0,3197.133,2.722,-7.816,1095060.842,1031295.559,15206.899,115158.765,68526.012,46632.753,752935.338,0,6364.158,22501.773,119128.626,12357.877,0,106429.185,341.564,63765.283,46208.756,37234.046,0,8974.71,0,0,0,7476.339,550.601,0,9233.969,295.618,
2,2018,1164289.661,7028.347,23182.208,130512.012,126276.846,4235.166,0,3131.835,3279.561,-147.726,281.166,851865.984,864925.948,-13059.964,0,0,0,102100.093,88586.344,16207.592,-2693.843,3317.405,0,2906.452,2906.452,0,412.645,-1.692,11139.862,6194.652,13919.662,-7725.01,0,0,0,4945.21,6447.395,-1502.185,0,0,0,31730.749,21741.493,6593.324,0,3404.868,0.907,-8.936,1164289.661,1096973.327,62600.159,111399.612,73941.924,37457.688,825816.119,0,5934.029,46216.359,45007.049,15820.561,0,28763.344,423.144,67316.334,46416.214,37234.046,0,8974.698,0,0,207.47,8167.617,599.602,0,11836.676,296.225,
2,2019,1240711.475,8282.726,24873.714,129388.518,123084.758,6303.76,0,3825.374,4051.245,-225.871,469.712,922325.251,935270.945,-12945.694,0,0,0,104615.279,97131.629,15367.993,-7884.343,3282.709,0,3018.057,3018.057,0,264.652,0,10996.975,6422.382,14817.602,-8395.22,0,0,0,4574.593,6302.326,-1727.733,0,0,0,32651.217,22349.498,6675.886,0,3636.91,0,-11.077,1240711.475,1163356.657,70602.893,109483.059,82538.04,26945.019,892785.228,0,5775.899,57066.353,27643.225,17835.374,0,9322.163,485.688,77354.818,46724.637,37234.046,0,8974.683,0,0,515.908,9610.061,626.014,0,19832.683,561.423,
2,2020,1341436.468,9930.181,57616.65,102532.818,92628.245,9904.573,0,5601.747,5723.16,-121.413,137.122,1002771.868,1015333.27,-12561.402,0,0,0,114941.998,112677.836,2616.778,-352.616,3335.507,0,3117.572,3117.572,0,240.662,-22.727,10811.098,6409.409,15445.093,-9035.684,0,0,0,4401.689,6387.313,-1985.624,0,0,0,33757.479,22822.852,7799.044,0,3208.896,0,-73.313,1341436.468,1256025.218,44597.188,128519.115,98537.44,29981.675,990331.285,0,2733.251,59875.57,29968.809,16085.37,38.008,13075.416,770.015,85411.25,46724.652,37234.046,0,8974.698,0,0,515.908,11605.468,481.781,0,26000.63,598.719,
2,2021,1531587.398,11330.659,23383.443,149316.646,129799.364,19517.282,0,2475.309,2522.807,-47.498,1454.79,1104872.665,1130667.767,-25795.102,0,0,0,177544.548,174973.469,2696.832,-125.753,3290.027,0,3073.356,3073.356,0,240.662,-23.991,10496.152,6192.822,15773.302,-9580.48,0,0,0,4303.33,6627.694,-2324.364,0,0,0,47423.159,34233.578,9856.571,0.338,3403.23,0,-70.558,1531587.398,1437937.887,33294.404,138833.846,33670.804,105163.042,1161848.113,0,2527.93,64496.785,36936.809,16867.319,0,19015.117,1054.373,93649.511,57548.112,48057.506,0,8974.698,0,0,515.908,13673.265,245.231,0,21488.131,694.772,
2,2022,1808429.764,11066.956,29727.11,242431.953,222454.66,19977.293,0,1406.183,1622.967,-216.784,3058.727,1245057.876,1274821.709,-29763.833,0,0,0,180312.848,178685.028,1696.778,-68.958,3519.441,0,3303.16,3303.16,0,234.462,-18.181,10202.191,6047.48,16190.83,-10143.35,0,0,0,4154.711,6779.297,-2624.586,0,0,0,81646.479,65993.812,12399.295,0,3314.998,0,-61.626,1808429.764,1700262.107,104779.302,209429.843,139932.528,69497.315,1249176.034,0,2392.201,91370.419,43114.308,21587.66,0.112,20487.746,1038.79,108167.657,57868.215,48057.506,0,8974.677,0,0,836.032,16074.632,120.993,0,33364.37,739.447,
2,2023,2032613.606,9759.58,40597.059,279841.639,259230.017,20611.622,0,2487.905,2676.13,-188.225,0,1445571.643,1473344.564,-27772.921,0,0,0,181210.531,180595.473,864.999,-249.941,3426.483,0,3206.452,3206.452,0,234.462,-14.431,10125.534,6133.262,16641.464,-10508.202,0,0,0,3992.272,6804.407,-2812.135,0,0,0,59593.232,41454.754,14761.581,0,3483.594,0,-106.697,2032613.606,1906741.786,21814.105,304321.721,259892.746,44428.975,1410899.038,555.946,2237.779,115375.727,51537.47,27999.187,0.171,22136.868,1401.244,125871.82,63510.626,53699.917,0,8974.677,0,0,836.032,19043.575,86.97,0,42369.429,861.22,
2,2024,2385387.732,11147.549,34431.657,378482.885,370530.038,7952.847,0,2798.875,2990.692,-191.817,0,1685290.589,1721954.714,-36664.125,0,0,0,214607.153,188557.477,26635.861,-586.185,3933.844,0,3706.673,3706.673,0,234.462,-7.291,10002.157,6149.216,17253.57,-11104.354,0,0,0,3852.941,6927.826,-3074.885,0,0,0,44693.023,27766.899,13312.631,4.369,3715.565,0,-106.441,2385387.732,2236883.024,154284.104,276141.255,253519.627,22621.628,1606316.685,390.841,2179.95,151678.09,45892.099,21026.493,0,22102.187,2763.419,148504.708,63583.999,53699.917,0,8974.677,0,0,909.405,25316.757,243.105,0,58390.118,970.729,
3,2015,874807.327,12117.983,43165.771,61472.998,61472.998,0,0,57.933,111.677,-53.744,14.602,618114.085,630478.892,-12364.807,0,0,0,115886.352,72669.829,49849.42,-6632.897,285.213,0,126.951,0,126.951,166.8,-8.538,7456.864,4880.784,4880.784,0,0,0,0,2576.08,2576.08,0,10.604,10.604,0,16224.922,0,0,0,16224.922,0,0,874807.327,832299.26,17126.98,3822.581,3822.581,0,763361.419,0,13652.45,12293.035,22042.795,0,0,22042.795,0,41672.453,29364.474,29003.641,0,12.151,-15.827,0,364.509,15329.092,0,37.548,-3058.661,0,
3,2016,1002463.235,11847.456,21510.898,51351.78,19167.837,32183.943,0,65.693,377.651,-311.958,22.943,733321.622,749091.083,-15769.461,0,0,0,158080.933,120230.903,50098.593,-12248.563,246.193,0,62.433,0,62.433,191.8,-8.04,8240.497,5337.248,13420.852,-8083.604,206.446,313.218,-106.772,2696.803,3499.832,-803.029,10.304,12.822,-2.518,17764.916,5452.99,11893.147,79.6,2420.197,0,-2081.018,1002463.235,958137.745,27185.688,3773.066,3553.183,219.883,866084.07,0,18060.996,16431.653,26602.272,15533.606,0.414,11068.252,0,44325.49,29602.893,29126.443,0,0,0,0,476.45,16762.782,0,239.186,-3035.347,755.976,
3,2017,1152486.895,12086.885,25881.205,73611.763,21245.492,52366.271,0,16.515,28.733,-12.218,1.279,864115.463,880396.143,-16280.68,0,0,0,150055.412,127585.873,45134.083,-22664.544,80.879,0,62.119,0,62.119,26.8,-8.04,8507.693,5654.436,14682.044,-9027.608,152.542,298.776,-146.234,2700.715,3610.761,-910.046,4.966,7.785,-2.819,18124.835,5476.532,11695.73,63.281,2859.857,0,-1970.565,1152486.895,1104028.29,36468.288,6129.005,5297.765,831.24,1007694.065,0,7554.04,16962.865,29220.027,19422.343,0.385,9797.299,0,48458.605,30852.543,30354.513,0,0,0,0,498.03,16692.251,0,223.104,-25.988,716.695,
3,2018,1282448.64,14300.108,31406.723,74165.408,40317.629,33847.779,0,4.782,11.828,-7.046,67.235,992787.39,1006442.014,-13654.624,0,0,0,139667.864,133903.521,12209.046,-6444.703,80.405,0,61.645,0,61.645,26.8,-8.04,9234.025,6759.305,16508.916,-9749.611,78.062,199.289,-121.227,2396.658,3450.544,-1053.886,4.666,7.785,-3.119,20730.034,6305.841,13526.779,46.317,1859.064,0,-1007.967,1282448.64,1224268.01,50521.162,7093.084,5871.49,1221.594,1103606.611,0,7171.536,24757.373,31118.244,19910.022,0.686,11207.536,0,58180.63,30915.388,30472.983,0,0,0,0,442.405,20135.778,0,223.104,6129.958,776.402,
3,2019,1452380.867,17342.465,93635.974,74433.539,46002.467,28431.072,0,4.728,11.846,-7.118,85.931,1103625.415,1123403.404,-19777.989,0,0,0,129977.544,126396.648,4658.938,-1078.042,80.277,0,53.477,0,53.477,33.1,-6.3,9706.794,7199.219,17913.415,-10714.196,36.5,139.201,-102.701,2471.075,3684.097,-1213.022,4.365,7.785,-3.42,23483.835,9997.822,12932.26,30.959,1595.521,0,-1072.727,1452380.867,1383139.07,42152.502,2569.021,2147.382,421.639,1269373.071,0,6599.919,28120.042,34324.515,24481.993,24.715,9817.807,0,69241.797,31033.858,30591.453,0,0,0,0,442.405,20036.844,0,223.104,17091.003,856.988,
3,2020,1568126.913,16603.314,108843.729,117951.402,81792.073,36159.329,0,17.998,25.453,-7.455,25.697,1189500.756,1213958.245,-24457.489,0,0,0,100416.438,96652.41,4758.684,-994.656,26.8,0,0,0,0,33.1,-6.3,10418.494,7957.012,19898.168,-11941.156,8.061,55.609,-47.548,2453.421,3815.943,-1362.522,4.065,7.785,-3.72,24318.22,11080.522,12014.821,6.763,2989.168,0,-1773.054,1568126.913,1495042.618,4600.777,2362.967,2031.967,331,1404875.777,0,6271.318,40205.214,36726.565,25750.885,23.035,10952.645,0,73084.295,31152.545,30709.923,0,0,0,0,442.622,22523.557,0,223.104,18209.907,975.182,
3,2021,1695932.701,19217.844,148144.147,154762.482,93803.134,60959.348,0,65.901,68.234,-2.333,52.61,1281865.49,1316448.964,-34583.474,0,0,0,62458.831,58403.666,4758.684,-703.519,26.8,0,0,0,0,33.1,-6.3,10531.941,8146.963,21370.385,-13223.422,1.101,23.437,-22.336,2383.877,3831.202,-1447.325,0,0,0,18806.655,8222.793,9531.438,1.942,2793.63,0,-1743.148,1695932.701,1619845.361,1417.17,3448.399,2787.189,661.21,1542504.377,0,5788.025,28560.772,38126.618,24881.912,13.244,13231.462,0,76087.34,34770.767,34328.393,0,0,0,0,442.374,31087.129,0,223.104,8839.4,1166.94,
3,2022,1874839.155,19190.635,7954.314,193240.16,191797.535,1442.625,0,9.089,9.91,-0.821,599.758,1407966.059,1444801.761,-36835.702,0,0,0,214012.971,154788.395,59873.942,-649.366,26.8,0,0,0,0,33.1,-6.3,10801.834,8486.267,23002.92,-14516.653,0.743,20.446,-19.703,2314.824,3842.9,-1528.076,0,0,0,21037.535,9970.636,10957.95,1.5,1872.727,0,-1765.278,1874839.155,1787841.602,5907.133,32502.466,32116.38,386.086,1623935.082,0,4956.574,78462.847,42077.5,28708.588,6.165,13362.747,0,86997.553,34889.237,34446.863,0,0,0,0,442.374,31149.124,0,223.104,19455.936,1280.152,
3,2023,2044927.375,15214.944,22882.727,283335.334,282442.859,892.475,0,10.459,10.75,-0.291,0,1514144.67,1552157.827,-38013.157,0,0,0,174322.712,97779.755,77212.166,-669.209,26.8,0,0,0,0,33.1,-6.3,11265.565,8785.207,24583.98,-15798.773,0.544,19.247,-18.703,2479.814,4158.402,-1678.588,0,0,0,23724.164,8293.242,13674.966,2.118,3510.221,0,-1756.383,2044927.375,1944391.521,1276.596,2743.201,2189.173,554.028,1817271.03,1628.985,3736.982,60559.038,57175.689,39837.191,5.878,17332.62,0,100535.854,41846.893,41268.833,0,0,0,0,578.06,42872.071,0,223.104,14246.038,1347.748,
3,2024,2234854.221,16991.829,26821.585,226735.054,226735.054,0,0,406.15,414.716,-8.566,3583.161,1685103.439,1723382.194,-38278.755,0,0,0,241629.984,167248.323,75169.979,-788.318,26.8,0,0,0,0,33.1,-6.3,11461.031,9032.652,26214.911,-17182.259,0.346,19.247,-18.901,2428.033,4225.06,-1797.027,0,0,0,22095.188,7649.733,12937.769,2.541,2319.918,0,-814.773,2234854.221,2110786.465,1022.97,38429.655,37506.764,922.891,1914664.361,0,2644.488,108146.541,45878.45,30269.026,3.628,15605.796,0,124067.756,52216.663,51638.603,0,0,0,0,578.06,42876.508,0,223.104,27406.375,1345.106,
4,2015,674394.64,8519.334,19715.035,131527.373,92587.537,38939.836,0,9925.046,9941.389,-16.343,0.628,379113.059,387722.937,-8609.878,0,0,0,107597.495,42468.041,65818.278,-688.824,3556.75,0,763.121,0,763.121,2829.418,-35.789,5039.473,3385.622,7661.735,-4276.113,0,0,0,1653.851,2211.799,-557.948,0,0,0,9400.447,2953.963,4849.535,1.943,1596.073,0,-1.067,674394.64,629222.298,41479.553,72135.381,51743.682,20391.699,501162.55,0,0,2479.07,11965.744,4988.305,19.444,6957.995,0,45172.342,32420.681,26650.203,0,5725.318,0,0,45.16,4941.362,79.969,89.222,7475.808,165.3,
4,2016,787935.088,9692.053,17382.418,151845.57,103236.053,48609.517,0,4233.529,4271.362,-37.833,230.658,452721.687,460808.44,-8086.753,0,0,0,131771.107,51931.95,80019.284,-180.127,3627.814,0,812.743,0,812.743,2829.418,-14.347,5729.637,3726,8632.207,-4906.207,0,0,0,2003.637,2603.156,-599.519,0,0,0,10700.615,2958.093,5791.137,1.943,1950.379,0,-0.937,787935.088,739789.532,54151.413,72238.405,53282.23,18956.175,590451.344,0,0,10286.376,12661.994,6454.174,18.461,6189.359,0,48145.556,36022.846,35977.686,0,0,0,0,45.16,5936.667,84.245,83.285,5874.992,143.521,
4,2017,1035293.283,10102.861,93615.618,232973.403,159043.345,73930.058,0,9669.033,9750.244,-81.211,832.354,535321.404,543434.46,-8113.056,0,0,0,129952.272,34688.298,95404.021,-140.047,3552.828,0,872.001,0,872.001,2705.966,-25.139,6162.361,4198.053,9701.927,-5503.874,0,0,0,1964.308,2606.775,-642.467,0,0,0,13111.149,4505.735,6025.653,5.548,2576.228,0,-2.015,1035293.283,982735.324,171385.068,66942.203,55803.878,11138.325,708519.717,0,23.153,18214.504,17650.679,8467.337,20.052,9163.29,0,52557.959,36321.931,35977.686,0,0,0,0,344.245,7253.682,94.485,83.285,8715.252,89.324,
4,2018,1074026.56,12792.045,10845.701,250228.037,187352.5,63875.537,-1000,2654.806,2725.051,-70.245,275.983,621573.249,631866.758,-10293.509,0,0,0,149296.43,35321.259,114251.03,-275.859,2476.067,0,907.647,897.308,10.339,1635.418,-66.998,6527.466,4459.292,10534.068,-6074.776,0,0,0,2068.174,2772.517,-704.343,0,0,0,17356.776,4065.268,7409.149,6.74,5879.141,0,-3.522,1074026.56,1011847.181,90685.315,76524.079,75245.679,1278.4,801929.115,0,25.803,21461.132,21221.737,8717.54,19.295,12484.902,0,62179.379,36322.343,35977.686,0,0,0,0,344.657,9445.732,84.45,119.178,16138.687,68.989,
4,2019,1222718.858,13778.358,34684.091,249470.372,190100.329,62370.043,-3000,1801.126,1889.628,-88.502,98.312,724290.102,734706.891,-10416.789,0,0,0,167529.689,35699.09,132271.302,-440.703,2464.493,0,951.67,940.807,10.863,1587.823,-75,6710.443,4449.649,11161.239,-6711.59,0,0,0,2260.794,3050.669,-789.875,0,0,0,21891.872,8829.375,8150.156,405.543,4510.592,0,-3.794,1222718.858,1141835.876,92365.806,73617.085,71046.512,2570.573,928450.869,0,20.431,21383.932,25997.753,10382.357,22.023,15593.373,0,80882.982,42428.82,37088.774,0,4995.389,0,0,344.657,12186.141,16.361,113.011,26055.19,83.459,
4,2020,1326230.092,15095.394,33139.373,267969.645,204713.783,64255.862,-1000,1954.061,1991.861,-37.8,0,820545.467,839788.261,-19242.794,0,0,0,156931.097,42148.831,115382.544,-600.278,2239.006,0,726.183,714.935,11.248,1587.823,-75,8539.362,5411.139,12866.189,-7455.05,0,0,0,3128.223,4211.88,-1083.657,0,0,0,19816.687,6668.595,7206.125,909.263,5036.638,0,-3.934,1326230.092,1232135.113,41176.995,103583.833,100916.433,2667.4,1032113.567,52.031,14.679,21240.197,33953.811,9797.834,0,24155.977,0,94094.979,42428.821,37088.774,0,4995.389,0,0,344.658,14925.803,5.103,0,36650.228,85.024,
4,2021,1414672.587,18011.766,22506.711,225764.546,181036.981,48727.565,-4000,2766.098,2822.531,-56.433,303.202,934774.287,960749.955,-25975.668,0,0,0,170604.7,71122.502,99657.595,-175.397,2346.176,0,759.715,748.895,10.82,1661.461,-75,8626.043,5552.624,13725.16,-8172.536,0,0,0,3073.419,4622.229,-1548.81,0,0,0,28969.058,15796.141,7149.313,7.137,6020.487,0,-4.02,1414672.587,1305555.194,9468.116,109757.777,104043.817,5713.96,1135323.913,0,7.707,17387.747,33609.934,9326.334,0,24283.6,0,109117.393,42428.821,37088.774,0,4995.389,0,0,344.658,18173.068,-5.109,0,48433.5,87.113,
4,2022,1813815.17,18348.534,92557.809,313637.444,283727.719,40749.725,-10840,1499.687,1543.575,-43.888,156.515,1120286.832,1145066.25,-24779.418,0,0,0,196171.213,100739.67,95513.376,-81.833,2193.535,0,782.389,771.075,11.314,1529.145,-117.999,7985.4,5170.083,13950.174,-8780.091,0,0,0,2815.317,4789.089,-1973.772,0,0,0,60978.201,24483.406,9209.121,958.065,26339.829,0,-12.22,1813815.17,1678169.085,67314.816,232510.85,222040.585,10470.265,1243468.471,0,3.298,25337.894,109533.756,12485.332,0,97048.424,0,135646.085,53130.392,47325.166,0,4995.389,0,0,809.837,22556.958,-863.071,0,60733.423,88.383,
4,2023,1839613.198,14504.849,58104.503,336468.607,312001.875,30175.707,-5708.975,2495.408,2511.395,-15.987,0,1241675.333,1270359.018,-28683.685,0,0,0,145780.067,67882.48,78009.747,-112.16,2224.945,0,838.225,826.152,12.073,1529.145,-142.425,7708.181,5115.612,14714.588,-9598.976,0,0,0,2592.569,4906.881,-2314.312,0,0,0,30651.305,11790.173,9200.022,848.268,8828.305,0,-15.463,1839613.198,1674600.532,1670.837,213838.98,193963.218,19875.762,1395697.611,117.752,0.365,19912.623,43362.364,19527.028,0,23835.336,0,165012.666,61696.139,55890.913,0,4995.389,0,0,809.837,27447.116,-983.237,0,76758.658,93.99,
4,2024,2085873.522,14268.064,49340.493,389951.898,384031.89,6920.008,-1000,4876.237,4908.527,-32.29,1314.434,1418015.724,1449198.899,-31183.175,0,0,0,167383.349,86799.901,80829.54,-246.092,2228.098,0,774.176,763.736,10.44,1528.922,-75,8092.877,5530.579,15808.302,-10277.723,0,0,0,2562.298,5072.735,-2510.437,0,0,0,30402.348,14040.294,8868.303,991.748,6516.04,0,-14.037,2085873.522,1889664.354,78237.337,234533.958,223171.381,11362.577,1514664.85,0,0.529,24125.059,38102.621,13990.276,0,24112.345,0,196209.168,61696.139,55890.913,0,4995.389,0,0,809.837,37052.974,-968.292,0,98332.086,96.261,
5,2015,201456.985,2806.088,4608.68,10122.2,5971.691,4350.65,-200.141,100.457,103.034,-2.577,47.603,133807.454,135348.271,-1540.817,0,0,0,38679.144,11941.248,28821.509,-2083.613,208.219,0,1.593,0,1.593,217.204,-10.578,2479.567,2054.258,3219.139,-1164.881,0,0,0,425.309,597.295,-171.986,61.921,62.643,-0.722,8535.652,5640.657,2798.476,2.8,657.011,0,-563.292,201456.985,188669.443,5178.981,2433.33,2097.789,335.541,174918.997,0,161.678,3075,2901.457,1741.689,0,1159.768,0,12787.542,8711.24,9376.965,0,0,-665.725,0,0,2374.178,0,0,1702.124,0,
5,2016,233680.877,3541.388,5119.306,8152.027,6443.182,1880.725,-171.88,1183.306,1211.314,-28.008,16.065,161604.426,163401.221,-1796.795,0,0,0,42801.465,10962.613,34824.159,-2985.307,190.194,0,1.626,0,1.626,199.537,-10.969,2850.558,2338.722,3682.372,-1343.65,0,0,0,511.836,722.821,-210.985,211.872,212.954,-1.082,8010.27,4620.331,3241.224,0,666.881,0,-518.166,233680.877,219618.161,0,2235.115,1735.365,499.75,207051.269,0,122.697,6615,3594.08,2281.452,0.462,1312.166,0,14062.716,8711.24,9376.965,0,0,-665.725,0,0,2590.181,0,0,2761.295,0,
5,2017,284316.123,4851.71,8314.574,8941.727,5932.369,3163.119,-153.761,1236.555,1239.991,-3.436,0,196668.756,198513.394,-1844.638,0,0,0,52718.405,8007.491,45151.482,-440.568,190.042,0,1.668,0,1.668,193.927,-5.553,3007.618,2474.83,4048.359,-1573.529,0,0,0,532.788,790.433,-257.645,256.132,257.855,-1.723,8130.604,5326.279,3567.819,17.603,690.994,0,-1472.091,284316.123,268285.276,0,15453.746,12130.254,3323.492,241392.932,10.491,136.466,6761,4530.641,2815.502,0,1715.139,0,16030.847,9607.514,10273.239,0,0,-665.725,0,0,2913.78,0,0,3509.553,0,
5,2018,329333.241,6129.169,10683.536,18769.776,12983.626,5926.542,-140.392,1177.972,1339.157,-161.185,0,227983.048,230527.22,-2544.172,0,0,0,53380.061,8201.643,45635.016,-456.598,155.975,0,1.398,0.933,0.465,159.927,-5.35,3233.388,2640.643,4414.779,-1774.136,0,0,0,592.745,894.744,-301.999,247.454,249.749,-2.295,7572.862,4393.501,3456.607,65.503,982.213,0,-1324.962,329333.241,308315.342,3074.1,20718.382,17173.804,3544.578,269998.503,38.198,160.093,8290.918,6035.148,3409.191,0,2625.957,0,21017.899,12220.152,12885.877,0,0,-665.725,0,0,3693.069,0,0,5104.678,0,
5,2019,383514.439,6437.812,10420.306,30341.599,19390.796,11051.317,-100.514,2985.262,3145.903,-160.641,87.753,266164.852,268700.541,-2535.689,0,0,0,55956.16,10601.503,45821.522,-466.865,97.884,0,1.441,0.902,0.539,101.827,-5.384,3770.219,2721.1,4737.359,-2016.259,0,0,0,1049.119,1409.414,-360.295,361.676,364.877,-3.201,6890.916,3740.459,3676.311,23.041,1054.539,0,-1603.434,383514.439,355749.08,0,19248.572,16673.949,2574.623,308129.391,0,156.147,20830.836,7384.134,4362.77,0,3021.364,0,27765.359,16799.171,16627.373,0,271.779,-99.981,0,0,4595.902,0,0,6370.286,0,
5,2020,444530.104,6967.918,16616.798,31671.245,23311.116,8360.129,0,6167.917,6285.763,-117.846,54.473,308528.625,311478.989,-2950.364,0,0,0,63399.011,10790.432,53048.264,-439.685,99.489,0,2.967,0.856,2.111,101.827,-5.305,3782.753,2716.915,4949.479,-2232.564,0,0,0,1065.838,1495.882,-430.044,348.778,356.358,-7.58,6893.097,3045.69,3638.207,50.724,1115.297,0,-956.821,444530.104,409081.941,0,23875.242,15081.349,8793.893,353195.838,0,116.705,22049.697,9844.459,5097.042,0.067,4747.35,0,35448.163,21887.364,21615.585,0,271.779,0,0,0,5741.759,0,0,7819.04,0,
5,2021,527769.944,7509.877,32349.574,49818.776,43713.23,6105.546,0,11259.731,11325.371,-65.64,226.545,356050.95,361912.538,-5861.588,0,0,0,59474.604,9739.539,49743.071,-8.006,171.925,0,0,0,0,299.317,-127.392,3762.548,2685.07,5123.414,-2438.344,0,0,0,1077.478,1579.813,-502.335,216.027,216.027,0,6929.387,3023.499,3171.877,44.37,869.602,0,-179.961,527769.944,482869.035,0,54393.939,41380.571,13013.368,379920.669,0,86.066,30547.883,17920.478,4637.581,0,13282.897,0,44900.909,27291.26,27019.481,0,271.779,0,0,0,7164.297,0,0,10445.352,0,
5,2022,607875.185,8460.892,13657.531,85971.313,82338.762,3682.551,-50,1131.327,1320.941,-189.614,100.072,408856.508,413706.244,-4849.736,0,0,0,75534.794,31854.915,43679.879,0,146.814,0,0,0,0,303.387,-156.573,3981.376,2849.732,5523.787,-2674.055,0,0,0,1131.644,1709.488,-577.844,177.005,177.005,0,9857.553,4756.992,4089.55,63.966,1143.212,0,-196.167,607875.185,549436.522,505.876,67840.84,60002.732,7838.108,413952.789,0,60.188,44304.367,22772.462,5564.271,0,17208.191,0,58438.663,34046.13,33774.351,0,271.779,0,0,0,9220.125,0,0,15172.408,0,
5,2023,718794.589,6909.3,18504.814,114873.931,114644.002,279.929,-50,7177.069,7323.489,-146.42,0,482234.9,487601.852,-5366.952,0,0,0,73463.347,44903.768,28559.579,0,140.025,0,0,0,0,303.387,-163.362,4762.561,3317.568,6256.911,-2939.343,0,0,0,1444.993,2101.677,-656.684,177.005,177.005,0,10551.637,5316.951,4282.669,33.722,1117.08,0,-198.785,718794.589,647838.628,0.088,89506.662,80719.473,8787.189,482702.731,117.126,41.534,52410.014,23060.473,7682.185,0,15378.288,0,70955.961,39112.283,38840.504,0,271.779,0,0,0,11557.435,0,0,20286.243,0,
5,2024,864005.703,5696.449,25219.753,117882.259,117781.28,150.979,-50,3881.151,4029.088,-147.937,55.992,573946.692,580686.248,-6739.556,0,0,0,121090.243,108918.477,12171.766,0,124.935,0,0,0,0,292.867,-167.932,5412.37,3222.198,6504.276,-3282.078,0,0,0,2190.172,2950.265,-760.093,177.005,177.005,0,10518.854,4299.649,4954.367,17.318,1425.899,0,-178.379,864005.703,780544.025,7954.853,111591.668,91573.962,20017.706,537304.578,0,28.008,101650.446,22014.472,7045.361,0,14969.111,0,83461.678,44938.358,44666.579,0,271.779,0,0,0,14789.568,0,0,23733.752,0,
6,2015,221041.993,1235.658,8181.894,28658.95,17784.947,11143.003,-269,3469.067,3614.309,-145.242,96.437,119372.248,121348.63,-1976.382,0,0,0,46760.198,39513.026,8070.136,-822.964,1606.122,0,362.47,0,362.47,1464.944,-221.292,1931.689,731.085,1820.179,-1089.094,0,0,0,1200.604,1574.714,-374.11,298.451,301.988,-3.537,9431.279,5657.166,2865.221,1.805,1121.905,0,-214.818,221041.993,197858.942,1411.502,7509.486,3483.599,4025.887,181565.384,0,317.958,2450.058,4604.554,1786.044,0,2818.51,0,23183.051,16718.524,16000,0,718.524,0,0,0,2241.691,0,0,3633.134,589.702,0.0
6,2016,256258.5,1519.952,10002.478,26952.799,12885.093,14263.922,-196.216,925.995,1060.665,-134.67,53.419,148687.389,150737.702,-2050.313,0,0,0,53285.92,46225.522,8681.353,-1620.955,842.259,0,108.761,0,108.761,866.557,-133.059,2457.844,1514.214,2852.268,-1338.054,0,0,0,943.63,1404.148,-460.518,149.175,155.728,-6.553,11381.27,7401.546,2929.142,1.641,1556.606,84.835,-507.665,256258.5,229670.054,0,24712.976,12836.651,11876.325,194812.397,0,258.17,2366.953,7519.558,2345.611,0,5173.947,0,26588.446,17955.606,17127.409,0,828.197,0,0,0,2697,0,0,4699.337,1236.503,0.0
6,2017,313877.828,1842.032,6683.682,53497.402,38765.361,14928.041,-196,2804.525,2839.964,-35.439,121.592,182062.458,184188.142,-2125.684,0,0,0,50677.071,43091.877,7945.077,-359.883,984.562,0,50.061,0,50.061,1064.147,-129.646,2604.46,1586.633,3083.031,-1496.398,0,0,0,1017.827,1602.987,-585.16,92.783,100.296,-7.513,12507.261,8973.94,2840.641,1.436,1616.961,75.409,-925.717,313877.828,284276.658,1847.879,46101.157,36212.214,9888.943,220176.022,0,297,6022.222,9832.378,2755.868,0,7076.51,0,29601.17,18983.251,18155.054,0,828.197,0,0,0,3209.154,0,0,5977.328,1431.437,0.0
6,2018,362325.062,1736.571,10548.084,45061.628,35363.429,9894.199,-196,577.672,684.035,-106.363,0,211474.953,214685.958,-3211.005,0,0,0,73731.314,70467.404,3522.144,-258.234,728.043,0,0,0,0,931.653,-203.61,2699.314,1586.152,3268.459,-1682.307,0,0,0,1113.162,1823.153,-709.991,30.813,30.813,0,15736.67,10325.119,3429.433,15.777,2267.608,66.658,-301.267,362325.062,328152.204,2632.894,60470.881,40692.932,19777.949,239964.318,5.634,319.963,11157.638,13600.876,2821.056,16.656,10763.164,0,34172.858,21632.348,21604.514,0,0,0,0,27.834,3887.135,0,0,7123.671,1529.704,0.0
6,2019,411487.575,2344.291,14347.18,39691.364,29338.805,10548.559,-196,1167.809,1196.887,-29.078,14.836,247129.71,250330.623,-3200.913,0,0,0,85628.999,82723.727,3196.877,-291.605,887.017,0,0,0,0,1037.453,-150.436,2798.062,1642.003,3585.813,-1943.81,0,0,0,1156.059,1980.168,-824.109,30.813,30.813,0,17447.494,11471.145,3771.711,3.699,2475.062,57.135,-274.123,411487.575,371601.761,16.836,50314.052,29550.155,20763.897,272709.512,0,302.126,26288.629,21970.606,4598.544,12.097,17359.965,0,39885.814,22718.445,23727.323,0,0,-1036.712,0,27.834,4936.914,0,0,10342.49,1887.965,0.0
6,2020,494982.162,3109.23,17296.506,47888.802,41939.499,5949.303,0,3085.227,3102.03,-16.803,37.106,293942.764,298296.983,-4354.219,0,0,0,99713.646,96775.364,3374.241,-435.959,885.231,0,0,0,0,1026.562,-141.331,4310.919,3088.524,5387.069,-2298.545,0,0,0,1222.395,2277.564,-1055.169,247.898,249.674,-1.776,24464.833,18445.213,3782.321,3.436,2280.224,47.613,-46.361,494982.162,444882.667,15.383,50876.472,24984.148,25892.324,310960.354,0,207.341,50923.563,31899.554,4765.744,4.651,27129.159,0,50099.495,28725.68,27987.569,0,1177.563,-564.397,0,124.945,6224.836,0,0,12955.988,2192.991,0.0
6,2021,607140.419,3475.341,38051.039,35983.193,24155.189,11908.86,-80.856,7575.274,7582.673,-7.399,274.294,354797.094,363554.778,-8757.684,1.766,3.585,-1.819,128806.244,124551.916,4677.084,-422.756,803.208,0,0,0,0,940.84,-137.632,4678.447,3213.906,6083.517,-2869.611,0,0,0,1464.541,2923.616,-1459.075,268.999,285.3,-16.301,32425.52,23923.205,4599.328,0.537,3961.963,38.09,-59.513,607140.419,544654.396,262.281,59560.384,13870.641,45689.743,384692.155,0,1998.703,66886.924,31253.949,5077.89,0,26176.059,0,62486.023,39318.356,37783.218,0,869.327,0,0,665.811,7341.33,0,0,12915.149,2911.188,0.0
6,2022,728532.373,3744.1,39654.541,32937.21,24835.507,8102.398,-0.695,4105.55,4107.47,-1.92,69.503,448598.622,460574.482,-11975.86,1006.733,1019.898,-13.165,159580.028,154506.192,5475.361,-401.525,625.267,0,0,0,0,768.763,-143.496,5073.508,3457.561,7110.562,-3653.001,0,0,0,1615.947,3565.092,-1949.145,236.177,250.155,-13.978,32901.134,20160.561,6786.414,10.986,6174.673,28.568,-231.5,728532.373,648919.154,31.788,65116.779,33059.306,32057.473,443605.638,0,2002.722,96578.125,41584.102,7688.257,0,33895.818,0.027,79613.219,47596.709,45339.861,0,869.327,0,0,1387.521,9288.618,0,0,19063.767,3664.125,0.0
6,2023,944953.64,3675.394,66321.652,46343.813,39119.633,7229.607,-5.427,44250.788,44251.4,-0.612,141.294,599579.267,611048.83,-11469.563,1789.868,1848.863,-58.995,147923.205,143010.711,5387.952,-475.458,615.785,0,0,0,0,779.587,-163.802,4854.186,3194.404,7732.608,-4538.204,0,0,0,1659.782,4196.144,-2536.362,240.294,260.415,-20.121,29218.094,14289.084,8668.557,28.71,6406.669,19.045,-174.926,944953.64,848242.481,8.738,99810.466,68812.883,30997.583,567532.577,0,2799.863,126463.11,51627.727,13390.191,0,38236.542,0.994,96711.159,54938.426,52140.841,0,869.327,0,0,1928.258,12193.931,45.939,0,25559.753,3973.11,0.0
6,2024,1128801.062,3349.166,29825.253,76785.622,63887.837,12903.651,-5.866,7931.655,7931.834,-0.179,0,765047.985,776657.846,-11609.861,951.509,1041.362,-89.853,209637.377,205507.956,4612.504,-483.083,609.477,0,0,0,0,775.67,-166.193,5430.416,3750.696,9014.672,-5263.976,0,0,0,1679.72,4976.669,-3296.949,234.115,260.415,-26.3,28998.487,14360.628,8918.622,38.912,5873.749,9.523,-193.424,1128801.062,1011741.481,8156.285,110169.585,79515.61,30653.975,714154.479,191.545,2793.453,128964.033,47312.101,9899.902,0,37411.147,1.052,117059.581,56295.833,53063.241,0,1304.334,0,0,1928.258,14996.847,137.797,0,40718.224,4910.88,0.0
7,2015,191993.602,2754.299,2677.303,14762.552,7488.015,7274.537,0,1875.993,1885.098,-9.105,0,111012.648,112179.889,-1167.241,30.629,32.241,-1.612,45017.189,39243.607,6902.35,-1128.768,597.151,0,0,0,0,601.23,-4.079,882.081,538.147,1341.998,-803.851,0,0,0,343.934,668.49,-324.556,1310.184,1442.827,-132.643,11073.573,10043.38,3046.539,2.645,595.485,39.529,-2614.476,191993.602,175536.036,0,20745.99,8079.207,12666.783,142239.546,85.891,336.421,8133.896,3994.292,2086.665,0,1907.627,0,16457.566,8878.079,8878.079,0,0,0,0,0,4744.903,0,0,2834.584,0,
7,2016,235363.136,2956.708,2533.875,21598.874,9058.942,12539.932,0,8024.62,8035.905,-11.285,0,141120.529,142616.004,-1495.475,18.493,19.466,-0.973,45674.924,38575.369,8560.113,-1460.558,577.746,0,0,0,0,582.672,-4.926,1582.722,576.836,1518.287,-941.451,0,0,0,1005.886,1423.05,-417.164,1278.536,1447.256,-168.72,9996.109,6829.557,3992.328,27.659,650.888,29.647,-1504.323,235363.136,215776.66,1447.97,24886.126,15114.917,9771.209,173448.929,67.892,587.383,10414.842,4923.518,2195.582,0,2727.936,0,19586.476,8878.079,8878.079,0,0,0,0,0,5219.182,0,0,5489.215,0,
7,2017,269392.38,2344.362,4279.431,30155.807,16243.054,13912.753,0,6758.094,6775.118,-17.024,36.292,158964.456,160849.037,-1884.581,10.332,12.092,-1.76,51542.484,46018.398,5715.484,-191.398,9.683,0,0,0,0,12.084,-2.401,1511.446,569.789,1602.956,-1033.167,0,0,0,941.657,1449.616,-507.959,1238.03,1442.827,-204.797,12541.963,9417.589,3876.528,1.773,557.642,19.765,-1311.569,269392.38,242461.635,1000,46323.825,21274.375,25049.45,170970.833,0,0,17639.97,6527.007,2764.162,0,3762.845,0,26930.745,9777.116,11655.307,0,2165.058,-4043.249,0,0,6156.928,0,0,10996.701,0,
7,2018,320988.941,2606.467,10555.483,35559.363,24169.512,11389.851,0,7572.229,7583.09,-10.861,0,157554.103,159939.217,-2385.114,0,1.682,-1.682,86512.348,66625.261,20236.2,-349.113,12.223,0,0,0,0,12.883,-0.66,1718.596,788.016,1835.272,-1047.256,0,0,0,930.58,1540.037,-609.457,1196.324,1435.699,-239.375,17701.805,11322.256,5737.907,0,717.481,0,-75.839,320988.941,269206.236,6025.027,36425.56,28973.455,7452.105,201414.532,310.313,0,13177.959,11852.845,3424.068,0,8428.777,0,51782.705,35442.539,34965.922,0,476.617,0,0,0,3867.846,0,0,12403.003,69.317,
7,2019,383699.461,4820.627,3192.256,47990.224,38596.42,9393.804,0,10041.556,10052.963,-11.407,0,227885.283,230802.027,-2916.744,0,1.682,-1.682,66054.597,66158.709,202.006,-306.118,12.223,0,0,0,0,12.883,-0.66,3207.777,793.484,1761.468,-967.984,0,0,0,2414.293,3086.148,-671.855,1160.524,1435.699,-275.175,19334.394,12954.103,5553.724,0,1055.475,0,-228.908,383699.461,321626.694,0,61266.635,38632.337,22634.298,231296.761,434.008,0,17460.634,11168.656,3479.31,0,7689.346,0,62072.767,35477.967,35001.4,0,476.567,0,0,0,5172.684,0,0,21131.391,290.725,
7,2020,439602.933,3663.615,10253.324,28994.954,21112.63,7882.324,0,8347.576,8357.447,-9.871,0,275310.367,277524.615,-2214.248,0,1.682,-1.682,84447.241,84632.952,200,-385.711,11.806,0,0,0,0,12.466,-0.66,4613.423,1470.942,2416.349,-945.407,0,0,0,3142.481,3923.203,-780.722,1124.724,1435.699,-310.975,22835.903,16572.411,5184.822,0,1268.562,0,-189.892,439602.933,364988.147,0,47484.812,21232.089,26252.723,277458.651,266.926,0,27899.64,11878.118,3252.009,0,8626.109,0,74614.786,35525.569,35049.062,0,476.507,0,0,0,6789.643,0,0,31815.705,483.869,
7,2021,568728.95,3578.643,4908.529,70515.258,39450.727,31064.531,0,5070.812,5074.479,-3.667,293.768,343605.581,347341.244,-3735.663,133.418,136.108,-2.69,97586.088,98092.062,200,-705.974,12.813,0,0,0,0,13.962,-1.149,7224.481,3628.732,4824.092,-1195.36,0,0,0,3595.749,4541.141,-945.392,1088.924,1435.699,-346.775,34710.635,28117.18,5807.801,17.46,1448.617,0,-680.423,568728.95,475687.478,0.842,112458.691,45606.142,66852.549,314752.525,0,0,33679.824,14795.596,3121.881,0,11673.715,0,93041.472,35585.622,35109.148,0,476.474,0,0,0,9155.896,0,0,47453.056,846.898,
7,2022,699032.544,4215.721,11475.59,82873.754,69925.143,13049.711,-101.1,961.034,961.034,0,0,415752.256,420523.705,-4771.449,107.725,110.221,-2.496,103651.92,104031.921,0,-380.001,12.813,0,0,0,0,13.962,-1.149,8411.382,3696.812,5156.346,-1459.534,0,0,0,4714.57,5913.538,-1198.968,1053.124,1435.699,-382.575,70517.225,61609.133,8028.73,61.05,1616.735,0,-798.423,699032.544,585607.578,7.826,167562.969,61293.738,106269.231,358403.785,1851.213,0,34006.619,23775.166,6144.022,0,17631.144,0,113424.966,36204.797,35172.385,0,476.415,0,0,555.997,11608.569,0,0,64482.685,1128.915,
7,2023,849482.012,3620.695,27140.592,104072.32,80126.897,24046.523,-101.1,4432.778,4432.778,0,143.611,512513.672,518641.568,-6127.896,82.033,84.335,-2.302,104993.945,105356.248,0,-362.303,3046.245,0,0,0,0,3047.394,-1.149,8892.697,3527.586,5492.566,-1964.98,0,0,0,5365.111,7198.784,-1833.673,0,0,0,80543.424,69834.157,9681.14,70.409,1650.584,0,-692.866,849482.012,717865.947,0.131,153173.002,50619.678,102553.324,454660.779,0,0,84703.3,25328.735,9418.75,0,15909.985,0,131616.065,36257.461,35225.108,0,476.356,0,0,555.997,45028.627,0,0,49013.144,1316.833,
7,2024,978798.549,3384.77,54353.153,84590.474,74887.085,9884.539,-181.15,9000.644,9000.895,-0.251,0,623634.271,631724.964,-8090.693,141.628,144.38,-2.752,148623.636,142202.792,6900,-479.156,3102.523,0,0,0,0,3103.672,-1.149,12466.885,6576.699,9080.615,-2503.916,0,0,0,5890.186,8485.022,-2594.836,0,0,0,39500.565,29540.943,8125.964,79.856,1818.676,0,-64.874,978798.549,830858.928,11.531,132239.088,72210.834,60028.254,533392.35,931.231,0,140422.321,23862.407,7281.567,0,16580.84,0,147939.621,78412.544,70648.517,0,-0.059,0,0,7764.086,24787.305,0,0,42219.306,2520.466,
8,2015,193876.428,1632.425,2261.499,14599.675,8729.745,5870.661,-0.731,2043.647,2046.735,-3.088,0,115062.473,116804.247,-1741.774,0,0,0,47729.481,43950.621,4520.639,-741.779,322.511,0,0,0,0,322.984,-0.473,509.574,325.013,704.679,-379.666,0,0,0,184.561,339.057,-154.496,27.6,29.965,-2.365,9687.543,1985.973,4133.763,0,3799.869,0,-232.062,193876.428,180487.506,4821.063,17764.43,9603.163,8161.267,130270.67,131.76,383.188,21859.941,5256.454,2804.74,0,2451.714,0,13388.922,9345.329,8056.466,0,1288.863,0,0,0,1324.775,0,0,2718.818,0,
8,2016,228770.918,1727.361,2982.589,9388.905,4089.176,5300.46,-0.731,2952.206,2953.769,-1.563,0,142583.251,144673.213,-2089.962,0,0,0,55339.988,51948.658,4136.2,-744.87,222.93,0,0,0,0,299.372,-76.442,624.197,422.772,939.411,-516.639,0,0,0,201.425,392.849,-191.424,27.162,29.965,-2.803,12922.329,5588.814,4165.577,0,3395.32,12.485,-227.382,228770.918,211593.39,1103.686,28835.898,13437.105,15398.793,123787.572,191.325,1389.786,48650.527,7634.596,3161.924,0,4472.672,0,17177.528,10469.863,9181,0,1288.863,0,0,0,2950.192,0,0,3757.473,0,
8,2017,277752.314,2574.284,6460.795,17520.025,15218.72,2302.036,-0.731,1424.854,1424.854,0,0,179518.809,182666.213,-3147.404,0,0,0,53558.049,50384.788,4151.127,-977.866,152.506,0,0,0,0,194.602,-42.096,808.486,457.682,1090.758,-633.076,0,0,0,350.804,623.226,-272.422,0,0,0,15734.506,8539.528,3812.015,0,3404.366,0,-21.403,277752.314,248056.604,26.015,38063.849,7834.381,30229.468,133550.812,160.469,328.777,66104.605,9822.077,5063.166,0,4758.911,0,29695.71,21572.335,15706.23,0,5866.105,0,0,0,3558.265,0,0,4565.11,0,
8,2018,323291.119,1855.473,10828.571,16571.491,15337.628,1233.863,0,4202.413,4240.742,-38.329,0,218395.223,221961.996,-3566.773,0,0,0,51926.416,49417.157,3564.933,-1055.674,190.654,0,0,0,0,227.602,-36.948,1963.096,1385.572,2211.225,-825.653,0,0,0,577.524,959.289,-381.765,0,0,0,17357.782,10482.282,4427.765,0,2473.219,0,-25.484,323291.119,288541.05,3781.343,54231.451,21145.194,33086.257,170850.871,18.571,329.649,48658.036,10671.129,5262.931,0,5408.198,0,34750.069,24096.96,25299.68,0,1289.001,-2491.721,0,0,5465.879,0,0,5187.23,0,
8,2019,377204.126,2459.321,3454.138,20097.553,15482.986,4614.567,0,1566.592,1571.141,-4.549,0,253099.865,257183.959,-4084.094,0,0,0,68729.363,67786.907,1094.329,-151.873,164.425,0,0,0,0,238.602,-74.177,1922.972,1342.69,2380.108,-1037.418,0,0,0,580.282,1102.483,-522.201,0,0,0,25709.897,16925.46,6032.377,0,2780.703,0,-28.643,377204.126,334994.384,19.492,50867.989,12144.371,38723.618,213949.568,45.67,291.823,57599.723,12220.119,7911.819,0,4308.3,0,42209.742,23296.37,25299.68,0,692.72,-2696.03,0,0,7107.405,0,0,11805.967,0,
8,2020,419026.527,3282.556,5779.61,19554.808,13829.025,5725.783,0,493.214,493.214,0,0,286319.402,290816.086,-4496.684,258.28,260.232,-1.952,76485.435,75959.904,854.344,-328.813,238.581,0,0,0,0,238.602,-0.021,1862.83,1212.163,2398.141,-1185.978,0,0,0,650.667,1351.718,-701.051,0,0,0,24751.811,17409.351,5036.836,0,2345.902,0,-40.278,419026.527,366233.025,14.22,56511.282,9371.444,47139.838,233427.953,139.825,187.156,62845.488,13107.101,6452.78,0,6654.321,0,52793.502,23466.37,25299.68,0,365.727,-2199.037,0,0,11911.768,0,0,17415.364,0,
8,2021,547409.439,2345.733,10860.73,57104.628,40329.73,16858.044,-83.146,6970.941,7005.061,-34.12,103.299,345390.282,355281.219,-9890.937,958.69,965.935,-7.245,75798.431,75313.521,722.934,-238.024,249.71,0,0,0,0,249.731,-0.021,1872.973,1216.957,2559.025,-1342.068,0,0,0,656.016,1552.403,-896.387,0,0,0,45754.022,39015.325,4897.204,0,1893.82,0,-52.327,547409.439,461131.292,8454.375,114619.106,47106.801,67512.305,241837.028,0,103.93,81295.633,14821.22,5557.507,0,9263.713,0,86278.147,43373.62,45056.93,0,77.202,-1760.512,0,0,12558.832,0,0,22439.214,7906.481,
8,2022,631012.886,2658.493,9935.379,47965.493,40771.879,7193.614,0,7793.447,7850.639,-57.192,0,424662.382,438338.047,-13675.665,893.186,899.936,-6.75,83075.897,82718.218,610.279,-252.6,189.21,0,0,0,0,189.21,0,1858.126,1219.108,2733.537,-1514.429,0,0,0,639.018,1709.523,-1070.505,0,0,0,51981.273,39409.465,7879.131,566.968,4205.385,195.492,-79.676,631012.886,527510.966,1929.233,140249.116,51325.927,88923.189,303151.417,15.369,47.05,63699.974,18418.807,8596.581,8.844,9813.382,0,103501.92,66550.77,67434.236,0,0,-883.466,0,0,13535.084,0,0,16751.804,6664.262,
8,2023,817566.922,2284.99,8422.511,94093.778,81299.073,12794.705,0,12325.809,12406.274,-80.465,0,551472.066,566271.29,-14799.224,821.761,827.971,-6.21,94587.476,88050.457,6755.26,-218.241,189.21,0,0,0,0,189.21,0,1923.801,1298.099,2994.2,-1696.101,0,0,0,625.702,1908.548,-1282.846,0,0,0,51445.52,33969.441,8976.228,1297.724,7354.383,118.507,-152.256,817566.922,677771.395,4118.311,156356.651,83234.756,73121.895,442368.381,0.392,22.045,47787.312,27118.303,13812.285,65.31,13240.708,0,139795.527,103331.782,79339.236,0,23992.546,0,0,0,12233.282,0,0,19065.969,5164.494,
8,2024,923847.637,2148.289,14327.215,134643.662,126527.28,8116.382,0,13110.971,13180.721,-69.75,0,676545.598,692875.738,-16330.14,799.825,805.869,-6.044,52783.054,51857.428,992.927,-67.301,189.21,0,0,0,0,189.21,0,2023.899,1437.082,3406.801,-1969.719,0,0,0,586.817,2086.191,-1499.374,0,0,0,27275.914,11411.32,8384.069,1195.836,6547.735,41.31,-263.046,923847.637,776572.375,5.713,201756.421,111863.209,89893.212,485666.548,28.057,10.894,66975.704,22129.038,10415.008,26.517,11687.513,0,147275.262,103331.782,79339.236,0,23992.546,0,0,0,14565.614,0,0,24007.579,5370.287,
9,2015,204704.14,1917.86,4362.518,29793.709,25935.846,3863,-5.137,54.378,70.927,-16.549,0,130005.807,131427.193,-1421.386,0,0,0,17316.651,7479.883,10399.493,-562.725,303.409,0,0,0,0,313.397,-9.988,4056.266,361.018,813.363,-452.345,0,0,0,3695.248,3848.511,-153.263,16.955,17.401,-0.446,16876.587,1950.668,8872.126,0,6124.385,0,-70.592,204704.14,193446.378,4224.915,28145.783,24319.748,3826.035,148828.876,100.011,414.632,8259.448,3472.713,3053.554,0,419.159,0,11257.762,9582.401,9485.945,0,101.716,-5.26,0,0,863.808,0,0,808.832,2.721,
9,2016,233947.74,1291.694,2718.757,30136.422,23230.559,6911,-5.137,40.899,65.382,-24.483,44.578,160578.8,162376.185,-1797.385,0,0,0,18846.623,10788.497,9439.853,-1381.727,222.949,0,0,0,0,229.393,-6.444,3962.052,424.046,962.704,-538.658,0,0,0,3538.006,3726.916,-188.91,16.815,17.401,-0.586,16088.151,1705.468,7875.554,0,6719.575,0,-212.446,233947.74,220716.167,2572.42,33309.432,23299.257,10010.175,166576.217,0,808.887,13767.675,3681.536,3204.877,0,476.659,0,13231.573,11293.347,11196.891,0,101.716,-5.26,0,0,1038.259,0,0,897.661,2.306,
9,2017,286010.081,1446.548,3742.659,33513.516,27859.51,5654.006,0,1.05,3.889,-2.839,136.265,195441.551,198290.566,-2849.015,0,0,0,21207.964,12268.348,10682.862,-1743.246,215.465,0,0,0,0,227.25,-11.785,3952.317,425.424,1011.431,-586.007,0,0,0,3526.893,3738.489,-211.596,0,0,0,26352.746,13411.455,7955.903,0,5395.762,0,-410.374,286010.081,271318.861,2758.343,53000.419,33297.858,19702.561,194889.77,0,1064.161,14967.269,4638.899,4103.201,0,535.698,0,14691.22,11293.347,11196.891,0,101.716,-5.26,0,0,1220.358,0,0,2177.515,0,
9,2018,323276.008,1884.822,4328.739,29300.327,29300.327,0,0,0.655,3.889,-3.234,58.228,213986.652,216988.881,-3002.229,0,0,0,48026.925,25193.006,24761.139,-1927.22,195.767,0,0,0,0,201.75,-5.983,4792.434,485.674,1140.635,-654.961,0,0,0,4306.76,4544.66,-237.9,0,0,0,20701.459,7980.896,9117.746,0,4256.033,0,-653.216,323276.008,306943.476,12211.237,44933.789,31352.183,13581.606,225224.141,0,1473.711,16721.736,6378.862,5294.909,0,1083.953,0,16332.532,12132.617,12036.161,0,101.716,-5.26,0,0,1467.001,-5.891,0,2738.805,0,
9,2019,365254.318,1754.801,10163.244,33708.49,33617.238,91.252,0,0.502,3.889,-3.387,172.946,262031.207,265161.676,-3130.469,0,0,0,21604.317,6558.244,15780.793,-734.72,133.14,0,0,0,0,165.891,-32.751,4817.506,498.334,1222.534,-724.2,0,0,0,4319.172,4590.235,-271.063,0,0,0,30868.165,15804.386,8065.177,0,7510.779,0,-512.177,365254.318,346746.875,725.071,48623.749,31625.632,16998.117,259236.746,0,2509.687,26732.764,8918.858,8428.063,36.599,454.196,0,18507.443,12132.617,12036.161,0,101.716,-5.26,0,0,1816.953,-49.82,0,4607.693,0,
9,2020,412679.593,1619.927,14806.14,31250.514,31153.939,96.575,0,0.96,3.889,-2.929,133.872,302199.056,305637.31,-3438.254,0,0,0,28639.598,16386.007,13132.592,-879.001,133.14,0,0,0,0,165.891,-32.751,4866.063,532.986,1288.934,-755.948,0,0,0,4333.077,4623.35,-290.273,0,0,0,29030.323,20234.488,7560.625,0,1582.399,0,-347.189,412679.593,388643.373,609.712,38962.39,21837.944,17124.446,303581.729,0,3512.967,31034.079,10942.496,8633.097,34.837,2274.562,0,24036.22,17606.547,17510.091,0,101.716,-5.26,0,0,2204.21,-97.83,0,4323.293,0,
9,2021,506604.328,1878.293,14352.057,64131.782,55578.817,8592.759,-39.794,3.245,3.881,-0.636,252.448,357778.608,362416.124,-4637.516,0,0,0,25104.577,9981.614,15168.829,-45.866,131.652,0,0,0,0,164.391,-32.739,4978.978,536.194,1318.279,-782.085,0,0,0,4442.784,4747.199,-304.415,0,0,0,37992.688,31332.967,6132.269,0,783.035,0,-255.583,506604.328,471072.663,1510.983,79732.55,74428.582,5303.968,327196.828,0,4952.17,46292.114,11388.018,7687.455,31.026,3669.537,0,35531.665,28118.041,26673.698,0,1449.603,-5.26,0,0,2923.272,-293.665,0,4784.017,0,
9,2022,550904.12,1897.545,15145.862,63008.862,52456.685,10651.971,-99.794,1.547,3.881,-2.334,269.772,378575.443,385633.215,-7057.772,0,0,0,32954.676,12988.616,20063.662,-97.602,46.699,0,0,0,0,158.272,-111.573,4954.396,502.854,1287.149,-784.295,0,0,0,4451.542,4772.975,-321.433,0,0,0,54049.318,37702.381,15295.742,0,1178.109,0,-126.914,550904.12,507999.649,9715.193,78283.936,72871.039,5412.897,361675.593,0,1615.605,36440.208,20269.114,9069.32,30.233,11169.561,0,42904.471,32118.175,30673.832,0,1449.603,-5.26,0,0,4061.834,-606.344,0,7330.806,0,
9,2023,630500.685,1370.849,54763.646,63548.928,54825.905,8841.433,-118.41,7792.742,7853.152,-60.41,0,429362.729,438464.147,-9101.418,0,0,0,32063.66,14373.759,17833.636,-143.735,414.448,0,343.172,0,343.172,158.272,-86.996,5229.416,734.978,1528.503,-793.525,0,0,0,4494.438,4825.929,-331.491,0,0,0,35954.267,18860.662,13949.182,0,3230.825,0,-86.402,630500.685,580402.405,1333.658,70766.294,65286.09,5480.204,447503.426,97.152,1611.235,42821.727,16268.913,14025.631,36.03,2207.252,0,50098.28,37638.324,36193.981,0,1449.603,-5.26,0,0,5138.098,-689.038,0,8010.896,0,
9,2024,747478.069,1563.509,27436.936,117348.823,92635.563,24713.26,0,4910.456,4949.608,-39.152,0,511153.15,519949.991,-8796.841,0,0,0,32335.975,14956.915,17812.962,-433.902,441.291,0,370.014,0,370.014,158.272,-86.995,5328.025,826.882,1580.969,-754.087,0,0,0,4501.143,4863.891,-362.748,0,0,0,46959.904,33481.806,12221.898,0,1380.412,0,-124.212,747478.069,689410.725,1242.864,134090.99,123726.071,10364.919,499896.571,61.927,1429.65,39248.195,13440.528,10591.116,22.049,2827.363,0,58067.344,38073.428,36629.085,0,1449.603,-5.26,0,0,7191.833,-530.94,0,13333.023,0,
10,2015,292032.736,6586.478,7497.267,2207.868,2207.868,0.552,-0.552,95.334,124.841,-29.507,0,183660.021,185916.813,-2256.792,0,0.3,-0.3,39678.056,25109.203,16148.253,-1579.4,594.542,0,0,0,0,897.843,-303.301,7967.719,4530.436,6553.671,-2023.235,0.07,0.596,-0.526,3437.213,4089.239,-652.026,0,0,0,43745.451,17175.891,25207.349,94.588,1853.427,0,-585.804,292032.736,269952.241,0,2954.073,657.127,2296.946,260994.745,22.853,1793.234,0.6,4186.736,3065.17,21.359,1100.207,0,22080.495,18166.632,18852.157,1.121,63.612,-750.911,0,0.653,2419.833,229.077,0,1264.953,0,
10,2016,332023.043,5872.975,8954.312,2484.336,2372.08,112.808,-0.552,89.891,105.624,-15.733,15.422,196428.077,198859.665,-2431.588,751.748,757.528,-5.78,65033.141,27589.161,39292.3,-1848.32,520.339,0,0,0,0,880.575,-360.236,7949.366,4503.81,6856.959,-2353.149,0,0,0,3445.556,4196.74,-751.184,0,0,0,43923.436,16943.694,25336.472,106.316,2171.888,0,-634.934,332023.043,309831.109,3774.694,8109.652,3341.826,4767.826,291653.101,0,1404.155,0.6,4888.907,3554.231,23.419,1311.257,0,22191.934,18166.632,18852.157,1.121,63.612,-750.911,0,0.653,2430.405,253.985,0,1340.912,0,
10,2017,368468.84,6212.662,3002.395,7372.82,6928.778,444.594,-0.552,63.25,63.25,0,20.251,220197.752,222946.63,-2748.878,643.784,648.763,-4.979,73188.58,30007.436,45266.699,-2085.555,164.184,0,0,0,0,320.934,-156.75,8100.996,4474.616,6720.94,-2246.324,0,0,0,3626.38,4465.775,-839.395,0,0,0,49502.166,23892.436,24742.217,74.226,1306.64,0,-513.353,368468.84,345232.548,231.484,12649.006,7131.126,5517.88,319859.587,0,90.975,5601.386,6800.11,4463.753,23.37,2312.987,0,23236.292,18166.632,18852.157,1.121,63.612,-750.911,0,0.653,2549.642,233.9,0,2286.118,0,
10,2018,406040.598,6379.549,9611.502,4822.454,4448.288,374.718,-0.552,0,0,0,21.31,253100.111,256622.753,-3522.642,544.786,549.04,-4.254,75514.421,37988.732,40233.215,-2707.526,142.613,0,0,0,0,320.477,-177.864,8249.652,4617.73,7088.107,-2470.377,0,0,0,3631.922,4573.585,-941.663,0,0,0,47654.2,23729.951,23154.608,63.102,1186.348,0,-479.809,406040.598,381408.231,5293.086,7300.158,1043.216,6256.942,349388.922,0,87.728,8065.909,11272.428,5946.965,25.462,5300.001,0,24632.367,18166.632,18852.157,1.121,63.612,-750.911,0,0.653,2720.885,223.786,0,3521.064,0,
10,2019,453581.057,8269.373,12109.861,13150.915,12716.806,434.109,0,0,0,0,24.465,292058.715,296029.774,-3971.059,423.453,426.769,-3.316,76497.497,46890.019,33647.189,-4039.711,103.854,0,0,0,0,298.971,-195.117,8289.968,4697.387,7448.991,-2751.604,0,0,0,3592.581,4677.71,-1085.129,0,0,0,42652.956,22258.865,19538.88,159.813,1561.309,0,-865.911,453581.057,426839.417,241.539,3525.56,399.665,3125.895,400844.38,0,83.606,9490.048,12654.284,7105.423,25.462,5523.399,0,26741.64,18166.632,18852.157,1.121,63.612,-750.911,0,0.653,2963.901,199.543,0,5411.564,0,
10,2020,492516.029,7678.553,10052.59,18397.37,17643.777,753.593,0,0,0,0,19.677,334854.576,340268.127,-5413.551,301.515,303.915,-2.4,75156.127,52227.759,27322.052,-4393.684,124.593,0,0,0,0,257.764,-133.171,8575.424,4746.484,7786.883,-3040.399,0,0,0,3828.94,5097.754,-1268.814,0,0,0,37355.604,21277.371,17499.865,450.454,1211.021,0,-3083.107,492516.029,463559.787,143.528,7880.006,3988.377,3891.629,427971.85,0,229.445,11144.14,16190.818,6923.921,25.543,9241.354,0,28956.242,18166.632,18852.157,1.121,63.612,-750.911,0,0.653,3336.508,149.483,0,7303.619,0,
10,2021,521117.123,8222.365,12169.867,8353.579,7678.393,675.186,0,0,0,0,0,381012.317,387929.596,-6917.279,188.77,285.967,-97.197,69666.929,34048.08,41650.354,-6031.505,88.968,0,0,0,0,97.014,-8.046,8195.276,4518.674,7867.653,-3348.979,0,0,0,3676.602,5156.973,-1480.371,0,0,0,33219.052,24874.964,9951.216,405.006,1064.288,0,-3076.422,521117.123,486855.787,522.745,15229.099,9191.147,6037.952,427386.772,108.003,278.94,21103.779,22226.449,5883.564,28.418,16314.467,0,34261.336,20601.582,18852.157,1.121,1747.651,0,0,0.653,3715.274,37.363,0,9907.117,0,
10,2022,591907.695,7849.898,12286.117,25293.585,24968.28,325.305,0,0,0,0,109.858,432997.593,438627.777,-5630.184,102.642,124.71,-22.068,68800.687,27896.339,55551.832,-14647.484,88.812,0,0,0,0,97.014,-8.202,7547.677,4489.795,7857.573,-3367.778,0,0,0,3057.882,4522.417,-1464.535,0,0,0,36830.826,32716.333,5078.974,242.847,1226.733,0,-2434.061,591907.695,553280.699,9901.209,28430.448,21729.677,6700.771,454740.496,0,239.837,25820.307,34148.402,7516.57,29.46,26573.974,28.398,38626.996,20601.582,18852.157,1.121,1747.651,0,0,0.653,4223.224,-169.492,0,13971.682,0,
10,2023,674389.66,7545.27,12848.045,50332.971,50114.401,218.57,0,0,0,0,0,475169.108,482731.122,-7562.014,0,0,0,74635.845,22562.535,66688.978,-14615.668,82.642,0,0,0,0,97.014,-14.372,7269.44,4282.772,8340.278,-4057.506,0,0,0,2986.668,4760.547,-1773.879,0,0,0,46506.339,42027.312,5686.993,397.824,1300.9,0,-2906.69,674389.66,628655.796,19.328,37950.111,34386.028,3564.083,510744.394,91.459,323.147,28992.491,50534.866,11643.974,29.66,38836.726,24.506,45733.864,20601.582,18852.157,1.121,1747.651,0,0,0.653,4971.157,-225.489,0,20386.614,0,
10,2024,748094.546,8214.653,17644.155,88241.176,80634.247,7606.929,0,0,0,0,0,530448.003,539314.658,-8866.655,0,0,0,85648.177,23554.968,75363.197,-13269.988,82.204,0,0,0,0,96.642,-14.438,7355.128,4375.198,8871.194,-4495.996,0,0,0,2979.93,5004.011,-2024.081,0,0,0,10461.05,6727.957,5239.563,542.46,1488.492,0,-3537.422,748094.546,693122.476,54.255,70655.292,61323.31,9331.982,566881.814,54.007,449.009,36753.523,18274.576,8510.442,29.811,9710.254,24.069,54972.07,20601.582,18852.157,1.121,1747.651,0,0,0.653,6082.598,-138.225,0,28426.115,0,
11,2015,106485.935,1472.407,2742.385,11994.22,6779.815,5318.025,-103.62,916.034,922.956,-6.922,39.044,55853.24,56558.835,-705.595,5.489,8.69,-3.201,21197.715,16705.365,5011.604,-519.254,419.118,0,0,0,0,530.192,-111.074,805.214,518.828,911.585,-392.757,0,0,0,286.386,423.978,-137.592,64.838,64.984,-0.146,10976.231,7651.409,1916.536,23.636,1423.639,45.14,-38.989,106485.935,96644.256,2488.321,6594.931,3031.471,3563.46,74542.719,2822.563,0,7847,2348.722,1744.418,0,604.304,0,9392.415,8104.686,8100,0.089,4.599,-0.002,0,0,378.601,0,0,909.128,0,
11,2016,150294.272,1636.01,2389.302,18580.047,15971.314,2608.733,0,396.937,400,-3.063,0,81303.975,82224.372,-920.397,5.489,8.69,-3.201,34261.091,24267.353,11020.813,-1027.075,384.406,0,0,0,0,495.945,-111.539,1351.96,524.984,1003.485,-478.501,0,0,0,826.976,987.948,-160.972,88.381,88.765,-0.384,9896.674,5290.387,3113.887,17.311,1510.547,39.377,-35.458,150294.272,140351.629,177.635,19684.665,13621.415,6063.25,103299.771,9.326,2843.432,11027.014,3309.786,2463.25,0,846.536,0,9317.013,8104.686,8100,0.089,4.599,-0.002,0,0,465.28,0,0,747.047,0,
11,2017,189334.271,1511.629,1922.256,21861.168,19650.607,2210.561,0,4690.398,4693.398,-3,0,103336.329,104497.028,-1160.699,3.875,7.749,-3.874,45802.141,37417.732,9614.647,-1230.238,378.237,0,0,0,0,490.087,-111.85,1526.617,526.448,1078.472,-552.024,0,0,0,1000.169,1181.235,-181.066,45.769,46.037,-0.268,8255.852,3423.647,3416.359,21.238,1455.489,33.614,-60.881,189334.271,174575.165,156.253,37217.378,12244.362,24973.016,120537.469,70.098,2927.741,9793,3873.226,2695.865,0,1177.361,0,14759.106,11852.342,9810,0.089,2042.255,-0.002,0,0,453.708,0,0,1769.506,683.55,
11,2018,216057.406,2096.395,5385.604,32425.544,30695.162,1730.382,0,2596.626,2603.376,-6.75,208.294,121791.723,123131.648,-1339.925,0,0,0,42694.913,25754.996,17888.621,-948.704,164.931,0,0,0,0,185.117,-20.186,1615.456,569.227,1171.919,-602.692,0,0,0,1046.229,1240.443,-194.214,51.955,52.347,-0.392,7025.965,1974.124,3519.215,0,1571.947,27.852,-39.321,216057.406,199229.266,7911.883,40689.261,22837.748,17851.513,128060.094,0,3045.666,14927,4595.362,3143.348,1.585,1450.429,0,16828.14,11852.342,9810,0.089,2042.255,-0.002,0,0,775.8,0,0,3007.022,1192.976,
11,2019,229477.262,2004.563,4503.54,24664.877,23854.877,810,0,4643.488,4650.988,-7.5,0,144699.636,146324.378,-1624.742,0,0,0,36041.894,15749.443,20696.368,-403.917,166.821,0,0,0,0,185.117,-18.296,903.561,532.147,1179.231,-647.084,0,0,0,371.414,575.871,-204.457,44.098,44.295,-0.197,11804.784,6719.99,3197.572,2.413,1924.402,22.09,-39.593,229477.262,209096.146,209.151,49793.517,26220.754,23572.763,126018.576,14.262,3043.492,25013.063,5004.085,3249.358,0,1754.727,0,20381.116,11693.415,9810,0.089,2042.255,-158.929,0,0,1248.389,0,0,6130.768,1308.544,
11,2020,319127.48,2257.255,7788.112,44810.934,44710.934,100,0,12478.102,12478.245,-0.143,0,176387.656,178323.092,-1935.436,0,0,0,58236.806,30143.484,28180.901,-87.579,153.636,0,0,0,0,185.117,-31.481,1059.428,601.398,1318.875,-717.477,0,0,0,458.03,686.263,-228.233,20.86,21.058,-0.198,15934.691,10864.666,3090.539,0,2019.202,16.325,-39.716,319127.48,294423.432,142.771,75175.573,38994.467,36181.106,174620.27,215.182,3037.163,34332.257,6900.216,4435.108,4.664,2460.444,0,24704.048,16211.085,16088.488,0.089,535.956,-413.448,0,0,1847.081,0,0,4939.19,1706.692,
11,2021,374611.571,2445.611,11847.98,55942.644,55837.298,105.346,0,11198.067,11200.948,-2.881,0,200758.833,203210.901,-2452.068,0,0,0,65513.425,43656.434,21955.594,-98.603,123.831,0,0,0,0,144.421,-20.59,1366.325,663.478,1475.07,-811.592,0,0,0,702.847,977.488,-274.641,0,0,0,25414.855,20234.815,3256.425,0,1966.875,10.565,-43.26,374611.571,343821.458,92.656,107242.582,59851.704,47390.878,183283.117,15.55,2936.864,42756.113,7494.576,4383.088,0.602,3110.886,0,30790.113,20195.503,20072.906,0.089,535.956,-413.448,0,0,2547.465,0,0,6290.473,1756.672,
11,2022,416273.023,2937.994,11273.345,49132.317,40322.487,8809.83,0,1797.822,1797.822,0,0,260754.811,263856.383,-3101.572,0,0,0,48789.184,35375.058,13444.13,-30.004,144.023,0,0,0,0,163.921,-19.898,1315.057,631.621,1519.411,-887.79,0,0,0,683.436,1006.273,-322.837,0,0,0,40128.47,33406.609,4403.501,32.798,2331.87,4.799,-46.308,416273.023,377278.137,10821.258,92653.2,49440.64,43212.56,215797.174,226.48,2860.155,44161.64,10758.23,5052.933,0,5705.297,0,38994.886,25426.026,25303.429,0.089,535.956,-413.448,0,0,3527.727,0,0,7999.785,2041.348,
11,2023,602314.859,2810.044,41481.638,96514.863,88120.085,8394.778,0,18580.932,18580.932,0,110.079,339349.838,343404.295,-4054.457,0,0,0,44092.289,31871.688,12304.873,-84.272,143.781,0,0,0,0,163.921,-20.14,1422.759,713.141,1702.786,-989.645,0,0,0,709.618,1076.187,-366.569,0,0,0,57808.636,49527.933,6017.101,76.708,2233.415,0,-46.521,602314.859,555914.537,26.59,112086.978,62597.686,49489.292,370777.888,0,2811.129,50938.148,19273.804,10346.499,0,8927.305,0,46400.322,29198.918,29076.321,0.089,535.956,-413.448,0,0,4708.243,0,0,10561.698,1931.463,
11,2024,697366.458,3105.355,26680.27,101600.254,94225.901,7374.353,0,21955.775,21955.775,0,0,436606.237,442484.841,-5878.604,0,0,0,48751.284,31407.524,17436.61,-92.85,857.783,0,729.739,0,729.739,146.546,-18.502,1765.927,887.455,1983.5,-1096.045,0,0,0,878.472,1291.428,-412.956,0,0,0,56043.573,48316.273,5383.522,155.916,2234.788,0,-46.926,697366.458,640709.197,15.434,99460.579,74877.046,24583.533,437505.165,18.449,2788.443,81349.744,19571.383,8013.166,0,11558.217,0,56657.261,35224.02,35101.423,0.089,535.956,-413.448,0,0,6313.202,0,0,12953.881,2166.158,
12,2015,124849.675,2040.749,2716.264,7833.274,7833.274,95,-95,0,0,0,30.797,83889.887,84759.792,-869.905,0,0,0,19118.084,3957.184,16178.452,-1017.552,1869.834,0,0,0,0,2031.645,-161.811,4740.627,1105.024,2033.247,-928.223,0,0,0,3635.603,3730.27,-94.667,0,0,0,2610.159,1520.156,992.436,0,103.567,0,-6,124849.675,111704.954,544.945,7933.317,7103.777,829.54,98430.542,0,0,3000.392,1795.758,1510.364,0,285.394,0,13144.721,12448.674,12355.229,15.396,156.322,-78.273,0,0,1513.516,0,0,-817.469,0,
12,2016,128801.508,2020.06,3765.279,8281.291,8296.841,95,-110.55,0,0,0,9.841,85824.814,86891.327,-1066.513,0,0,0,20195.957,9388.719,12219.5,-1412.262,1856.808,0,0,0,0,1937.865,-81.057,3367.929,854.498,1935.088,-1080.59,0,0,0,2513.431,2621.6,-108.169,0,0,0,3479.529,1271.087,840.414,0,1374.053,0,-6.025,128801.508,115353.089,1111.672,6484.335,5122.335,1362,102351.494,0,0,3000,2405.588,2000.279,0,405.309,0,13448.419,12448.674,12355.229,15.396,156.322,-78.273,0,0,1462.854,0,0,-463.109,0,
12,2017,149369.554,2282.2,3277.007,15245.884,15245.884,0,0,0,0,0,30.274,100268.3,101324.328,-1056.028,0,0,0,20020.106,9458.122,12066.568,-1504.584,1377.209,0,0,0,0,1480.063,-102.854,3214.194,785.17,1960.023,-1174.853,0,0,0,2429.024,2551.024,-122,0,0,0,3654.38,1455.678,993.424,0,1211.309,0,-6.031,149369.554,135118.373,55.717,11256.43,7697.24,3559.19,117539.696,0,0,3000,3266.53,2153.139,0,1113.391,0,14251.181,12448.674,12355.229,15.396,156.322,-78.273,0,0,1587.009,0,0,215.498,0,
12,2018,152652.063,2356.198,6412.125,19050.864,18750.212,300.652,0,0,0,0,0,102971.21,104042.577,-1071.367,0,0,0,14901.977,10410.322,6762.998,-2271.343,13.72,0,0,0,0,110.566,-96.846,3558.89,870.161,2138.433,-1268.272,0,0,0,2688.729,2832.911,-144.182,0,0,0,3387.079,1367.55,1188.031,0,1139.136,0,-307.638,152652.063,137768.529,49.327,16011.064,10571.394,5439.67,118693.869,59.258,0,0,2955.011,2190.807,0,675.414,88.79,14883.534,12448.674,12355.229,15.396,156.322,-78.273,0,0,1685.786,0,0,749.074,0,
12,2019,167538.318,2630.283,5737.641,25857.597,25857.588,0.009,0,0,0,0,207.803,112181.97,113254.792,-1072.822,0,0,0,14540.461,8866.35,8017.64,-2343.529,0,0,0,0,0,0,0,3444.021,804.14,2075.948,-1271.808,0,0,0,2639.881,2823.946,-184.065,0,0,0,2938.542,1353.548,1195.201,0,812.772,0,-422.979,167538.318,151789.005,41.479,8643.183,8063.808,579.375,139278.464,0,0,0,3825.879,3039.261,0,786.618,0,15749.313,12448.674,12355.229,15.396,156.322,-78.273,0,0,1815.129,0,0,1485.51,0,
12,2020,160435.177,2073.126,3910.391,32378.35,32378.35,0,0,0,0,0,49.073,99487.571,100767.406,-1279.835,0,0,0,15967.304,7875.277,9073.142,-981.115,0,0,0,0,0,0,0,3348.385,751.818,2095.545,-1343.727,0,0,0,2596.567,2820.112,-223.545,0,0,0,3220.977,1782.238,1005.762,45.501,821.269,0,-433.793,160435.177,143615.687,33.805,6320.362,5627.362,693,133917.74,0,0,0,3343.78,2402.606,0,941.174,0,16819.49,12448.674,12355.229,15.396,156.322,-78.273,0,0,1976.822,0,0,2393.994,0,
12,2021,165831.996,1936.33,3392.981,25206.015,25206.015,0,0,0,0,0,4.262,113308.08,114674.63,-1366.55,0,0,0,15880.578,7354.411,8652.217,-126.05,0,0,0,0,0,0,0,3357.843,778.868,2095.986,-1317.118,0,0,0,2578.975,2842.792,-263.817,0,0,0,2745.907,1360.362,983.175,9.545,815.804,0,-422.979,165831.996,148047.088,29.184,7615.859,7615.859,0,137373.791,0,0,0,3028.254,2301.087,0,727.167,0,17784.908,12448.674,12355.229,15.396,156.322,-78.273,0,0,2130.576,0,0,3205.658,0,
12,2022,185056.051,2125.863,5584.541,26046.802,26046.802,0,0,0,0,0,120.182,129196.168,130505.614,-1309.446,0,0,0,16074.579,2112.868,14105.857,-144.146,0,0,0,0,0,0,0,3271.085,703.56,2043.82,-1340.26,0,0,0,2567.525,2872.711,-305.186,0,0,0,2636.831,1298.858,982.699,20.548,800.697,0,-465.971,185056.051,164576.151,24.261,11893.026,9421.326,2471.7,148614.571,0,0,0,4044.293,2489.667,0,1554.626,0,20479.9,12448.674,12355.229,15.396,156.322,-78.273,0,0,2572.222,0,0,5459.004,0,
12,2023,201416.835,2257.426,4058.527,43026.893,43026.893,0,0,0,0,0,0,138913.15,140448.924,-1535.774,0,0,0,6983.29,3712.868,3438.77,-168.348,0,0,0,0,0,0,0,3681.74,1109.933,2509.785,-1399.852,0,0,0,2571.807,2921.773,-349.966,0,0,0,2495.809,1318.563,805.637,20.549,817.031,0,-465.971,201416.835,178971.836,19.87,16363.869,16363.869,0,156329.168,230.822,0,2000,4028.107,2552.457,0,1475.65,0,22444.999,17563.006,17469.561,15.396,156.322,-78.273,0,0,2896.986,0,0,1985.007,0,
12,2024,239767.994,2095.973,4335.534,29829.638,29829.638,0,0,3031.363,3031.363,0,291.886,163385.744,165154.897,-1769.153,794,800,-6,29119.18,13506.598,15849.762,-237.18,0,0,0,0,0,0,0,3775.847,1109.154,2573.008,-1463.854,0,0,0,2666.693,3069.898,-403.205,0,0,0,3108.829,1364.559,1540.576,20.727,648.947,0,-465.98,239767.994,214668.588,2079.51,29670.33,22067.863,7602.467,167447.644,0,0,10864.503,4606.601,2119.353,0,2487.248,0,25099.406,18781.551,18688.106,15.396,156.322,-78.273,0,0,3562.209,0,0,2755.646,0,
13,2015,104311.276,1529.021,2212.421,11455.737,3480.252,8085.21,-109.725,117.063,196.922,-79.859,0,27490.168,28091.32,-601.152,43.965,49.863,-5.898,48901.341,39092.073,10283.551,-474.283,9.251,0,0,0,0,9.251,0,823.094,202.244,602.696,-400.452,276.544,312.78,-36.236,344.306,523.185,-178.879,955.502,1057.948,-102.446,10773.713,4462.892,3069.951,0,3352.218,94.982,-111.348,104311.276,90695.027,5027.47,17399.382,4253.611,13145.771,62615.688,163.899,137,3297.331,2054.257,1247.205,6.944,800.108,0,13616.249,12035.628,11750,0.608,400,-114.98,0,0,643.915,0,0,936.706,0,
13,2016,92605.862,1868.269,1545.647,7562.696,4054.74,3618.251,-110.295,97.043,164.014,-66.971,0,34666.848,35118.872,-452.024,43.893,44.616,-0.723,32501.854,24558.953,8873.669,-930.768,9.251,0,0,0,0,9.251,0,648.564,142.592,595.551,-452.959,269.913,312.78,-42.867,236.059,445.597,-209.538,895.442,1018.285,-122.843,12766.355,6712.939,2774.998,0,3561.254,0.085,-282.836,92605.862,79005.876,4386.05,10536.234,3703.065,6833.169,57586.806,51.505,0,4218.047,2227.234,1362.26,0,864.974,0,13599.986,11879.878,11750,0.608,400,-270.73,0,0,661.963,0,0,1058.145,0,
13,2017,112238.978,1996.872,3448.104,8602.306,7631.132,1082.257,-111.083,65.995,127.927,-61.932,0,35783.876,36212.703,-428.827,32.857,41.046,-8.189,44901.863,36941.181,9319.142,-1358.46,9.251,0,0,0,0,9.251,0,572.458,127.512,622.232,-494.72,263.282,312.78,-49.498,181.664,420.827,-239.163,859.03,998.65,-139.62,15966.366,7790.47,3376.869,0,5401.531,75.018,-602.504,112238.978,98517.036,2019.657,29534.151,12864.957,16669.194,56848.515,52.724,0,7348.899,2713.09,1427.292,0,1285.798,0,13721.942,11879.878,11750,0.608,400,-270.73,0,0,684.054,0,0,1158.01,0,
13,2018,137768.688,2337.874,2406.346,22689.332,17443.367,5367.666,-121.701,51.921,127.927,-76.006,0,47768.344,48762.243,-993.899,25.616,42.148,-16.532,40695.552,38353.625,3313.919,-971.992,10.036,0,0,0,0,10.036,0,330.715,163.24,707.431,-544.191,0,0,0,167.475,454.511,-287.036,1087.657,1251.85,-164.193,20365.295,11005.649,3137.733,0,7107.427,65.036,-885.514,137768.688,123948.534,9708.388,37670.811,21870.789,15800.022,63528.77,162.292,0,8414.977,4463.296,1323.308,0,3139.988,0,13820.154,11109.953,11750,0.608,400,-1040.655,0,0,703.33,0,0,2006.871,0,
13,2019,156977.946,2495.237,4070.948,20578.997,18556.328,2135.589,-112.92,55.796,127.927,-72.131,0,62708.342,63594.389,-886.047,8.693,9.15,-0.457,45635.748,44572.06,1533.388,-469.7,10.036,0,0,0,0,10.036,0,330.514,161.256,744.401,-583.145,0,0,0,169.258,503.315,-334.057,1059.826,1253.6,-193.774,20023.809,11253.773,4028.547,0,5527.754,55.053,-786.265,156977.946,142114.425,24.04,47017.86,19211.556,27806.304,80872.643,7.416,0,8972.781,5219.685,2127.704,0,3091.981,0,14863.521,11109.953,11750,0.608,400,-1040.655,0,0,834.121,0,0,2919.447,0,
13,2020,176697.625,2204.642,1850.921,16977.765,14730.353,2247.412,0,21.05,39.287,-18.237,0,78497.568,79340.579,-843.011,0,3.75,-3.75,55676.927,55845.414,0,-168.487,22.036,0,0,0,0,22.036,0,308.751,127.909,700.273,-572.364,0,0,0,180.842,468.203,-287.361,1032.51,1253.6,-221.09,20105.455,13398.02,2640.237,0.046,5161.649,45.071,-1094.497,176697.625,159822.806,20.734,56025.723,22447.288,33578.435,87510.188,52.03,0,11711.474,4502.657,1577.833,0,2924.824,0,16874.819,11109.953,11750,0.608,400,-1040.655,0,0,989.453,0,0,4775.413,0,
13,2021,203665.423,1524.098,3056.674,33441.936,19909.194,13532.742,0,23.487,39.287,-15.8,0,99875.801,101562.609,-1686.808,0,0,0,48226.133,48257.483,0,-31.35,10.036,0,0,0,0,10.036,0,311.581,133.753,625.105,-491.352,0,0,0,177.828,515.078,-337.25,0,0,0,17195.677,10122.841,2769.866,0.061,4545.971,35.088,-243.062,203665.423,181627.638,1017.253,68035.603,34078.939,33956.664,94616.419,76.833,0,13042.54,4838.99,1605.625,0,3233.365,0,22037.785,15767.318,15275,0.608,491.71,0,0,0,1276.973,0,0,4993.494,0,
13,2022,212775.858,1393.551,3689.73,39243.6,29363.64,9879.96,0,21.675,39.287,-17.612,446.344,119212.621,120643.542,-1430.921,0,0,0,31534.742,31554.087,0,-19.345,10.036,0,0,0,0,10.036,0,382.873,153.33,606.147,-452.817,0,0,0,229.543,618.177,-388.634,0,0,0,16840.686,10881.321,2808.476,0.05,3218.269,25.106,-67.43,212775.858,186121.86,1014.56,50374.16,29339.865,21034.295,117120.779,0,0,11599.514,6012.847,2253.47,0,3759.377,0,26653.998,19891.568,19857.5,0.608,33.46,0,0,0,1896.036,0,0,4866.394,0,
13,2023,267005.838,939.629,4589.199,61149.694,51384.709,9764.985,0,0,0,0,0,146782.639,149145.386,-2362.747,0,0,0,37880.373,37897.49,0,-17.117,10.036,0,0,0,0,10.036,0,402.736,202.533,661.129,-458.596,0,0,0,200.203,630.943,-430.74,0,0,0,15251.532,8480.027,5065.4,0,1749.755,15.124,-43.65,267005.838,235707.626,1012.533,85553.514,54484.312,31069.202,132350.131,263.356,0,8991.415,7536.677,3813.157,0,3723.52,0,31298.212,20034.068,20000,0.608,33.46,0,0,0,2589.959,0,0,8674.185,0,
13,2024,320177.143,1203.088,5494.784,60965.204,54279.04,6686.164,0,0,0,0,0,175238.795,178278.251,-3039.456,0,0,0,65569.856,65604.781,0,-34.925,12.03,0,0,0,0,17.049,-5.019,432.744,232.437,746.188,-513.751,0,0,0,200.307,666.076,-465.769,0,0,0,11260.642,5696.276,4897.832,0,710.611,5.142,-44.077,320177.143,283359.586,9203.519,92218.519,59798.19,32420.329,154612.451,730.128,0,21210.596,5384.373,2831.095,0,2553.278,0,36817.557,26034.068,26000,0.608,33.46,0,0,0,3288.026,0,0,7495.463,0,
14,2015,84308.832,849.38,6891.501,761.777,586.777,175,0,0,0,0,76.363,47024.555,47777.031,-752.476,0,0,0,26451.598,23388.818,3757.699,-694.919,135.039,0,0,0,0,210.654,-75.615,395.754,266.39,704.436,-438.046,0,0,0,129.364,285.776,-156.412,16.605,16.605,0,1706.26,531.084,986.102,0.34,188.734,0,0,84308.832,75698.023,8472.331,12699.666,6628.197,6071.469,53303.964,0,72.926,0,1149.136,490.93,0,658.206,0,8610.809,6802.946,4845,0,1957.958,-0.012,0,0,1185.521,0,0,622.342,0,
14,2016,104516.957,855.741,4015.092,9152.036,8484.659,667.377,0,0,0,0,11.331,59164.341,60179.583,-1015.242,0,0,0,28698.369,26916.591,2664.875,-883.097,124.628,0,0,0,0,185.261,-60.633,378.176,246.239,655.935,-409.696,0,0,0,131.937,313.332,-181.395,16.403,16.403,0,2100.84,583.389,1304.946,0.088,212.417,0,0,104516.957,95774.183,0,33261.991,17413.604,15848.387,59260.842,0,57.475,2000,1193.875,622.694,0,571.181,0,8742.774,6802.939,5644.425,0,1158.533,-0.019,0,0,1256.723,0,0,683.112,0,
14,2017,123159.117,1016.409,3587.55,10274.966,9389.716,885.25,0,0,0,0,0,78919.36,79864.22,-944.86,955.774,956.288,-0.514,25609.896,24893.365,1570.47,-853.939,113.947,0,0,0,0,185.259,-71.312,369.709,219.617,553.033,-333.416,0,0,0,150.092,284.562,-134.47,16.403,16.403,0,2295.103,662.308,1124.648,0.076,508.071,0,0,123159.117,114371.596,1000,33695.516,17263.91,16431.606,68377.753,89.431,31.248,9045.061,2132.587,1212.805,0,919.782,0,8787.521,6039.799,5644.425,0,1158.533,-763.159,0,0,2027.583,0,0,720.139,0,
14,2018,139166.216,1098.117,2473.941,8415.605,7723.631,691.974,0,0,0,0,0,95260.97,96138.735,-877.765,418.273,419.171,-0.898,28577.76,28676.423,42.38,-141.043,114.799,0,0,0,0,185.274,-70.475,350.758,195.02,581.93,-386.91,0,0,0,155.738,325.77,-170.032,0,0,0,2455.993,611.478,1404.848,0.127,439.54,0,0,139166.216,128498.571,832.575,29399.947,17215.102,12184.845,84862.629,20.471,19.818,10152.43,3210.701,1463.142,0,1747.559,0,10667.645,7835.885,7834.673,0,720.568,-719.356,0,0,1708.703,0,0,1123.057,0,
14,2019,184531.485,1159.602,19040.311,4011.859,2873.059,1138.8,0,0,0,0,0,127914.086,129199.808,-1285.722,326.301,326.572,-0.271,27841.993,27882.169,42.38,-82.556,105.805,0,0,0,0,185.272,-79.467,365.109,228.214,659.129,-430.915,0,0,0,136.895,339.293,-202.398,0,0,0,3766.419,1637.835,1495.992,0.162,632.43,0,0,184531.485,171101.841,0,27225.11,14178.878,13046.232,122357.044,2.426,10.702,17154.847,4351.712,2517.09,0,1834.622,0,13429.644,9246.246,9244.914,0,1.332,0,0,0,2593.032,0,0,1590.366,0,
14,2020,244675.677,1421.993,24591.537,4368.977,2832.959,1536.018,0,0,0,0,23.753,167772.044,169520.235,-1748.191,248.82,250.662,-1.842,41371.557,41423.474,42.38,-94.297,73.628,0,0,0,0,137.272,-63.644,406.873,263.082,742.694,-479.612,0,0,0,143.791,378.606,-234.815,0,0,0,4396.495,1829.744,1798.326,0,768.425,0,0,244675.677,226701.863,0,42487.522,26886.323,15601.199,150349.095,0,10.088,28558.863,5296.295,2825.629,0,2470.666,0,17973.814,11095.229,11093.879,0,1.35,0,0,0,1252.899,0,0,5625.686,0,
14,2021,309517.129,1521.58,24890.71,27985.117,11747.285,16237.832,0,0,0,0,0,199116.43,201516.754,-2400.324,158.853,160.026,-1.173,44737.181,44714.514,42.38,-19.713,69.544,0,0,0,0,69.719,-0.175,604.158,302.045,838.439,-536.394,0,0,0,302.113,583.271,-281.158,2.847,3.604,-0.757,10430.709,7627.526,1856.781,0,995.496,0,-49.094,309517.129,285226.389,0,64456.47,38019.67,26436.8,173564.89,63.933,8.648,42298.182,4834.266,2552.618,0,2281.648,0,24290.74,15532.91,15531.43,0,1.48,0,0,0,1786.751,0,0,6971.079,0,
14,2022,342798.925,1617.931,10062.633,51899.808,27161.023,24738.785,0,0,0,0,20.958,228879.243,231944.016,-3064.773,103.16,103.912,-0.752,40278.72,40250.383,42.38,-14.043,69.457,0,0,0,0,69.667,-0.21,699.685,407.765,993.287,-585.522,0,0,0,291.92,633.324,-341.404,2.642,3.542,-0.9,9164.688,5523.384,2432.288,0,1240.828,0,-31.812,342798.925,310147.883,0,71166.441,45957.711,25208.73,200123.94,0,8.092,31774.818,7074.592,3737.624,0,3336.968,0,32651.042,21078.27,21076.73,0,1.54,0,0,0,2517.553,0,0,9055.219,0,
14,2023,409881.373,1681.071,8217.767,68197.574,56382.159,11815.415,0,0,0,0,156.721,262075.015,266345.545,-4270.53,16.37,16.495,-0.125,60988.364,60956.278,42.38,-10.294,69.457,0,0,0,0,69.667,-0.21,756.167,466.709,1119.671,-652.962,0,0,0,289.458,694.855,-405.397,2.501,3.542,-1.041,7720.366,3003.801,3663.279,0,1064.35,0,-11.064,409881.373,371941.786,0,98639.721,74755.571,23884.15,236577.266,0,6.93,23896.936,12820.933,4218.295,0,8602.638,0,37939.587,25369.708,25368.075,0,1.633,0,0,0,3470.408,0,0,9099.471,0,
14,2024,493158.37,1639.368,9909.074,105588.516,49847.544,55740.972,0,0,0,0,821.872,318316.079,324009.713,-5693.634,8.779,8.846,-0.067,50344.312,50345.812,42.38,-43.88,69.457,0,0,0,0,69.667,-0.21,795.269,493.206,1252.507,-759.301,0,0,0,302.063,777.031,-474.968,2.36,3.542,-1.182,5663.284,1952.684,2572.27,1.002,1137.572,0,-0.244,493158.37,451296.561,18586.891,123200.585,94513.735,28686.85,276308.322,0,5.368,23262.579,9932.816,3382.767,0,6550.049,0,41861.809,29793.045,29791.278,0,1.767,0,0,0,4333.344,0,0,7735.42,0,
15,2015,49447.18918516,265.402823348,1181.602216659,6204.89102074,6014.89102074,190,0,0,0,0,0,27452.501615272,27693.970521649,-241.468906377,0,0,0,11595.014182071,10625.889896047,1136.992589572,-167.868303548,79.988716904,0,0,0,0,102.13418,-22.145463096,427.551108009,215.49966654,414.880271913,-199.380605373,0,0,0,212.051441469,263.369514166,-51.318072697,0,0,0,2240.237502157,1265.642331381,722.754194214,0,251.840976562,0,0,49447.18918516,45221.870248194,740.242748782,13258.679043147,10373.957678682,2884.721364465,29506.294710206,52.36642,1146.508060875,0,517.779265184,368.18588957,0,149.593375614,0,4225.318936966,3555.69764,3547.14764,0,98.8,-90.25,0,0,243.982447782,0,0,425.638849184,0,
15,2016,63815.087729633,463.412241843,1199.607187123,6462.211108721,4221.401108721,2240.81,0,0,0,0,0,38175.043759128,38506.723127255,-331.679368127,0,0,0,14619.496216821,14099.861350421,770.215417171,-250.580550771,57.701836904,0,0,0,0,79.8473,-22.145463096,407.947523803,197.345202048,423.738209552,-226.393007504,0,0,0,210.602321755,275.882114836,-65.279793081,0,0,0,2429.66785529,1411.644024777,799.033167908,0,224.490032605,0,-5.49937,63815.087729633,59099.409778859,424.7816852,11541.720766331,5860.141842618,5681.578923713,43063.985057813,8.34344967,2131.150305448,996.838495146,932.590019251,669.76447616,0,262.825543091,0,4715.677950774,4008.55,4000,0,98.8,-90.25,0,0,302.019790303,0,0,405.108160471,0,
15,2017,84300.169452048,648.859156969,3106.795746709,10381.315621138,9466.146121138,915.1695,0,3288.5932,3288.5932,0,34.45967571,47778.861069809,48182.976683825,-404.115614016,0,0,0,16445.92913726,16093.181871339,727.599850656,-374.852584735,14.736288513,0,0,0,0,36.43,-21.693711487,527.005924816,259.503842193,507.670109143,-248.16626695,0,0,0,267.502082623,349.69531339,-82.193230767,0,0,0,2073.613631124,827.473508701,943.998088252,0,306.942034171,0,-4.8,84300.169452048,78160.71546078,335.209877603,16303.630227401,10642.882288241,5660.74793916,53205.792395177,0,2645.465792367,4361.689265933,1308.927902299,935.576921499,0,373.3509808,0,6139.453991268,5008.55,5000,0,98.8,-90.25,0,0,302.019790303,0,0,828.884200965,0,
15,2018,99964.107627218,680.259127502,1275.368798168,13447.646599379,12738.177018639,709.46958074,0,0,0,0,62.021072161,55751.006610433,56316.351513938,-565.344903505,0,0,0,24387.912715695,24444.023730519,0,-56.111014824,14.736288513,0,0,0,0,24.54,-9.803711487,529.28759894,279.20734173,562.058876913,-282.851535183,0,0,0,250.08025721,355.722349547,-105.642092337,0,0,0,3815.868816427,2355.45411778,1116.408031639,0,348.806667008,0,-4.8,99964.107627218,91166.86959938,1469.369844175,16755.979976142,11206.813979819,5549.165996323,60362.575007,0,2554.086683211,8156.40089872,1868.457190132,1379.622216389,0,488.834973743,0,8797.238027838,6607.76063,6599.21063,0,98.8,-90.25,0,0,688.441619221,0,0,1501.035778617,0,
15,2019,118159.970847748,712.715793026,2072.665956459,17493.631511831,14352.506292012,3141.125219819,0,496.581,496.581,0,70.802974907,70366.005219323,71090.741071723,-724.7358524,0,0,0,22873.713733332,22934.12742873,0,-60.413695398,4.838475818,0,0,0,0,24.54,-19.701524182,595.40256954,316.367768679,645.486497178,-329.118728499,0,0,0,279.034800861,418.215816476,-139.181015615,0,0,0,3473.613613512,1683.91235304,1401.52398552,0,392.977274952,0,-4.8,118159.970847748,106652.82048898,170.25632226,18368.865706788,13693.945020646,4674.920686142,69142.056294441,0,4628.453305634,11764.565982207,2578.62287765,1701.352095988,0,877.270781662,0,11507.150358768,8049.788003124,7898.57075,0,151.217253124,0,0,0,1075.944773514,0,0,2381.41758213,0,
15,2020,152528.878791414,932.451084828,4087.881039948,16383.840701485,15188.220574435,1195.62012705,0,929.4095,929.4095,0,65.58813774,88300.510917677,89237.886166154,-937.375248477,387.075,390,-2.925,33588.023036072,33607.191427787,0,-19.168391715,2.90524655,0,0,0,0,22.54,-19.63475345,545.543991339,272.377860252,647.867062875,-375.489202623,0,0,0,273.166131087,448.220335527,-175.05420444,0,0,0,7305.650135775,5495.30781013,1519.027836647,0,296.114488998,0,-4.8,152528.878791414,135093.495665351,152.190306083,22837.720715725,16669.339234868,6168.381480857,87171.375610769,0,4935.420712862,16334.5625,3662.225819912,1924.004066681,0,1738.221753231,0,17435.383126063,12662.024727348,10959.06343,0,1702.961297348,0,0,0,1605.440094315,0,0,3167.9183044,0,
15,2021,184491.035016344,713.556130605,3852.855231576,22594.539046752,21131.42216771,1463.116879042,0,4565.00002,4565.00002,0,125.80684036,100934.632861292,102050.733038455,-1116.100177163,0.6619975,0.667,-0.0050025,40968.392205017,40980.428800914,0,-12.036595897,0,0,0,0,0,0,0,554.723909013,285.125671227,700.882375334,-415.756704107,0,0,0,269.598237786,481.698064944,-212.099827158,0,0,0,10180.866774229,8178.697054209,1460.394782927,0,546.574937093,0,-4.8,184491.035016344,162686.025615989,130.606957051,32038.024327577,20066.737249229,11971.287078348,98804.612775544,0,4996.402838269,22628.65,4087.728717548,2241.721655538,0,1846.00706201,0,21805.009400355,15401.514927348,13698.82863,0,1702.686297348,0,0,0,2266.840303564,0,0,4136.654169443,0,
15,2022,193994.237850692,793.464354495,3225.386957711,20636.255208899,18426.225031606,2210.030177293,0,142.8375,142.8375,0,360.044007067,118220.309912203,119802.569762625,-1582.259850422,0.6619975,0.667,-0.0050025,37333.104826049,37367.365873931,0,-34.261047882,0,0,0,0,0,0,0,583.606445091,278.874747262,739.580060425,-460.705313163,0,0,0,304.731697829,555.866230889,-251.13453306,0,0,0,12698.566641677,7370.512044658,1936.731434792,0,3396.123162227,0,-4.8,193994.237850692,168721.99846786,2594.629745606,22638.642858433,20066.839186311,2571.803672122,102203.189310223,0,3168.474390481,32022.7375,6094.3246631170005,2882.487376181,0,3211.837286936,0,25272.239382832,15401.514927348,13698.82863,0,1702.686297348,0,0,0,2793.404054952,0,0,7077.320400532,0,
15,2023,240114.274727459,779.733563086,6965.365039785,33900.21647951,32303.914945061,1596.301534449,0,0,0,0,41.473565365,144704.316896607,147206.466215571,-2502.149318964,546.76825,550.9,-4.13175,40291.755021791,40331.397720516,0,-39.642698725,0,0,0,0,0,0,0,554.56503965,269.540873296,783.657134113,-514.116260817,0,0,0,285.024166354,581.433546142,-296.409379788,0,0,0,12330.080871665,7866.78630983,2528.258177998,0,1939.836383837,0,-4.8,240114.274727459,211578.571256589,94.394453562,31039.865195767,27227.630888883,3812.234306884,125945.932418559,0,4358.195253813,37808.325,12331.858934888,4694.175199277,0,7637.683735611,0,28535.70347087,20601.514927348,20548.24294,0,53.271987348,0,0,0,2588.756524494,0,0,5345.432019028,0,
15,2024,280712.371670087,787.773771826,2377.473012237,39126.199257631,38922.550757631,203.6485,0,0,0,0,0,168295.145827686,170844.469638663,-2549.323810977,5041.128156935,5079.222324368,-38.094167433,52589.033787156,52635.610527457,0,-46.576740301,0,0,0,0,0,0,0,630.506628479,341.299885196,897.989633453,-556.689748257,0,0,0,289.206743283,637.354945135,-348.148201852,0,0,0,11865.111228137,7092.839311432,2778.453061157,0,1998.618855548,0,-4.8,280712.371670087,249041.326236763,3469.535552139,45008.281205498,43798.252294422,1210.028911076,142459.763487912,356.262657844,5942.083509395,44010.7125,7794.687323975,2654.975316203,0,5138.71749648,0.994511292,31671.045433324,24711.163507348,24657.89152,0,53.271987348,0,0,0,3223.626131166,0,0,3736.25579481,0,
16,2015,107587.385,480.567,1885.088,5423.331,4673.764,751.884,-2.317,0,0,0,34.196,55470.066,56164.794,-694.728,0,0,0,32159.897,29827.164,2680.135,-347.402,324.731,0,0,0,0,324.731,0,1172.472,767.451,1213.838,-446.387,0,0,0,405.021,462.532,-57.511,0,0,0,10637.037,6570.953,3530.106,0,542.393,380.637,-6.415,107587.385,99986.865,6344.833,11199.634,6917.588,4282.046,77628.984,0,1094.5,2000,1718.914,1470.556,0,248.358,0,7600.52,6523.331,6460,0,63.331,0,0,0,713.468,0,0,363.721,0,
16,2016,141865.255,639.592,12219.567,9277.203,8097.203,1184.634,-4.634,0,0,0,19.369,78705.746,79676.162,-970.416,0,0,0,33246.425,32496.712,1553.047,-803.334,324.731,0,0,0,0,324.731,0,1255.165,828.944,1414.803,-585.859,0,0,0,426.221,487.613,-61.392,0,0,0,6177.457,2716.945,2862.16,0,601.291,311.43,-2.939,141865.255,133533.37,310.737,14796.745,7959.893,6836.852,110984.894,0,1107.95,4100,2233.044,1670.585,0,562.459,0,8331.885,6523.331,6460,0,0,0,0,63.331,867.572,0,0,940.982,0,
16,2017,163433.639,892.779,10939.956,12352.188,10922.188,1434.634,-4.634,0,0,0,0,99391.852,100621.236,-1229.384,0,0,0,31863.91,30934.26,1715.663,-786.013,324.731,0,0,0,0,324.731,0,1454.298,998.032,1743.662,-745.63,0,0,0,456.266,534.098,-77.832,0,0,0,6213.925,2636.507,2935.137,0,642.281,242.291,0,163433.639,154050.381,1331.519,13538.858,11486.217,2052.641,128275.377,49.12,1121.25,6157.131,3577.126,2297.835,0,1279.291,0,9383.258,6523.331,6460,0,63.331,0,0,0,1065.944,0,0,1793.983,0,
16,2018,175094.532,1663.726,6255.784,5108.151,4208.151,904.634,-4.634,0,0,0,65.547,117710.462,119193.424,-1482.962,0,0,0,35665.848,35180.371,1175.212,-689.735,324.731,0,0,0,0,324.731,0,1462.219,985.638,1913.835,-928.197,0,0,0,476.581,577.22,-100.639,0,0,0,6838.064,2301.735,3805.901,0,730.428,173.038,0,175094.532,164893.64,7345.046,16440.956,12048.343,4392.613,124948.075,0,1161.5,10119.764,4878.299,4066.959,0,811.34,0,10200.892,7563.325,7499.994,0,63.331,0,0,0,1205.138,0,0,1432.429,0,
16,2019,202058.04,1213.646,6621.943,11663.649,9262.526,2401.123,0,0,0,0,87.9,138802.033,140522.626,-1720.593,0,0,0,34796.118,34782.319,359.343,-345.544,324.731,0,0,0,0,324.731,0,1503.478,1034.898,2129.044,-1094.146,0,0,0,468.58,594.032,-125.452,0,0,0,7044.542,2113.871,4287.03,0,643.641,103.785,0,202058.04,189478.24,287.008,17533.192,12947.426,4585.766,136847.259,0,1158.625,28155.937,5496.219,4575.779,0,920.44,0,12579.8,8944.772,8881.441,0,63.331,0,0,0,1473.387,0,0,2161.641,0,
16,2020,242342.951,3499.27,6758.98,13959.435,13543.185,416.25,0,279,279,0,218.101,174356.335,176621.536,-2265.201,0,0,0,33360.012,33374.328,0,-14.316,315.931,0,0,0,0,315.931,0,1620.975,1147.32,2408.825,-1261.505,0,0,0,473.655,625.215,-151.56,0,0,0,7974.912,836.73,6046.092,0,1095.221,34.342,-3.131,242342.951,228111.225,224.189,14745.116,12018.25,2726.866,174525.987,0,0,32251.205,6364.728,5086.061,0,1278.667,0,14231.726,10746.446,10746.389,0,0.057,0,0,0,1752.673,0,0,1732.607,0,
16,2021,289193.879,2751.278,9867.646,22438.493,21287.76,1150.733,0,232.521,232.521,0,84.831,205783.434,208954.136,-3170.702,0,0,0,38689.486,38706.805,0,-17.319,315.931,0,0,0,0,315.931,0,1584.457,1092.819,2530.702,-1437.883,0,0,0,491.638,672.549,-180.911,0,0,0,7445.802,1248.734,5383.067,0,818.92,0,-4.919,289193.879,272392.002,1702.874,46281.38,36848.831,9432.549,180273.213,0,0,36737.629,7396.906,5696.602,0,1700.304,0,16801.877,12035.962,12035.905,0,0.057,0,0,0,2183.66,0,0,2582.255,0,
16,2022,327745.847,2983.877,10323.7,31967.998,31367.998,658.198,-58.198,566.28,566.28,0,0,230636.976,235506.871,-4869.895,257.484,260.453,-2.969,42007.29,42007.29,0,0,315.931,0,0,0,0,315.931,0,1693.198,1202.795,2829.739,-1626.944,0,0,0,490.403,678.956,-188.553,0,0,0,6993.113,2185.961,4149.087,0,665.15,0,-7.085,327745.847,303690.693,3076.781,39660.022,37694.447,1965.575,215888.025,42.03,0,35048.167,9975.668,6525.149,0,3450.519,0,24055.154,17291.111,17291.054,0,0.057,0,0,0,2860.199,0,0,3903.844,0,
16,2023,382863.179,2382.762,14578.444,35527.676,35059.076,526.177,-57.577,580.44,580.44,0,0,271972.649,275430.884,-3458.235,21.796,21.961,-0.165,46844.368,46844.368,0,0,348.718,0,0,0,0,348.718,0,1949.987,1170.643,2940.904,-1770.261,0,0,0,779.344,996.036,-216.692,0,0,0,8656.339,3050.171,5037.867,0,575.737,0,-7.436,382863.179,348745.779,89.576,50112.429,47152.604,2959.825,237391.609,75.786,0,47909.881,13166.498,9839.488,0,3327.01,0,34117.4,25576.221,25576.164,0,0.057,0,0,0,3696.036,0,0,4845.143,0,
16,2024,508330.398,1162.384,14369.534,96455.319,89027.361,7484.935,-56.977,660.321,660.321,0,9.137,327276.218,331606.315,-4330.097,0,0,0,58080.339,58080.339,0,0,548.808,0,0,0,0,548.808,0,2731.787,1715.789,3469.789,-1754,0,0,0,1015.998,1258.422,-242.424,0,0,0,7036.551,1535.761,4745.521,0,761.672,0,-6.403,508330.398,464992.098,1271.377,115349.011,105407.431,9941.58,283171.846,0,0,55458.916,9740.948,7816.59,0,1924.358,0,43338.3,25576.221,25576.164,0,0.057,0,0,0,5640.216,0,0,12121.863,0,
17,2015,84756.842,564.169,6084.391,11892.423,9227.423,2665,0,0,0,0,0,42439.383,42805.631,-366.248,50.575,63.818,-13.243,17525.52,12002.991,5659.934,-137.405,183.187,0,0,0,0,183.187,0,349.309,256.201,522.939,-266.738,0,0,0,93.108,165.72,-72.612,317.318,320.317,-2.999,5350.567,1864.724,1909.07,0,1580.744,0,-3.971,84756.842,78987.981,181.477,18073.04,10653.524,7419.516,57018.437,14.315,16.033,2900,784.679,649.11,0,135.569,0,5768.861,5465.881,5465.826,0,0,0,0,0.055,156.111,0,0,146.869,0,
17,2016,103364.962,708.369,2364.806,15215.142,10755.668,4459.474,0,0,0,0,0,58445.297,58988.895,-543.598,50.575,63.818,-13.243,19731.935,15446.564,4897.11,-611.739,183.187,0,0,0,0,183.187,0,347.157,243.208,546.079,-302.871,0,0,0,103.949,187.729,-83.78,290.134,293.904,-3.77,6028.36,1592.15,2130.2,0,2312.2,0,-6.19,103364.962,97485.132,348.189,20779.035,12939.085,7839.95,72130.806,65.794,0.393,2900,1260.915,1187.167,0,73.748,0,5879.83,5465.881,5465.826,0,0,0,0,0.055,173.629,0,0,240.32,0,
17,2017,125008.96,735.333,3409.37,17229.949,15168.298,2061.651,0,4460.342,4460.342,0,10.911,69921.052,70525.51,-604.458,41.832,41.832,0,22060.211,18248.264,4876.43,-1064.483,179.024,0,72,0,72,107.024,0,374.686,230.084,571.56,-341.476,0,0,0,144.602,242.951,-98.349,260.921,266.115,-5.194,6325.329,1570.119,2525.25,0,2238.918,0,-8.958,125008.96,118834.355,310.758,32601.506,18711.084,13890.422,80039.516,0,0.393,3728,2154.182,1797.5,0,356.682,0,6174.605,5465.881,5465.826,0,0,0,0,0.055,219.358,0,0,489.366,0,
17,2018,140487.19,1020.865,1704.282,19139.676,16376.487,2763.189,0,7221.868,7305.621,-83.753,0,83008.343,83910.159,-901.816,32.201,41.832,-9.631,20533.761,17839.505,3858.617,-1164.361,205.729,0,72,0,72,191.423,-57.694,775.512,223.486,603.837,-380.351,0,0,0,552.026,671.058,-119.032,239.893,245.769,-5.876,6605.06,1316.732,2842.938,0,2460.013,694.254,-14.623,140487.19,132185.685,7282.152,29248.786,20335.937,8912.849,84344.557,70.23,1.02,8105,3133.94,2766.52,0,367.42,0,8301.505,7688,7688,0,0,0,0,0,194.795,0,0,418.71,0,
17,2019,157398.288,1290.009,3231.833,25399.935,24135.256,1264.679,0,1262.704,1310.696,-47.992,33.417,97484.362,98613.839,-1129.477,0,0,0,20654.282,20368.222,319.364,-33.304,120.759,0,0,0,0,147.848,-27.089,770.572,211.74,630.071,-418.331,0,0,0,558.832,696.981,-138.149,241.518,248.295,-6.777,6908.897,1134.339,3380.276,0,2421.265,623.048,-26.983,157398.288,146472.446,238.592,31469.651,21274.592,10195.059,95727.318,0,1.02,15679.18,3356.685,3019.412,0,337.273,0,10925.842,9369,9369,0,0,0,0,0,231.99,0,0,1324.852,0,
17,2020,180207.288,1012.228,3374.359,25741.179,25641.179,100,0,2693.849,2705.92,-12.071,144.604,107760.914,108869.236,-1108.322,0,0,0,32180.304,31901.137,319.364,-40.197,102.912,0,0,0,0,131.666,-28.754,862.487,283.496,739.271,-455.775,0,0,0,578.991,741.512,-162.521,240.934,249.06,-8.126,6093.518,1282.827,2598.213,0,2247.143,551.843,-34.665,180207.288,166536.91,205.702,42516.673,25388.472,17128.201,113276.597,0,1.02,7064.74,3472.178,3065.15,0,407.028,0,13670.378,12087.442,12087.442,0,0,0,0,0,456.11,0,0,1126.826,0,
17,2021,211663.515,1076.028,4799.36,42590.477,35233.492,7356.985,0,13082.63,13094.009,-11.379,0,125806.542,127588.159,-1781.617,0,0,0,16819.782,16199.886,663.222,-43.326,85.091,0,0,0,0,86.534,-1.443,882.503,286.268,678.972,-392.704,0,0,0,596.235,760.635,-164.4,65.564,70.809,-5.245,6455.538,1991.841,1679.591,0,2825.2,-480.637,-41.094,211663.515,193000.251,2172.763,58365.998,35552.732,22813.266,109784.637,47.804,1.02,19053.2,3574.829,2947.979,0,626.85,0,18663.264,15595.507,14784.884,0,810.623,0,0,0,855.641,0,0,2212.116,0,
17,2022,231423.056,1037.807,9826.851,45068.41,41462.465,3605.945,0,3987.085,3987.085,0,0,151522.983,153955.992,-2433.009,0,0,0,8646.945,7951.304,715.458,-19.817,61.313,0,0,0,0,62.432,-1.119,1085.692,427.189,877.679,-450.49,0,0,0,658.503,854.399,-195.896,58.047,64.466,-6.419,10127.923,5490.462,2594.093,0,2083.798,-409.431,-40.43,231423.056,205190.836,3838.696,59719.627,44265.765,15453.862,115547.271,14.963,1.02,21504.6,4564.659,3699.83,0,864.829,0,26232.22,21607.167,20402.983,0,1204.184,0,0,0,1155.967,0,0,3469.086,0,
17,2023,266121.915,851.299,2799.895,48698.574,45808.024,2890.55,0,8353.236,8353.236,0,0,176773.874,179751.893,-2978.019,0,0,0,14286.766,14035.545,350.458,-99.237,61.892,0,0,0,0,62.432,-0.54,1269.298,551.265,1082.873,-531.608,0,0,0,718.033,955.941,-237.908,56.584,64.177,-7.593,12970.497,7092.858,3318.857,0,2588.785,338.226,-30.003,266121.915,235825.076,2538.637,66698.038,47046.799,19651.239,144840.006,107.131,1.02,16846.1,4794.144,3743.466,0,1050.678,0,30296.839,25063.167,24957,0,106.167,0,0,0,1715.339,0,0,3518.333,0,
17,2024,325698.848,963.723,11299.668,70243.963,67919.703,2324.26,0,8866.716,8868.966,-2.25,0,206073.21,209354.643,-3281.433,0,0,0,19632.455,17555.894,2427.019,-350.458,62.069,0,0,0,0,62.432,-0.363,1367.03,488.465,1091.952,-603.487,0,0,0,878.565,1163.201,-284.636,54.01,62.778,-8.768,7136.004,2202.813,2581.613,0,2380.855,267.021,-29.277,325698.848,290695.993,2064.483,85303.651,55895.146,29408.505,168320.164,303.574,1.02,30450.2,4252.901,2922.277,0,1330.624,0,35002.855,28353.167,28350,0,3.167,0,0,0,2666.271,0,0,3983.417,0,
18,2015,76220.834,621.5,1227.426,20290.118,17809.208,2480.91,0,0,0,0,11.15,27977.664,28240.322,-262.658,0,0,0,21578.948,21165.71,604.132,-190.894,0,0,0,0,0,0,0,134.016,99.684,208.522,-108.838,0,0,0,34.332,81.705,-47.373,0,0,0,4380.012,3680.395,864.882,0,734.506,0,-899.771,76220.834,71422.169,2017.98,29395.609,18995.18,10400.429,39505.447,0,0,0,503.133,398.462,0,104.671,0,4798.665,4527.197,5550,0,-1019.999,-2.804,0,0,42.133,0,0,229.335,0,
18,2016,106311.115,815.148,1362.317,23784.661,19237.389,4547.272,0,0,0,0,29.149,46233.626,46642.977,-409.351,677.53,682.805,-5.275,29882.518,29175.883,1019.638,-313.003,0,0,0,0,0,0,0,144.374,100.386,239.253,-138.867,0,0,0,43.988,103.947,-59.959,0,0,0,3381.792,1768.738,1310.216,0,1191.527,0,-888.689,106311.115,100629.629,1500.282,41245.247,24734.8,16510.447,55082.028,0,1211.925,0,1590.147,857.986,0,732.161,0,5681.486,5040.125,5842.105,0,-718.828,-83.152,0,0,76.15,0,0,565.211,0,
18,2017,124118.747,1176.978,2364.13,22589.779,22189.779,400,0,0,0,0,0,62747.997,63422.643,-674.646,580.054,584.605,-4.551,25465.002,24938.137,994.187,-467.322,0,0,0,0,0,0,0,250.772,174.892,355.912,-181.02,0,0,0,75.88,162.708,-86.828,0,0,0,8944.035,6469.536,1271.77,0,1239.829,0,-37.1,124118.747,117442.03,1082.224,40757.187,27758.93,12998.257,70298.586,84.351,132.484,3481.154,1606.044,1134.311,0,471.733,0,6676.717,5552.176,5842.105,0,-234.446,-55.483,0,0,160.932,0,0,963.609,0,
18,2018,136179.403,1332.025,4692.735,16340.793,15680.793,660,0,0,0,0,0,76295.237,77185.148,-889.911,1265.452,1273.714,-8.262,24899.523,24641.343,801.215,-543.035,0,0,0,0,0,0,0,300.052,202.863,441.079,-238.216,0,0,0,97.189,212.497,-115.308,0,0,0,11053.586,8029.724,1339.091,0,1684.771,0,0,136179.403,125557.718,4752.198,33491.419,18653.62,14837.799,76138.062,108.589,247.228,8715.178,2105.044,1341.405,0,763.639,0,10621.685,8510.485,8565.892,0,0.076,-55.483,0,0,305.473,0,0,1805.727,0,
18,2019,164438.534,1654.531,7760.937,21023.865,19261.332,1762.533,0,0,0,0,12.987,94435.382,95643.7,-1208.318,1041.334,1050.606,-9.272,26075.064,26139.104,44.7,-108.74,0,0,0,0,0,0,0,570.994,368.965,698.012,-329.047,0,0,0,202.029,370.895,-168.866,0,0,0,11863.44,9067.601,1311.427,0,1499.72,0,-15.308,164438.534,151363.855,828.005,40213.903,28948.393,11265.51,92439.495,0,706.047,14426.02,2750.385,2034.579,0,715.806,0,13074.679,7882.729,8565.892,0,0.076,-683.239,0,0,576.259,0,0,4615.691,0,
18,2020,206314.594,2214.265,9108.762,12698.296,8685.78,4012.516,0,0,0,0,77.344,118084.61,119990.991,-1906.381,1043.036,1051.094,-8.058,48095.142,48197.336,44.7,-146.894,0,0,0,0,0,0,0,708.842,475.619,934.334,-458.715,0,0,0,233.223,483.915,-250.692,0,0,0,14284.297,11084.592,1677.236,0,1576.17,0,-53.701,206314.594,189570.196,697.937,40879.958,19401.344,21478.614,115903.526,0,688.576,27438.818,3961.381,2608.422,0,1352.959,0,16744.398,9859.189,10716.717,0,51.071,-908.599,0,0,862.35,0,0,6022.859,0,
18,2021,292827.078,2553.309,18039.848,48752.914,35868.051,12884.863,0,0,0,0,0,139462.565,141227.857,-1765.292,960.393,967.65,-7.257,62404.684,62735.195,44.7,-375.211,0,0,0,0,0,0,0,788.613,512.87,1133.034,-620.164,0,0,0,275.743,620.296,-344.553,0,0,0,19864.752,16282.628,1935.129,0,1650.611,0,-3.616,292827.078,266840.008,564.074,87015.96,53315.464,33700.496,139562.262,77.705,401.664,35405.147,3813.196,2583.032,0,1230.164,0,25987.07,18378.52,15817.555,0,2560.965,0,0,0,1388.879,0,0,6219.671,0,
18,2022,328634.007,2426.932,11988.501,53364.944,36886.065,16478.879,0,0,0,0,203.247,159160.375,160992.963,-1832.588,180.61,181.975,-1.365,74376.644,74520.673,44.7,-188.729,0,0,0,0,0,0,0,1205.386,903.413,1725.795,-822.382,0,0,0,301.973,750.811,-448.838,0,0,0,25727.368,17545.725,3140.637,0,5046.097,0,-5.091,328634.007,296394.955,433.439,73496.158,47265.806,26230.352,194959.921,0,164.923,20429.954,6910.56,4125.419,0,2785.141,0,32239.052,18378.52,15817.555,0,2560.965,0,0,0,2113.255,0,0,11747.277,0,
18,2023,356633.972,2338.561,9213.809,52353.119,33889.232,18463.887,0,0,0,0,0,202586.102,205262.092,-2675.99,92.062,92.757,-0.695,65335.805,65391.552,44.7,-100.447,0,0,0,0,0,0,0,1058.905,729.429,1785.66,-1056.231,0,0,0,329.476,886.455,-556.979,0,0,0,23655.609,15196.087,3867.722,0,4681.8,0,-90,356633.972,323891.055,338.42,83965.697,62399.297,21566.4,208261.56,66.15,74.311,24216.267,6968.65,4978.734,0,1989.916,0,32742.917,22016.35,22016.35,0,0,0,0,0,3052.367,0,0,7674.2,0,
18,2024,418028.391,1292.735,22708.369,70520.7,62182.536,8338.164,0,0.001,0.001,0,0,247238.856,250331.368,-3092.512,766.739,772.533,-5.794,59472.044,59549.367,44.7,-122.023,0,0,0,0,0,0,0,1221.874,856.699,2134.077,-1277.378,0,0,0,365.175,1027.747,-662.572,0,0,0,14807.073,7033.567,3285.02,0,4518.359,0,-29.873,418028.391,380433.922,238.268,94513.809,76597.834,17915.975,242805.789,131.331,93.606,36632.2,6018.919,3519.767,0,2499.152,0,37594.469,26419.562,26419.562,0,0,0,0,0,3721.866,0,0,7452.942,0.099,
19,2015,64374.686,573.98,1737.113,11592.331,1312.551,10279.78,0,0,0,0,23.587,30530.486,30915.308,-384.822,0,0,0,15189.676,11661.971,4076.71,-549.005,310.91,0,44.191,0,44.191,268.791,-2.072,980.341,567.678,850.758,-283.08,0,0,0,412.663,541.381,-128.718,128.689,131.144,-2.455,3307.573,1667.163,919.593,0,852.532,0,-131.715,64374.686,58584.425,799.795,9096.176,1033.719,8062.457,47529.915,0,280.328,0,878.211,601.322,0,276.889,0,5790.261,5248.159,4798,0.994,449.165,0,0,0,325.701,0,0,216.401,0,
19,2016,74171.503,633.746,1529.072,12379.072,2965.266,9413.806,0,0,0,0,92.149,39209.631,39796.167,-586.536,694.161,715.25,-21.089,15056.462,12512.204,3378.637,-834.379,311.649,0,45.065,0,45.065,268.791,-2.207,829.82,535.562,871.312,-335.75,0,0,0,294.258,445.119,-150.861,101.544,104.775,-3.231,3334.197,2085.847,984.136,0,420.111,0,-155.897,74171.503,68329.041,1643.448,13105.264,5939.519,7165.745,51524.592,0,311.91,400,1343.827,766.423,0,577.404,0,5842.462,5320.49,5319.496,0.994,0,0,0,0,292.065,0,0,229.907,0,
19,2017,84503.069,873.194,1113.833,13656.131,4707.778,8948.353,0,198.5,200,-1.5,101.758,47142.603,47902.493,-759.89,321.164,323.672,-2.508,17304.475,15532.523,2894.834,-1122.882,313.319,0,44.929,0,44.929,268.791,-0.401,819.621,547.952,939.374,-391.422,0,0,0,271.669,444.779,-173.11,98.585,102.453,-3.868,2559.886,1106.205,1147.807,0,477.096,0,-171.222,84503.069,78384.48,0,16830.238,8510.245,8319.993,57897.88,0,286.337,1965.72,1404.305,1038.779,0,365.526,0,6118.589,5320.49,5319.496,0.994,0,0,0,0,370.277,0,0,427.822,0,
19,2018,89997.891,859.99,2171.731,9138.882,6718.744,2420.138,0,0,0,0,107.851,51537.029,52184.147,-647.118,278.331,280.516,-2.185,21151.186,18420.114,3670.5,-939.428,268.791,0,0,0,0,268.791,0,970.104,565.012,1011.111,-446.099,0,0,0,405.092,598.819,-193.727,72.473,74.03,-1.557,3441.523,1989.902,1004.753,0,609.845,0,-162.977,89997.891,83129.146,6753.044,9343.977,4237.529,5106.448,62259.884,0,1151.99,1943.038,1677.213,1065.874,0,611.339,0,6868.745,5320.49,5319.496,0.994,0,0,0,0,480.167,0,0,1068.088,0,
19,2019,102556.924,757.147,6802.645,17854.55,9706.163,8148.387,0,0,0,0,49.812,56070.111,56802.965,-732.854,151.756,153.234,-1.478,16472.167,15009.95,1867.538,-405.321,268.791,0,0,0,0,268.791,0,950.242,574.358,1078.447,-504.089,0,0,0,375.884,595.196,-219.312,71.227,74.03,-2.803,3108.476,1038.953,855.728,0,1389.566,0,-175.771,102556.924,94714.145,0,16734.947,8465.97,8268.977,69574.328,0,1161.95,5191.04,2051.88,1545.671,0,506.209,0,7842.779,5714.108,5713.114,0.994,0,0,0,0,639.633,0,0,1489.038,0,
19,2020,116366.981,579.345,996.258,28459.28,24886.89,3572.39,0,2001.253,2001.459,-0.206,0,62588.033,63293.151,-705.118,152.085,153.234,-1.149,16685.823,15012.61,1970.387,-297.174,166.324,0,0,0,0,182.978,-16.654,955.727,578.998,1140.762,-561.764,0,0,0,376.729,624.943,-248.214,69.98,74.03,-4.05,3712.873,1747.9,776.959,0,1392.708,0,-204.694,116366.981,107455.632,0,26502.701,22904.484,3598.217,72508.223,74.781,937.752,5605.93,1826.245,1394.142,0,432.103,0,8911.349,5714.108,5713.114,0.994,0,0,0,0,811.219,0,0,2386.022,0,
19,2021,121694.509,485.554,4400.485,21402.118,16912.324,4489.794,0,4875.651,4876.884,-1.233,115.879,68242.957,68983.999,-741.042,152.085,153.234,-1.149,17011.398,15346.848,1981.37,-316.82,116.936,0,0,0,0,116.936,0,913.864,551.507,1161.903,-610.396,0,0,0,362.357,639.707,-277.35,68.733,74.029,-5.296,3908.849,2079.329,768.979,0,1283.149,0,-222.608,121694.509,109965.446,0,27415.045,19894.693,7520.352,67839.732,0,558.561,11405.93,2746.178,1426.103,0,1320.075,0,11729.063,7005.272,6969.999,0.994,34.279,0,0,0,819.052,0,0,3904.739,0,
19,2022,130146.645,480.517,2705.647,20494.54,20494.54,0,0,134.799,134.799,0,440.445,80984.119,82010.652,-1026.533,1042.125,1050,-7.875,17437.307,16820.211,659.385,-42.289,116.936,0,0,0,0,116.936,0,1074.384,583.336,1243.279,-659.943,0,0,0,491.048,800.899,-309.851,67.488,74.03,-6.542,5168.338,3061.716,1050.13,0,1267.7,0,-211.208,130146.645,117093.252,0,22181.282,19401.424,2779.858,84124.615,0,214.756,7700,2872.599,2055.708,0,816.891,0,13053.393,9444.744,9409.471,0.994,34.279,0,0,0,1083.659,0,0,2524.99,0,
19,2023,162099.173,503.043,3167.848,36416.74,36416.74,0,0,871.942,871.942,0,0,96781.614,98107.189,-1325.575,957.762,965,-7.238,18404.913,15377.669,3275.068,-247.824,58.791,0,0,0,0,58.791,0,1084.198,561.529,1274.387,-712.858,0,0,0,522.669,869.407,-346.738,66.242,74.03,-7.788,3786.08,1284.953,1455.147,0,1284.089,0,-238.109,162099.173,148619.956,0,29041.487,27446.777,1594.71,100034.291,265.268,26.613,15600,3652.297,3138.846,0,513.451,0,13479.217,10385.641,10350.368,0.994,34.279,0,0,0,1150.399,0,0,1943.177,0,
19,2024,176713.113,315.917,2669.746,44348.075,43898.442,449.633,0,118.272,118.272,0,0,97032.286,98738.176,-1705.89,6193.062,6239.861,-46.799,20922.414,17767.222,4173.443,-1018.251,58.791,0,0,0,0,58.791,0,1067.133,585.486,1335.517,-750.031,0,0,0,481.647,869.013,-387.366,64.996,74.03,-9.034,3922.421,1817.785,999.098,11.058,1348.05,0,-253.57,176713.113,162688.881,3732.769,45930.839,42765.878,3164.961,90719.121,381.69,9.364,19230,2685.098,1736.021,0,949.077,0,14024.232,10385.641,10350.368,0.994,34.279,0,0,0,1284.297,0,0,2354.294,0,
20,2015,63460.126,744.753,397.723,1747.487,387.077,1430.91,-70.5,97.681,121.187,-23.506,0,41272.165,41754.607,-482.442,0,0,0,14980.757,14419.064,625.875,-64.182,268.678,0,0,0,0,306.243,-37.565,213.381,101.413,243.744,-142.331,0,0,0,111.968,150.22,-38.252,23.44,23.44,0,3714.061,372.918,3268.907,1.298,70.938,0,0,63460.126,58448.459,976.331,2507.372,2.604,2504.768,52895.602,0,0,500.109,1569.045,1441.429,0,127.616,0,5011.667,4407.398,4400,0,7.398,0,0,0,181.43,0,0,422.839,0,
20,2016,75938.148,426.131,402.066,6279.533,222.033,6128,-70.5,104.963,128.469,-23.506,29.299,47658.336,48102.315,-443.979,0,0,0,17231.308,16786.01,611.95,-166.652,252.271,0,0,0,0,287.65,-35.379,658.579,121.365,265.81,-144.445,0,0,0,537.214,590.482,-53.268,15.554,15.554,0,2880.108,95.02,2721.075,1.298,62.715,0,0,75938.148,70131.039,428.139,7138.426,5352.604,1785.822,59156.703,0,7.901,1450,1949.87,1547.005,0,402.865,0,5807.109,5007.398,5000,0,7.398,0,0,0,235.296,0,0,564.415,0,
20,2017,91782.201,503.505,483.537,13124.945,10455.27,2669.675,0,1110.918,1135.82,-24.902,35.812,54874.639,55487.573,-612.934,0,0,0,18112.279,17810.674,595.725,-294.12,251.225,0,0,0,0,287.65,-36.425,655.601,114.411,281.007,-166.596,0,0,0,541.19,604.991,-63.801,8.987,8.987,0,2620.753,80.647,2508.156,3.892,28.058,0,0,91782.201,85407.589,105.97,18837.374,14022.129,4815.245,63415.099,0,3.887,950,2095.259,1803.323,0,291.936,0,6374.612,5007.398,5000,0,7.398,0,0,0,312.172,0,0,1055.042,0,
20,2018,97029.061,460.335,512.34,10826.234,10449.234,377,0,2099.151,2099.151,0,82.891,63385.736,63979.415,-593.679,0,0,0,15695.965,15498.63,487.355,-290.02,268.097,0,0,0,0,303.672,-35.575,654.756,115.855,301.925,-186.07,0,0,0,538.901,609.193,-70.292,7.802,7.802,0,3035.754,106.161,2891.547,2.502,35.544,0,0,97029.061,89946.605,112.491,13405.883,12761.764,644.119,72534.422,0,12.467,1333.848,2547.494,2318.538,0,228.956,0,7082.456,5507.398,5500,0,7.398,0,0,0,400.015,0,0,1175.043,0,
20,2019,107889.769,568.407,495.075,12520.555,12062.775,457.78,0,3136.5,3136.5,0,27.641,72278.567,72933.312,-654.745,0,0,0,14729.864,14636.506,473.078,-379.72,268.66,0,0,0,0,270.66,-2,671.02,132.437,342.831,-210.394,0,0,0,538.583,616.328,-77.745,7.802,7.802,0,3185.678,156.153,2987.795,1.785,39.945,0,0,107889.769,100074.784,196.047,14658.448,13067.379,1591.069,76163.271,0,5.587,6134.254,2917.177,2613.019,0,304.158,0,7814.985,6507.398,6500,0,7.398,0,0,0,486.509,0,0,821.078,0,
20,2020,117189.393,638.946,730.267,12379.375,11778.379,600.996,0,7836.5,7836.5,0,9.739,78618.64,79440.423,-821.783,0,0,0,13218.57,13232.445,0,-13.875,193.66,0,0,0,0,195.66,-2,726.014,149.708,383.691,-233.983,0,0,0,576.306,659.744,-83.438,3.683,3.683,0,2833.999,215.793,2579.789,0.833,37.584,0,0,117189.393,108825.811,147.537,13231.963,13231.03,0.933,86442.223,0,3.12,5889.835,3111.133,2732.698,0,378.435,0,8363.582,7092.398,7085,0,7.398,0,0,0,598.482,0,0,672.702,0,
20,2021,119791.806,649.952,1023.135,10596.053,8680.35,1915.703,0,8528.001,8528.001,0,5.097,83538.267,84598.379,-1060.112,0,0,0,11865.78,11882.28,0,-16.5,147.032,0,0,0,0,162.845,-15.813,759.258,174.474,439.063,-264.589,0,0,0,584.784,674.463,-89.679,14.461,14.461,0,2664.77,191.405,2438.595,0.083,34.687,0,0,119791.806,110740.663,95.504,9086.568,9060.479,26.089,93440.398,0,3.671,5313.965,2800.557,2540.562,0,259.995,0,9051.143,7538.753,7531.355,0,7.398,0,0,0,686.254,0,0,826.136,0,
20,2022,128793.538,711.783,786.421,11894.805,11037.227,857.578,0,4768.29,4768.29,0,103.023,93073.482,94120.6,-1047.118,0,0,0,12948.408,12976.384,0,-27.976,142.878,0,0,0,0,162.845,-19.967,761.286,177.211,472.778,-295.567,0,0,0,584.075,682.213,-98.138,3.683,3.683,0,3599.479,663.435,2886.583,0.082,49.379,0,0,128793.538,118993.107,52.584,11090.139,11047.11,43.029,96904.601,0,3.12,7837.881,3104.782,2624.364,0,480.418,0,9800.431,8141.261,8133.863,0,7.398,0,0,0,794.817,0,0,864.353,0,
20,2023,152243.071,616.57,887.264,15362.5,13602.238,1760.262,0,20992.851,20992.851,0,0,98654.289,99853.975,-1199.686,0,0,0,10548.824,10570.319,0,-21.495,142.53,0,0,0,0,162.845,-20.315,1052.987,176.559,505.197,-328.638,0,0,0,876.428,987.113,-110.685,3.683,3.683,0,3981.573,292.705,3625.739,0,63.129,0,0,152243.071,141374.812,24.116,11158.753,10790.439,368.314,118476.923,97.173,9.807,7062.35,4545.69,4121.944,0,423.746,0,10868.259,8441.555,8334.266,0,107.289,0,0,0,918.864,0,0,1507.84,0,
20,2024,165486.693,566.596,798.225,16023.622,12454.527,3569.095,0,24599.926,24599.926,0,184.066,108228.371,109552.804,-1324.433,0,0,0,9380.559,9400.555,0,-19.996,146.156,0,0,0,0,168.105,-21.949,1058.591,171.659,518.53,-346.871,0,0,0,886.932,1012.665,-125.733,3.683,3.683,0,4496.898,299.819,4125.759,0,71.32,0,0,165486.693,153704.243,7.504,11881.039,11776.283,104.756,122549.687,0,25.652,16020.8,3219.561,2456.206,0,763.355,0,11782.45,9066.625,8959.336,0,107.289,0,0,0,1045.47,0,0,1670.355,0,
21,2015,29019.129,150.918,550.33,3995.217,3195.217,800,0,0,0,0,5.158,15740.252,15863.224,-122.972,0,0,0,7031.712,4097.478,3008.098,-73.864,62.204,0,29.102,0,29.102,33.102,0,377.389,139.836,225.182,-85.346,0,0,0,237.553,279.616,-42.063,0,0,0,1105.949,273.511,749.238,0,138.412,0,-55.212,29019.129,25705.891,721.514,5957.271,4087.139,1870.132,18623.768,0,0,0.015,403.323,370.804,0,32.519,0,3313.238,3000.009,3000,0.001,0.008,0,0,0,154.384,0,0,158.845,0,
21,2016,32384.847,205.204,375.165,2704.057,1732.28,971.777,0,0,0,0,0,20812.625,20994.294,-181.669,0,0,0,6253.241,4151.86,2181.472,-80.091,29.654,0,29.654,0,29.654,0,0,335.285,113.648,201.184,-87.536,0,0,0,221.637,279.562,-57.925,0,0,0,1669.616,1018.31,524.754,0,205.866,0,-79.314,32384.847,29074.199,210.991,3706.878,3406.878,300,24610.095,16.838,0,0.01,529.387,468.883,0,60.504,0,3310.648,3000.009,3000,0.001,0.008,0,0,0,154.758,0,0,155.881,0,
21,2017,39900.916,298.535,672.076,5236.207,4890.407,345.8,0,0,0,0,7.796,24784.843,25031.901,-247.058,0,0,0,6156.729,4881.774,1369.81,-94.855,31.572,0,31.572,0,31.572,0,0,685.34,299.498,405.875,-106.377,0,0,0,385.842,461.577,-75.735,0,0,0,2027.818,1212.746,755.287,0,139.099,0,-79.314,39900.916,36557.194,0,8907.684,7352.43,1555.254,27022.524,0,0,0.01,626.976,577.376,0,49.6,0,3343.722,3000.009,3000,0.001,0.008,0,0,0,154.956,0,0,188.757,0,
21,2018,46551.614,506.749,513.958,6678.62,6217.15,461.47,0,0,0,0,22.591,29349.936,29690.468,-340.532,0,0,0,5956.261,4768.566,1317.258,-129.563,0,0,0,0,0,0,0,767.628,315.631,438.967,-123.336,0,0,0,451.997,549.595,-97.598,0,0,0,2755.871,1651.526,1004.245,0,179.414,0,-79.314,46551.614,43113.657,0,8704.21,7488.51,1215.7,33495.353,0,0,0.01,914.084,771.539,0,142.545,0,3437.957,3000.009,3000,0.001,0.008,0,0,0,159.544,0,0,278.404,0,
21,2019,51808.678,426.641,929.747,9182.236,7538.291,1643.945,0,0,0,0,22.336,33542.39,33994.686,-452.296,0,0,0,3854.322,3593.822,377.437,-116.937,0,0,0,0,0,0,0,1190.951,371.285,521.134,-149.849,0,0,0,819.666,941.675,-122.009,0,0,0,2660.055,1453.556,1028.32,0,249.191,0,-71.012,51808.678,48073.704,0,9435.31,8589.696,845.614,35218.568,0,0,2452.726,967.1,876.025,0,91.075,0,3734.974,3171.009,3171,0.001,0.008,0,0,0,173.656,0,0,390.309,0,
21,2020,61101.561,433.959,1859.542,10901.137,9301.137,1600,0,0,0,0,9.908,39261.211,39832.796,-571.585,0,0,0,4702.998,4708.987,0,-5.989,0,0,0,0,0,0,0,1261.501,383.856,555.734,-171.878,0,0,0,877.645,1024.242,-146.597,0,0,0,2671.305,1543.746,933.997,0,194.132,0,-0.57,61101.561,57211.208,0,9346.264,8920.298,425.966,41372.546,0,0,5223.28,1269.118,1113.534,0,155.584,0,3890.353,3171.009,3171,0.001,0.008,0,0,0,192.362,0,0,526.982,0,
21,2021,76511.392,616.152,2536.676,14852.08,13172.08,1680,0,0,0,0,13.221,45688.71,46389.215,-700.505,0,0,0,9050.568,9051.48,0,-0.912,0,0,0,0,0,0,0,1226.824,416.756,628.294,-211.538,0,0,0,810.068,977.991,-167.923,0,0,0,2527.161,1533.597,856.231,0,151.071,0,-13.738,76511.392,71872.303,0,14740.205,13950.359,789.846,45244.577,0,0,10577.413,1310.108,979.294,0,330.814,0,4639.089,3670.909,3670.9,0.001,0.008,0,0,0,216.505,0,0,751.675,0,
21,2022,79067.497,455.434,2404.213,10213.353,8378.353,1835,0,0,0,0,82.148,50117.927,50859.39,-741.463,0,0,0,11282.618,11144.413,138.205,0,0,0,0,0,0,0,0,1420.971,440.34,692.84,-252.5,0,0,0,980.631,1167.127,-186.496,0,0,0,3090.833,1523.442,1168.3,0,399.091,0,0,79067.497,74064.911,1486.331,11218.162,8716.081,2502.081,50129.097,0,352.5,9484.798,1394.023,1186.1,0,207.923,0,5002.586,3670.909,3670.9,0.001,0.008,0,0,0,253.336,0,0,1078.341,0,
21,2023,87883.977,497.797,1862.83,11359.632,10459.632,900,0,0,0,0,0,56967.126,57768.233,-801.107,0,0,0,12067.336,7704.617,4362.719,0,0,0,0,0,0,0,0,1502.903,471.659,763.771,-292.112,0,0,0,1031.244,1236.818,-205.574,0,0,0,3626.353,1499.414,1467.375,0,659.564,0,0,87883.977,82040.072,0,12506.65,11951.664,554.986,57138.791,20.597,361.725,10023.371,1988.938,1661.356,0,327.582,0,5843.905,5016.809,5016.8,0.001,0.008,0,0,0,249.743,0,0,577.353,0,
21,2024,103536.28,610.881,2766.25,14236.474,13493.474,743,0,0,0,0,0,67189.91,68142.074,-952.164,0,0,0,13094.664,9233.763,4073.911,-213.01,0,0,0,0,0,0,0,1533.907,564.533,908.478,-343.945,0,0,0,969.374,1194.71,-225.336,0,0,0,4104.194,1494.416,1583.154,0,1027.482,0,-0.858,103536.28,97381.371,1557.819,18721.971,13598.809,5123.162,67389.449,2.099,222.364,7525.573,1962.096,1121.576,0,840.52,0,6154.909,5518.471,5518.462,0.001,0.008,0,0,0,257.959,0,0,378.479,0,
22,2015,48230.002089499,285.712297485,1812.435183917,6421.902450952,6036.902450952,385,0,0,0,0,0,20222.030678959,20431.441471031,-209.410792072,0,0,0,10046.019311339,4466.278487845,5579.740823494,0,870.049362772,0,0,0,0,873.967,-3.917637228,1168.506439503,231.116079872,318.360001619,-87.243921747,0,0,0,937.390359631,948.489590011,-11.09923038,0,0,0,7403.346364572,2213.410430591,2410.072642146,0,2808.722153657,0,-28.858861822,48230.002089499,45012.676734203,0,9990.947091975,8189.697591975,1801.2495,34030.972378659,8.050246061,113.884075237,200.097,668.725942271,610.683462372,0,58.042479899,0,3217.325355296,2980.57114003,3010.21552,0,0,-29.64437997,0,0,149.454270308,0,0,87.299944958,0,
22,2016,69011.008,281.946,1626.96,11518.329,9168.006,2350.323,0,0,0,0,33.755,25061.907,25352.217,-290.31,0,0,0,19105.82,11233.021,7892.799,-20,862.682,0,0,0,0,869.6,-6.918,1182.576,237.61,339.37,-101.76,0,0,0,944.966,960.327,-15.361,0,0,0,9337.033,3044.832,3101.018,0,3220.042,0,-28.859,69011.008,65782.843,1209.304,20697.013,16349.471,4347.542,41791.705,0,185.439,918.687,980.695,862.837,0,117.858,0,3228.165,2980.572,3010.216,0,0,-29.644,0,0,155.944,0,0,91.649,0,
22,2017,71841.565,285.896,2336.309,9445.182,8721.932,723.25,0,342.618,342.618,0,0,31751.339,32110.586,-359.247,0,0,0,15470.182,7461.419,8101.727,-92.964,709.682,0,0,0,0,719.6,-9.918,1375.382,267.773,388.816,-121.043,0,0,0,1107.609,1136.245,-28.636,0,0,0,10124.975,4400.632,2729.401,0,3030.801,0,-35.859,71841.565,68623.424,0,15724.536,10878.607,4845.929,45719.622,38.895,218.455,5399.353,1522.563,1183.923,0,338.64,0,3218.141,2980.572,3010.216,0,0,-29.644,0,0,157.516,0,0,80.053,0,
22,2018,72422.17,291.598,1587.706,6683.833,6651.833,32,0,0,0,0,53.079,35281.529,35674.111,-392.582,9.947,10.022,-0.075,16132.945,8864.536,7353.896,-85.487,706.682,0,0,0,0,719.6,-12.918,614.912,163.853,295.518,-131.665,0,0,0,451.059,493.679,-42.62,0,0,0,11059.939,4451.976,2663.644,0,3980.178,0,-35.859,72422.17,69189.404,1244.2,9757.537,8456.393,1301.144,47148.818,0,170.063,9184.275,1684.511,1348.1,0,336.411,0,3232.766,2980.572,3010.216,0,0,-29.644,0,0,157.516,0,0,94.678,0,
22,2019,80394.022,231.724,494.362,15274.646,14390.438,884.208,0,0,0,0,43.925,37483.427,37910.603,-427.176,0,0,0,13195.518,6913.703,6366.102,-84.287,654.682,0,0,0,0,719.6,-64.918,589.531,151.531,303.247,-151.716,0,0,0,438,495.224,-57.224,0,0,0,12426.207,5670.481,3151.544,0,3804.182,0,-200,80394.022,76087.35,0,12414.097,11580.289,833.808,59095.308,0,116.477,2704.19,1757.278,1621.526,0,135.752,0,4306.672,4071.911,4101.555,0,0,-29.644,0,0,157.516,0,0,77.245,0,
22,2020,89601.24,297.561,1550.785,12114.277,12014.277,100,0,0,0,0,38.573,39854.967,40313.272,-458.305,0,0,0,13295.52,7656.115,5866.923,-227.518,654.682,0,0,0,0,719.6,-64.918,563.519,130.908,305.78,-174.872,0,0,0,432.611,504.155,-71.544,0,0,0,21231.356,18722.751,1806.302,0,902.303,0,-200,89601.24,85338.42,0,9027.173,9027.173,0,72084.752,0,71.066,2127.22,2028.209,1816.571,0,211.638,0,4262.82,4071.911,4101.555,0,0,-29.644,0,0,157.516,0,0,33.393,0,
22,2021,73784.029,242.435,1966.518,3201.164,3064.61,136.554,0,0,0,0,0,40923.404,41615.019,-691.615,0,0,0,10108.282,4814.463,5699.462,-405.643,654.682,0,0,0,0,719.6,-64.918,708.033,128.24,323.468,-195.228,0,0,0,579.793,665.904,-86.111,0,0,0,15979.511,11930.572,1981.642,0,2267.297,0,-200,73784.029,69519.809,1.778,609.295,472.675,136.62,64520.093,39.179,43.684,2013.181,2292.599,1558.455,0,734.144,0,4264.22,4071.911,4101.555,0,0,-29.644,0,0,157.516,0,0,34.793,0,
22,2022,89847.242,384.031,3749.729,11658.654,11658.654,0,0,0,0,0,223.373,46762.611,47722.273,-959.662,0,0,0,11452.483,5934.53,5949.596,-431.643,654.682,0,0,0,0,719.6,-64.918,743.115,164.854,382.055,-217.201,0,0,0,578.261,678.926,-100.665,0,0,0,14218.564,10646.522,1513.406,0,2258.636,0,-200,89847.242,84083.014,0,8517.244,8517.244,0,71350.329,0,22.24,1996.755,2196.446,1531.335,0,665.111,0,5764.228,5571.911,5601.555,0,0,-29.644,0,0,157.516,0,0,34.801,0,
22,2023,96249.499,248.513,2287.057,8460.903,8460.903,0,0,0,0,0,0,54266.164,55344.259,-1078.095,0,0,0,13111.761,7736.856,5652.828,-277.923,654.682,0,0,0,0,719.6,-64.918,785.746,171.708,363.648,-191.94,0,0,0,614.038,735.147,-121.109,0,0,0,16434.673,10601.989,3569.597,0,2482.357,0,-219.27,96249.499,91154.827,0,9030.301,9030.301,0,76850.214,26.407,16.658,3166.906,2064.341,1806.629,0,257.712,0,5094.672,5571.911,5601.555,0,0,-29.644,0,0,157.516,0,0,-634.755,0,
22,2024,118498.716,296.645,3507.305,15073.929,15073.929,0,0,0,0,0,0,69978.404,71174.72,-1196.316,0,0,0,18718.304,4550.275,14325.518,-157.489,371.244,0,0,0,0,719.6,-348.356,922.11,208.567,397.059,-188.492,0,0,0,713.543,849.448,-135.905,0,0,0,9630.775,8192.892,499.53,0,2617.793,0,-1679.44,118498.716,112405.87,0,10036.45,10036.45,0,96117.186,86.313,11.15,4304.643,1850.128,1186.011,0,664.117,0,6092.846,11749.988,11779.848,0,-0.216,-29.644,0,0,106.551,0,0,-5763.693,0,
23,2015,25322.238,206.918,721.384,1772.866,1672.866,100,0,0,0,0,0,16080.186,16217.984,-137.798,0,0,0,3479.751,3141.588,416.461,-78.298,30.53,0,0,0,0,30.53,0,1049.432,374.732,464.076,-89.344,0,0,0,674.7,701.704,-27.004,0,0,0,1981.171,637.547,1129.732,0,213.892,0,0,25322.238,21948.891,312.218,1172.538,788.037,384.501,20080.836,0.555,0,0,382.744,284.955,0,97.789,0,3373.347,2965.8,3000,0,0,-34.2,0,0,242.312,0,0,165.235,0,
23,2016,30451.008,299.046,901.778,3090.239,3090.239,0,0,0,0,0,0,19596.649,19766.439,-169.79,0,0,0,2923.124,2335.915,715.408,-128.199,14.521,0,0,0,0,14.521,0,1315.479,584.959,705.329,-120.37,0,0,0,730.52,765.638,-35.118,0,0,0,2310.172,703.72,1274.73,0,331.722,0,0,30451.008,27087.122,200.928,3477.475,3010.758,466.717,22889.16,0,0,0,519.559,401.935,0,117.624,0,3363.886,2965.8,3000,0,0,-34.2,0,0,267.096,0,0,130.99,0,
23,2017,37326.805,433.191,2251.582,4163.859,4163.859,0,0,0,0,0,0,24465.617,24685.503,-219.886,0,0,0,2154.674,1674.482,636.789,-156.597,14.521,0,0,0,0,14.521,0,1401.126,689.015,857.203,-168.188,0,0,0,712.111,756.436,-44.325,143.009,148.282,-5.273,2299.226,410.054,1542.115,0,349.12,0,-2.063,37326.805,33775.208,0,7028.038,6863.405,164.633,26124.192,0,0,0,622.978,480.931,0,142.047,0,3551.597,2965.8,3000,0,0,-34.2,0,0,285.244,0,0,300.553,0,
23,2018,42309.803,519.751,1852.903,5399.327,5399.327,0,0,0,0,0,0.987,29216.772,29471.994,-255.222,0,0,0,1460.5,0,1553.963,-93.463,14.521,0,0,0,0,14.521,0,1487.69,781.619,999.961,-218.342,0,0,0,706.071,759.323,-53.252,96.353,98.921,-2.568,2260.999,317.959,1561.344,0,385.821,0,-4.125,42309.803,38559.656,255.545,7992.502,7829.594,162.908,29206.157,0,0,300,805.452,548.93,0,256.522,0,3750.147,3202.758,3236.958,0,0,-34.2,0,0,226.639,0,0,320.75,0,
23,2019,51102.121,694.761,2998.548,9877.201,9877.201,0,0,0,0,0,0.853,33183.657,33479.645,-295.988,0,0,0,830.764,0,830.764,0,14.521,0,0,0,0,14.521,0,1528.792,786.352,1058.357,-272.005,0,0,0,742.44,808.435,-65.995,94.31,98.921,-4.611,1878.714,245.786,1270.241,0,366.812,0,-4.125,51102.121,47310.267,0,12280.937,11392.828,888.109,32920.772,0,0,1200,908.558,687.964,0,220.594,0,3791.854,3202.758,3236.958,0,0,-34.2,0,0,261.423,0,0,327.673,0,
23,2020,57281.987,755.932,3500.995,11911.947,11911.947,0,0,0,0,0,0,34423.044,34716.197,-293.153,0,0,0,3381.781,0,3381.781,0,14.521,0,0,0,0,14.521,0,1477.785,741.936,1071.74,-329.804,0,0,0,735.849,811.031,-75.182,0,0,0,1815.982,348.049,1066.409,0,405.649,0,-4.125,57281.987,53363.815,0,9153.602,9075.755,77.847,42017.697,0,0,900,1292.516,1018.453,0,274.063,0,3918.172,3202.758,3236.958,0,0,-34.2,0,0,271.573,0,0,443.841,0,
23,2021,83822.488,1046.615,4755.046,29872.517,29085.727,786.79,0,0,0,0,6.036,38020.523,38387.339,-366.816,0,0,0,7087.66,1641.483,5452.133,-5.956,0,0,0,0,0,0,0,1403.268,692.501,1079.371,-386.87,0,0,0,710.767,795.228,-84.461,0,0,0,1630.823,678.8,655.388,0,325.939,0,-29.304,83822.488,79143.071,0,25830.794,25772.472,58.322,51397.605,0,0,300,1614.672,1027.911,0,586.761,0,4679.417,3618.619,3652.819,0,0,-34.2,0,0,290.521,0,0,770.277,0,
23,2022,85760.181,742.817,1347.927,23777.634,19779.134,3998.5,0,144.176,144.176,0,38.707,44122.736,44702.595,-579.859,0,0,0,7584.875,1541.999,6048.842,-5.966,0,0,0,0,0,0,0,1378.608,653.439,1095.674,-442.235,0,0,0,725.169,820.626,-95.457,0,0,0,6622.701,5115.275,1097.493,1.306,437.931,0,-29.304,85760.181,80576.607,2451.824,23646.899,19623.547,4023.352,52195.871,0,0,0,2282.013,1087.458,0,1194.555,0,5183.574,3618.619,3652.819,0,0,-34.2,0,0,406.062,0,0,1158.893,0,
23,2023,86972.602,660.595,6134.683,18373.502,15525.552,2847.95,0,0,0,0,0,51159.819,51783.052,-623.233,0,0,0,3378.95,796.897,2588.098,-6.045,0,0,0,0,0,0,0,1352.003,611.096,1107.087,-495.991,0,0,0,740.907,854.86,-113.953,0,0,0,5913.05,4053.988,1437.931,0.12,450.315,0,-29.304,86972.602,81215.044,0,18118.93,15268.267,2850.663,56897.722,25.404,0,3459.091,2713.897,1607.566,0,1106.331,0,5757.558,3618.619,3652.819,0,0,-34.2,0,0,487.74,0,0,1651.199,0,
23,2024,92176.268,538.41,4207.486,15504.604,15504.604,0,0,0,0,0,0,60451.562,61431.909,-980.347,0,0,0,2973.962,1298.447,1675.515,0,0,0,0,0,0,0,0,1414.961,623.092,1171.451,-548.359,0,0,0,791.869,934.126,-142.257,0,0,0,7085.283,5290.868,1393.393,0,500.378,0,-99.356,92176.268,85571.316,0,15125.547,15117.285,8.262,63521.494,112.476,0,3928.457,2883.342,1002.054,0,1881.288,0,6604.952,3618.619,3652.819,0,0,-34.2,0,0,573.838,0,0,2412.495,0,
24,2015,33030.704,294.204,540.508,5821.44,3992.375,1829.065,0,0,0,0,0,21875.679,22046.389,-170.71,0,0,0,1700.429,1369.024,462.2,-130.795,1.4,0,0,0,0,1.4,0,592.664,524.742,698.222,-173.48,0,0,0,67.922,94.877,-26.955,6.966,7.942,-0.976,2197.414,1473.106,746.798,0,77.679,0,-100.169,33030.704,30280.025,2.257,3757.056,3625.716,131.34,25994.883,1.3,0,0,524.529,408.079,0,116.45,0,2750.679,3000,3000,0,0,0,0,0,79.859,0,0,-329.18,0,
24,2016,36698.31,317.613,690.361,2867.198,2867.198,0,0,0,0,0,0,26085.98,26312.741,-226.761,0,0,0,4701.104,4499.749,314.085,-112.73,0,0,0,0,0,1.4,-1.4,607.629,534.869,754.63,-219.761,0,0,0,72.76,101.413,-28.653,3.89,4.842,-0.952,1424.535,799.512,591.911,0,137.846,0,-104.734,36698.31,33631.49,16.677,2779.258,2779.258,0,30182.134,5.602,0,0,647.819,534.138,0,113.681,0,3066.82,3249,3249,0,0,0,0,0,79.859,0,0,-262.039,0,
24,2017,41533.542,490.608,695.15,4109.331,3722.47,386.861,0,0,0,0,11.155,28469.284,28713.347,-244.063,0,0,0,5708.023,4358.813,1430.348,-81.138,0,0,0,0,0,1.4,-1.4,583.823,507.882,770.637,-262.755,0,0,0,75.941,107.108,-31.167,0,0,0,1466.168,437.624,888.905,0,180.134,0,-40.495,41533.542,38204.267,18.991,6236.158,4453.46,1782.698,31302.611,0,0,0,646.507,584.418,0,62.089,0,3329.275,3249,3249,0,0,0,0,0,79.859,0,0,0.416,0,
24,2018,51672.039,452.715,662.22,7344.368,5714.492,1629.876,0,0,0,0,6.468,35186.646,35495.274,-308.628,0,0,0,4219.19,1944.16,2349.164,-74.134,0,0,0,0,0,1.4,-1.4,580.142,491.272,790.419,-299.147,0,0,0,88.87,123.75,-34.88,19.918,20.111,-0.193,3200.372,2277.475,899.936,0,100.815,0,-77.854,51672.039,47165.259,16.933,5059.706,4441.121,618.585,39855.47,0,0,1000,1233.15,905.108,0,328.042,0,4506.78,4104.521,4104.521,0,0,0,0,0,126.607,0,0,275.652,0,
24,2019,68928.115,594.755,2591.775,7939.208,6777.805,1161.403,0,0,0,0,17.07,40574.424,40918.793,-344.369,0,0,0,10601.097,3492.194,7207.794,-98.891,0,0,0,0,0,1.4,-1.4,784.582,561.95,902.435,-340.485,0,0,0,222.632,267.636,-45.004,0,0,0,5825.204,4198.297,1609.571,0,135.863,0,-118.527,68928.115,63909.731,15.211,10371.598,8476.877,1894.721,49446.57,0,0,2500,1576.352,1304.271,0,272.081,0,5018.384,4190.199,4190.199,0,0,0,0,0,199.455,0,0,628.73,0,
24,2020,91505.109,581.023,2254.297,12534.037,12534.037,0,0,0,0,0,0.052,44345.769,44801.916,-456.147,0,0,0,27537.294,5148.468,22424.702,-35.876,0,0,0,0,0,1.4,-1.4,852.037,566.887,963.139,-396.252,0,0,0,285.15,367.823,-82.673,0,0,0,3400.6,1566.062,1799.931,0,142.475,0,-107.868,91505.109,86227.359,13.73,14643.134,11984.81,2658.324,64537.15,0,0,4993,2040.345,1749.474,0,290.871,0,5277.75,4190.199,4190.199,0,0,0,0,0,244.382,0,0,843.169,0,
24,2021,103377.281,553.51,4636.328,14639.146,14439.146,200,0,0,0,0,18.017,49612.464,50530.156,-917.692,0,0,0,29145.492,552.541,28639.063,-46.112,0,0,0,0,0,1.4,-1.4,813.189,556.195,1012.332,-456.137,0,0,0,256.994,375.874,-118.88,0,0,0,3959.135,2396.258,1446.957,0,134.956,0,-19.036,103377.281,97633.115,11.663,21353.634,16815.939,4537.695,66755.406,0,0,7635.17,1877.242,1537.201,0,340.041,0,5744.166,4776.827,4776.827,0,0,0,0,0,320.264,0,0,647.075,0,
24,2022,111306.635,644.124,1786.003,17517.051,17317.051,200,0,0,0,0,19.619,63007.037,63632.966,-625.929,0,0,0,23450.896,833.121,22647.082,-29.307,0,0,0,0,0,1.4,-1.4,853.171,622.994,1138.986,-515.992,0,0,0,230.177,385.228,-155.051,0,0,0,4028.734,2233.021,1651.273,0,162.916,0,-18.476,111306.635,105039.842,1266.389,20384.708,18677.444,1707.264,75988.224,0,0,5122.17,2278.351,2064.511,0,213.84,0,6266.793,4776.827,4776.827,0,0,0,0,0,398.77,0,0,1091.196,0,
24,2023,138258.073,535.889,9408.855,26547.538,26547.538,0,0,1076.343,1076.343,0,19.848,79976.558,80754.43,-777.872,0,0,0,16440.405,346.65,16093.755,0,0,0,0,0,0,1.4,-1.4,808.768,601.342,1146.737,-545.395,0,0,0,207.426,398.979,-191.553,0,0,0,3443.869,569.392,2707.549,0,177.936,0,-11.008,138258.073,131362.414,9.02,26621.774,23139.484,3482.29,89995.715,0,0,11551.17,3184.735,2929.598,0,255.137,0,6895.659,4776.827,4776.827,0,0,0,0,0,495.8,0,0,1623.032,0,
24,2024,162855.332,548.602,7024.7,35921.2,34021.2,1900,0,340.337,340.337,0,89.061,92493.074,93637.036,-1143.962,0,0,0,22417.404,2729.322,19688.082,0,0,0,0,0,0,0,0,698.874,543.433,1125.997,-582.564,0,0,0,155.441,385.1,-229.659,0,0,0,3322.08,617.707,2560.595,0,157.326,0,-13.548,162855.332,154154.279,222.891,38416.167,33042.361,5373.806,94841.47,0,0,17678.26,2995.491,2568.503,0,426.988,0,8701.053,7139.176,7139.413,0,-0.237,0,0,0,675.985,0,0,885.892,0,
25,2015,17748.745,190.9,477.364,1370.657,1370.657,0,0,0,0,0,3.068,11520.181,11612.018,-91.837,0,0,0,2528.123,0,2772.732,-244.609,117.336,0,0,0,0,118.276,-0.94,947.836,587.865,879.943,-292.078,0,0,0,359.971,412.15,-52.179,0,0,0,593.28,227.09,198.844,0,167.346,0,0,17748.745,14357.801,0,945.771,894.494,51.277,13141.759,0,0,0,270.271,167.664,0,102.607,0,3390.944,3080.716,3080,0,0.716,0,0,0,245.682,0,0,64.546,0,
25,2016,19047.89,200.381,473.922,1882.911,1882.911,0,0,0,0,0,0,12430.861,12533.642,-102.781,0,0,0,2389.792,0,2675.872,-286.08,123.831,0,0,0,0,125.655,-1.824,959.439,602.924,926.259,-323.335,0,0,0,356.515,429.425,-72.91,0,0,0,586.753,221.841,201.191,0,163.721,0,0,19047.89,15533.045,0,1033.791,1028.24,5.551,14168.928,0,0,0,330.326,201.962,0,128.364,0,3514.845,3080.716,3080,0,0.716,0,0,0,252.15,0,0,181.979,0,
25,2017,21319.355,212.866,856.957,3031.689,3006.689,25,0,0,0,0,0,13988.536,14105.444,-116.908,0,0,0,1615.224,0,1946.07,-330.846,123.397,0,0,0,0,125.655,-2.258,1081.746,708.548,1067.98,-359.432,0,0,0,373.198,452.225,-79.027,0,0,0,408.94,146.2,158.871,0,103.869,0,0,21319.355,17902.115,0,2772.835,2764.89,7.945,14849.499,0,0,0,279.781,199.959,0,79.822,0,3417.24,3080.716,3080,0,0.716,0,0,0,273.06,0,0,63.464,0,
25,2018,20373.555,156.114,844.551,2376.184,2276.184,100,0,0,0,0,0,13559.555,13671.099,-111.544,0,0,0,1813.328,0,2064.349,-251.021,122.761,0,0,0,0,125.655,-2.894,1133.332,735.437,1140.8,-405.363,0,0,0,397.895,480.002,-82.107,0,0,0,367.73,186.906,157.157,0,23.667,0,0,20373.555,16938.684,0,1956.173,1952.383,3.79,14678.435,0,0,0,304.076,212.188,0,91.888,0,3434.871,3080.716,3080,0,0.716,0,0,0,281.249,0,0,72.906,0,
25,2019,22812.835,174.411,784.793,4968.636,4469.986,500,-1.35,0,0,0,0.668,14442.297,14556.951,-114.654,0,0,0,819.628,0,1050.857,-231.229,99.347,0,0,0,0,125.655,-26.308,1192.23,765.997,1217.935,-451.938,0,0,0,426.233,511.841,-85.608,0,0,0,330.825,70.689,206.806,0,53.33,0,0,22812.835,19251.629,0,3219.593,2965.925,253.668,15667.758,0,0,0,364.278,248.579,0,115.699,0,3561.206,3080.716,3080,0,0.716,0,0,0,287.493,0,0,192.997,0,
25,2020,23942.788,170.837,560.297,5739.507,5339.507,400,0,0,0,0,6.585,15330.785,15447.55,-116.765,0,0,0,522.403,0,752.229,-229.826,98.724,0,0,0,0,125.655,-26.931,1153.894,731.348,1232.372,-501.024,0,0,0,422.546,511.841,-89.295,0,0,0,359.756,110.65,193.723,0,55.383,0,0,23942.788,20321.479,0,1653.979,1651.469,2.51,18223.634,0,0,0,443.866,342.454,0,101.412,0,3621.309,3080.716,3080,0,0.716,0,0,0,309.186,0,0,231.407,0,
25,2021,24608.953,205.194,530.44,5612.983,5092.983,520,0,0,0,0,27.344,16340.179,16502.139,-161.96,0,0,0,330.463,0,657.446,-326.983,25.698,0,0,0,0,53.88,-28.182,1161.779,734.859,1287.636,-552.777,0,0,0,426.92,520.029,-93.109,0,0,0,374.873,124.771,258.815,0,5.776,0,-14.489,24608.953,20899.928,0,2343.031,2340.861,2.17,18105.487,0,0,0,451.41,300.999,0,150.411,0,3709.025,3080.716,3080,0,0.716,0,0,0,323.743,0,0,304.566,0,
25,2022,27698.047,243.204,885.64,5059.053,4209.053,850,0,0,0,0,1.059,18527.944,18714.226,-186.282,0,0,0,1285.773,0,1708.617,-422.844,25.069,0,0,0,0,53.88,-28.811,1146.379,717.655,1324.74,-607.085,0,0,0,428.724,526.087,-97.363,0,0,0,523.926,174.017,354.957,0,9.441,0,-14.489,27698.047,23799.033,0,2822.315,2821.004,1.311,20499.407,0,0,0,477.311,331.032,0,146.279,0,3899.014,3080.716,3080,0,0.716,0,0,0,342.146,0,0,476.152,0,
25,2023,31500.625,163.234,3759.537,4294.866,3884.866,410,0,0,0,0,0,19788.825,19967.377,-178.552,0,0,0,1227.562,0,1283.888,-56.326,24.196,0,0,0,0,53.38,-29.184,1098.586,671.355,1334.513,-663.158,0,0,0,427.231,529.849,-102.618,0,0,0,1143.819,216.116,480.009,0,462.183,0,-14.489,31500.625,27431.513,0,3050.936,3049.781,1.155,23556.779,0,0,0,823.798,593.058,0,230.74,0,4069.112,3080.716,3080,0,0.716,0,0,0,370.645,0,0,617.751,0,
25,2024,33260.4,188.139,715.826,5086.568,4426.568,660,0,0,0,0,0.679,21623.86,21834.544,-210.684,0,0,0,3573.338,0,3645.74,-72.402,28.944,0,0,0,0,53.38,-24.436,1083.726,655.716,1377.177,-721.461,0,0,0,428.01,536.464,-108.454,0,0,0,959.32,155.343,356.582,0,462.004,0,-14.609,33260.4,29170.568,0,4227.997,4226.988,1.009,24413.123,0,0,0,529.448,361.104,0,168.344,0,4089.832,3388.707,3387.991,0,0.716,0,0,0,410.664,0,0,290.461,0,
26,2015,24681.414,220.36,787.729,2614.186,2614.186,0,0,0,0,0,0.348,15704.813,15882.795,-177.982,26.136,26.136,0,4100.044,2413.31,2068.658,-381.924,7.568,0,0,0,0,10.638,-3.07,188.721,159.962,303.065,-143.103,0,0,0,28.759,74.47,-45.711,0,0,0,1031.509,129.492,613.925,0,288.092,0,0,24681.414,21308.701,52.268,4114.832,3972.547,142.285,16864.93,0,51.839,0,224.832,193.553,0,31.279,0,3372.713,3000,3000,0,0,0,0,0,189.113,0,0,183.6,0,
26,2016,24824.533188761,176.539616957,598.023738312,1191.994536496,1191.994536496,0,0,0,0,0,29.622043241,17358.778617213,17534.132360519,-175.353743306,3.290174,5.13583653,-1.84566253,4241.352481072,2500.660679102,2229.249189299,-488.557387329,0.487808858,0,0,0,0,0.487808858,0,167.477444395,142.127308642,304.774730298,-162.647421656,0,0,0,25.350135753,74.388143904,-49.038008151,0,0,0,1056.966728217,72.186011776,677.195939755,0,307.584776686,0,0,24824.533188761,21329.19186392,0,2726.710315803,2726.710315803,0,18297.115686684,0,21.8838417,0,283.482019733,226.998469799,0,56.483549934,0,3495.341324841,3000,3000,0,0,0,0,0,195.234577996,0,0,300.106746845,0,
26,2017,29297.960807065,182.092118933,1375.233603685,1069.853333706,1069.853333706,0,0,0,0,0,16.293780823,21192.834708501,21421.022996354,-228.188287853,2.63583653,2.63583653,0,3903.700530826,2511.346182025,2229.249189299,-836.894840498,0.487808858,0,0,0,0,0.487808858,0,184.448158041,158.879182422,333.309255991,-174.430073569,0,0,0,25.568975619,77.781143904,-52.212168285,0,0,0,1370.380927162,256.847212298,728.701267306,0,384.832447558,0,0,29297.960807065,25738.114439917,0,2417.319588864,2383.682088864,33.6375,22877.378274548,0,28.346809,0,415.069767505,298.311637564,0,116.758129941,0,3559.846367148,3000,3000,0,0,0,0,0,213.628662346,0,0,346.217704802,0,
26,2018,29899.607631751,253.887393877,1922.28565299,251.523898027,251.523898027,0,0,0,0,0,12.774395129,21826.743853598,22051.62468811,-224.880834512,2.63583653,2.63583653,0,3869.090093856,2821.078157105,1806.36289811,-758.350961359,0.487808858,0,0,0,0,0.487808858,0,177.31226147,151.761563831,344.859479057,-193.097915226,0,0,0,25.550697639,79.801588348,-54.250890709,0,0,0,1582.866437416,594.274915377,795.731713731,0,192.859808308,0,0,29899.607631751,26212.840089533,0,1400.003829173,400.003829173,1000,23344.960373368,0,0,1000,467.875886992,309.705666244,0,158.170220748,0,3686.767542218,3000,3000,0,0,0,0,0,223.304418692,0,0,463.463123526,0,
26,2019,31574.084351069,241.159565185,1173.320638928,1861.843856078,1861.843856078,0,0,0,0,0,6.368738241,23441.675390655,23696.7141868,-255.038796145,2.63583653,2.63583653,0,3248.181159568,2636.140245807,1373.766905308,-761.725991547,0.487808858,0,0,0,0,0.487808858,0,170.275482648,145.439127192,355.063636535,-209.624509343,0,0,0,24.836355456,80.401588348,-55.565232892,0,0,0,1428.135874378,503.52920545,724.795453454,0,199.811215474,0,0,31574.084351069,27813.672747415,0,1900.002564252,1100.002564252,800,25388.098405766,0,0,0,525.571777397,434.580455604,0,90.991321793,0,3760.411603654,3000,3000,0,0,0,0,0,242.342594953,0,0,518.069008701,0,
26,2020,36153.015004943,221.1056032,629.889383253,5849.91892267,5849.91892267,0,0,0,0,0,1.929138241,25448.611426246,25675.229114079,-226.617687833,2.63583653,2.63583653,0,2402.42099087,2144.966229769,574.511529089,-317.056767988,0.487808858,0,0,0,0,0.487808858,0,186.304189282,162.75625663,385.087735914,-222.331479284,0,0,0,23.547932652,80.401588348,-56.853655696,0,0,0,1409.711705793,422.287410007,791.756833084,0,195.667462702,0,0,36153.015004943,32223.095818578,0,2842.362571852,2842.362571852,0,28737.831665798,0,0,0,642.901580928,510.58449009,0,132.317090838,0,3929.919186365,3000,3000,0,0,0,0,0,253.535726494,0,0,676.383459871,0,
26,2021,40521.052,185.484,1031.493,7495.213,7495.213,0,0,0,0,0,2.116,27255.742,27498.895,-243.153,2.636,2.636,0,3121.908,2514.76,707.649,-100.501,0.488,0,0,0,0,0.488,0,295.169,250.238,464.979,-214.741,0,0,0,44.931,107.49,-62.559,0,0,0,1130.803,441.765,595.389,0,116.318,0,-22.669,40521.052,36340.206,0,7105.498,6804.02,301.478,28074.529,0,0,500,660.179,511.308,0,148.871,0,4180.846,3000,3000,0,0,0,0,0,278.962,0,0,901.884,0,
26,2022,48991.137,332.463,855.283,11040.842,11040.842,0,0,0,0,0,13.646,28767.971,29050.846,-282.875,3199.649,3223.828,-24.179,3266.307,2538.724,951.905,-224.322,0.488,0,0,0,0,0.488,0,288.988,237.687,479.605,-241.918,0,0,0,51.301,114.83,-63.529,0,0,0,1225.5,578.032,567.008,0,118.129,0,-37.669,48991.137,44406.609,0,10940.616,9152.682,1787.934,31259.873,0,0,500,1706.12,576.141,0,1129.979,0,4584.528,3000,3000,0,0,0,0,0,317.719,0,0,1266.809,0,
26,2023,55495.431,229.343,1601.718,14270.357,14270.357,0,0,0,0,0,1.161,34981.959,35335.012,-353.053,22.748,22.92,-0.172,2932.81,2225.648,949.273,-242.111,0.488,0,0,0,0,0.529,-0.041,277.365,223.498,478.524,-255.026,0,0,0,53.867,121.902,-68.035,0,0,0,1177.482,528.992,574.646,0,112.325,0,-38.481,55495.431,50627.896,0,13568.062,13568.062,0,35729.811,0,0,500,830.023,706.228,0,123.795,0,4867.535,3000,3000,0,0,0,0,0,378.272,0,0,1489.263,0,
26,2024,73015.115,224.524,2197.457,23801.965,23801.965,0,0,0,0,0,1.948,40811.502,41236.482,-424.98,294.772,297,-2.228,4250.897,1937.014,2739.483,-425.6,0.488,0,0,0,0,0.529,-0.041,248.219,200.251,488.264,-288.013,0,0,0,47.968,127.44,-79.472,0,0,0,1183.343,643.257,468.766,0,129.801,0,-58.481,73015.115,67849.065,419.069,20660.56,20660.56,0,43325.745,0,0,2280,1163.691,791.219,0,372.472,0,5166.05,4200,4200,0,0,0,0,0,320.256,0,0,645.794,0,
27,2015,35469.965,271.828,393.137,7280.425,5678.425,1602,0,138.963,149.346,-10.383,0,20671.32,20866.403,-195.083,0,0,0,4154.64,3398.434,801.263,-45.057,367.32,0,0,0,0,371.28,-3.96,841.935,399.89,594.796,-194.906,36.83,43.707,-6.877,405.215,450.924,-45.709,0,0,0,1350.397,601.618,494.256,0,261.465,0,-6.942,35469.965,32055.344,212.863,6920.441,6552.021,368.42,24368.265,2.662,19.944,0,531.169,452.455,0,78.714,0,3414.621,3023.748,3021.166,0.01,2.547,0,0,0.025,199.014,0,0,191.859,0,
27,2016,42851.605,319.178,1316.399,2721.138,2721.138,0,0,138.813,149.346,-10.533,0.434,23649.752,24039.291,-389.539,0,0,0,9392.526,3921.999,5535.468,-64.941,112.174,0,0,0,0,117.28,-5.106,822.355,374.566,607.73,-233.164,52.376,68.438,-16.062,395.413,450.412,-54.999,0,0,0,4378.836,3740.414,480.362,0,272.563,0,-114.503,42851.605,39418.533,2.953,4467.901,4013.2,454.701,34080.117,0,20.614,34.25,812.698,687.867,0,124.831,0,3433.072,3023.748,3021.166,0.01,2.547,0,0,0.025,204.236,0,0,205.088,0,
27,2017,54439.88,455.568,1056.877,4813.557,4699.807,113.75,0,131.918,144.141,-12.223,0.509,35502.201,36345.54,-843.339,0,0,0,10180.067,4696.948,5673.424,-190.305,112.605,0,0,0,0,117.28,-4.675,833.153,344.544,615.157,-270.613,45.22,72.181,-26.961,443.389,512.064,-68.675,52.379,52.379,0,1301.046,345.732,775.708,0,215.652,0,-36.046,54439.88,50772.826,323.468,7624.774,6779.286,845.488,39860.577,0,13.839,1892.113,1058.055,890.473,0,167.582,0,3667.054,3023.748,3021.166,0.01,2.547,0,0,0.025,240.216,0,0,403.09,0,
27,2018,75059.004,463.755,2844.909,9866.059,9866.059,49.417,-49.417,63.324,144.141,-80.817,0,50042.96,50814.947,-771.987,0,0,0,9041.087,3836.046,5320.257,-115.216,114.145,0,0,0,0,117.28,-3.135,822.156,365.992,679.679,-313.687,39.075,74.411,-35.336,417.089,512.701,-95.612,17.132,17.132,0,1783.477,454.791,1177.679,0,181.847,0,-30.84,75059.004,70828.922,1.77,12302.498,10799.106,1503.392,54187.107,0,128.714,2605.723,1603.11,1223.884,0,379.226,0,4230.082,3356.079,3353.494,0.01,2.55,0,0,0.025,329.314,0,0,544.689,0,
27,2019,94687.435,945.67,3055.469,11795.654,11586.996,208.658,0,127.921,144.141,-16.22,0,66751.987,67545.653,-793.666,0,0,0,7424.193,4331.101,3099.23,-6.138,110.22,0,0,0,0,115.28,-5.06,882.577,449.364,810.012,-360.648,33.141,72.225,-39.084,400.072,509.541,-109.469,57.513,57.513,0,3536.231,1885.796,1315.261,0,382.631,0,-47.457,94687.435,89727.05,1.512,11721.118,11244.35,476.768,70744.212,4.718,710.001,4412.123,2133.366,1679.219,0,454.147,0,4960.385,3892.642,3890.053,0.01,2.554,0,0,0.025,440.087,0,0,627.656,0,
27,2020,134315.195,985.235,4428.378,11893.543,11654.314,239.229,0,127.921,144.141,-16.22,0,88320.271,89171.618,-851.347,0,0,0,20286.783,7141.959,13150.962,-6.138,114.348,0,0,0,0,115.28,-0.932,1001.748,516.217,947.469,-431.252,53.656,82.504,-28.848,431.875,556.094,-124.219,33.936,33.936,0,7123.032,4196.219,2631.737,0,342.197,0,-47.121,134315.195,127716.425,1.254,19087.757,13256.856,5830.901,98254.031,5.571,472.367,6957.313,2938.132,2409.958,0,528.174,0,6598.77,4735.774,4564.468,0.01,171.271,0,0,0.025,561.281,0,0,1301.715,0,
27,2021,153237.506,1001.628,5131.299,17770.233,17540.348,229.885,0,127.921,144.141,-16.22,0,101370.504,102653.266,-1282.762,0,0,0,22858.438,9990.857,13173.557,-305.976,125.8,0,0,0,0,125.8,0,981.992,507.454,1024.684,-517.23,58.928,81.614,-22.686,415.61,556.094,-140.484,15.971,15.971,0,3853.72,687.321,2811.443,0,371.5,0,-16.544,153237.506,145212.664,0.996,15622.295,13071.047,2551.248,115319.388,3.112,464.623,10360.103,3442.147,2371.244,0,1070.903,0,8024.842,5305.711,5134.405,0.01,171.271,0,0,0.025,777.795,0,0,1941.336,0,
27,2022,177578.734,1062.738,1975.334,23905.527,23220.381,685.146,0,0,0,0,104.949,118294.112,119538.34,-1244.228,0,0,0,25658.747,13492.37,12853.817,-687.44,85.32,0,0,0,0,85.32,0,1042.529,518.209,1105.795,-587.586,100.696,134.573,-33.877,423.624,575.554,-151.93,15.971,15.971,0,5433.507,2260.617,2727.847,0,471.666,0,-26.623,177578.734,164928.954,0.612,21344.036,20279.048,1064.988,124993.335,0,951.23,12383.663,5256.078,3158.821,0,2097.257,0,12649.78,10036.613,8464.347,0.01,1572.231,0,0,0.025,1051.414,0,0,1561.753,0,
27,2023,209896.239,1132.969,16268.047,22591.302,20801.417,1789.885,0,0,0,0,39.455,139894.641,141438.441,-1543.8,0,0,0,24068.777,13110.808,10976.814,-18.845,85.32,0,0,0,0,85.32,0,1586.997,901.069,1554.014,-652.945,104.336,158.913,-54.577,581.592,744.439,-162.847,15.971,15.971,0,4212.76,1466.711,2076.285,0,702.787,0,-33.023,209896.239,194654.447,0.345,24021.674,22816.967,1204.707,145428.945,0,1066.465,18458.868,5678.15,4282.773,0,1395.377,0,15241.792,10580.866,10580.416,0.01,0.415,0,0,0.025,1447.731,0,0,3213.195,0,
27,2024,245128.983,1148.489,13632.932,36809.783,36519.898,289.885,0,0,0,0,0,165672.89,167737.997,-2065.107,0,0,0,20841.857,10289.877,10566.774,-14.794,142.759,0,0,0,0,224.011,-81.252,2188.108,1528.846,2307.181,-778.335,79.745,159.317,-79.572,579.517,755.607,-176.09,30.439,30.439,0,4661.726,919.497,3001.116,0,780.289,0,-39.176,245128.983,225840.45,2577.611,39196.315,37715.294,1481.021,158334.003,6.768,1076.174,20006.94,4642.639,3395.608,0,1247.031,0,19288.533,13725.604,13725.506,0.01,0.063,0,0,0.025,2174.392,0,0,3388.537,0,
