Công ty,Năm,C1,C2,C3,C4,C5,C6,C7,C8,C9,C10,C11,C12,C13,C14,C15,C16,C17,C18,C19,C20,C21,C22,C23,C24,C25,C26,C27,C28,C29,C30,C31,C32,C33,C34,C35,C36,C37,C38,C39,C40,C41,C42,C43,C44,C45,C46,C47,C48,C49,C50,C51,C52,C53,C54,C55,C56,C57,C58,C59,C60,C61,C62,C63,C64,C65,C66,C67,C68,C69,C70,C71,C72,C73,C74,C75,C76,C77,C78,C79,C80,C81,C82,C83,C84,C85,C86,C87,C88,C89,C90,C91,C92,C93,C94,C95,C96,C97,C98,C99,C100,C101,C102,C103,C104,C105,C106,C107,C108,C109,C110,C111,C112,C113,C114,C115,C116,C117,C118,C119,C120,C121,C122,C123,C124,C125,C126,C127,C128,C129,C130,C131,C132,C133,C134,C135,C136,C137,C138,C139,C140,C141,C142,C143,C144,C145,C146,C147,C148,C149,C150,C151,C152,C153,C154,C155
1,2015,8872.709,8589.409,314.273,598434.475,139316.14,35931.248,159449.084,107340.325,38148.323,0,13960.436,65920.386,43759.987,0,0,0,0,0,0,0,43759.987,38067.928,38067.928,0,0,0,0,41112.334,0,0,74877.368,598434.475,570845.421,17535.374,3975.637,887.764,5190.279,598434.475,340814.923,81672.967,175946.585,598434.475,97889.136,336552.228,15206.595,9749.597,137950.169,1086.75,121564.774,86813.946,86887.868,66504.161,,10371.019,10012.688,533.409,-607.331,34750.828,36848.571,1579.829,0,81.298,14351.355,20836.089,-2097.743,-1999.886,564692.853,104317.083,456657.948,0,0,3717.822,564692.853,23856.562,151559.827,13925.047,310233.97,65117.447,49005.228,39135.703,1346.217,7022.124,451.432,6570.692,104.755,1396.429,29690.259,23844.797,3611.037,2207.769,26.656,2336.531,1462.284,37.212,0,151.898,978.461,0,1332.499,-141.63,-120.312,-91.937,-0.646,-797.752,0,-473.546,293.971,789.532,427.682,1.725,0,-516.855,-406.843,-1.27,0,-62.986,333.256,-404.439,8.197,11.294,106.114,0,-189.834,0,95.014,0,2369.393,2629.481,0,3.968,0,781.302,122.802,0,0,0,-520.639,-307.985,-339.536,11087.176,47.886,6255.652,5479.725,257.776,237.972,0,280.179,2047.75,611.532,1436.218,2310.577,394.99,30.321,0,0
1,2016,10018.96,9775.928,312.943,723697.408,170131.013,43329.676,179454.822,120179.183,45125.635,0,14150.004,85373.299,50891.8,0,0,0,0,0,0,0,50891.8,47807.986,47807.986,0,0,0,0,37479.705,0,0,109229.107,723697.408,682185.112,27083.337,6481.93,1035.811,6911.218,723697.408,396853.66,86399.622,240444.126,723697.408,97755.26,408752.78,14920.966,12408.966,188713.786,1145.65,144412.972,113404.363,113493.762,86661.272,,12469.514,14362.976,163.393,-252.792,31008.609,36823.521,1573.014,0,30.242,14088.791,21131.474,-5814.912,-5654.756,726021.696,124926.847,596173.612,0,0,4921.237,726021.696,27013.648,177037.388,21157.102,394647.471,106166.087,62600.277,51120.479,1412.658,8493.985,185.18,8308.805,20.412,1552.743,39165.682,32213.548,3277.762,3439.697,234.675,2509.14,1760.83,51.668,0,125.048,1181.251,0,1371.354,-166.367,-148.734,-117.744,-3.949,-944.326,0,-599.891,534.468,693.08,498.633,1.313,0,-217.098,-440.962,-0.498,0,455.425,725.315,-493.484,223.594,402.957,506.525,0,-4.297,0,-99.271,0,1882.776,2689.902,0,1.355,0,857.319,236.682,0,0,0,-761.022,-388.401,-753.059,13526.621,80.303,7428.666,6411.64,326.875,361.696,0,328.455,2674.26,852.507,1821.753,2836.59,532.943,-26.141,0,0
1,2017,9613.772,9147.885,560.369,866885.307,223164.913,40121.618,203103.146,144771.37,43457.971,0,14873.805,98978.371,78456.756,0,0,0,0,0,0,0,78456.756,46116.025,46116.025,0,0,0,0,37497.919,0,0,139446.559,866885.307,822297.723,30523.478,3749.61,5084.324,5230.172,866885.307,502852.624,81745.839,282286.844,866885.307,92500.818,482657.942,18491.646,3777.878,269328.431,128.592,146477.353,117877.844,117809.263,92543.643,,12138.717,13126.903,288.353,-219.772,28599.509,38385.96,1572.684,0,233.743,16809.345,19347.388,-9786.451,-9580.872,859985.173,160200.47,694092.41,0,0,5692.293,859985.173,134628.728,102572.082,27054.057,469592.558,126137.748,78628.515,65407.585,1755.04,9698.063,320.11,9377.953,10.171,1757.656,47673.184,39253.099,3462.941,4622.912,334.232,2965.77,2270.271,68.541,0,107.201,1320.867,0,1844.737,-319.684,-178.559,-123.984,-0.843,-944.326,0,-1078.451,668.128,1498.172,636.742,0.219,0,-764.878,-701.707,-0.42,0,481.615,696.724,-190.538,-24.571,331.341,343.826,0,-0.45,0,-12.035,0,3278.998,3606.832,0,8.982,0,767.66,210.78,0,0,0,-662.665,-284.871,-367.72,15504.237,82.469,8500.439,7305.578,362.189,481.162,0,351.51,2872.54,931.231,1941.309,2948.384,663.536,436.869,0,0
1,2018,673.639,154.664,635.546,988738.78,283854.76,45121.029,226225.565,166931.886,0,47045.376,12248.303,104593.592,0,0,0,0,0,0,0,0,0,46730.422,46730.422,0,0,0,0,29131.264,0,115091.827,137990.321,988738.78,946912.042,23024.323,5449.978,6182.267,7170.17,988738.78,611216.895,71538.449,305983.436,988738.78,85659.365,558783.905,21519.701,1346.569,319629.909,1799.331,133142.95,111235.528,111311.887,90903.438,,8698.941,11709.508,107.308,-183.667,21907.422,29847.625,1572.684,0,392.721,12461.646,14137.535,-7940.203,-7676.198,989671.155,161859.416,820032.45,0,0,7779.289,989671.155,151486.36,4693.807,32877.609,572320.166,228293.213,90074.018,75453.373,2500.295,9830.253,343.783,9486.47,28.21,2261.887,55218.154,47358.997,3232.678,4261.35,365.129,3550.799,2987.253,100.101,0,110.426,1461,0,3604.065,-579.4,-222.044,-133.91,-0.874,-1134,0,-2314.818,1039.685,2542.089,464.648,0,0,-1305.542,-661.51,0,0,645.456,1033.608,-366.063,-22.089,234.077,294.932,0,-39.329,0,-21.526,0,3815.175,4478.587,0,0,0,686.401,172.321,0,0,0,-763.012,-200.933,-558.189,16116.922,109.674,8879.654,7620.081,381.699,531.63,0,346.244,3016.931,978.546,2038.385,3244.955,789.071,76.637,0,0
1,2019,6345.667,5667.929,711.927,1116997.985,340021.921,47244.686,250256.698,184205.141,54226.819,0,11824.738,105612.427,145510.899,0,0,0,0,0,0,0,145510.899,45798.432,45798.432,0,0,0,0,29960.325,0,0,152592.597,1116997.985,1072557.727,24943.852,3835.155,4305.007,11356.244,1116997.985,699730.635,73226.488,344040.862,1116997.985,92340.386,609216.343,21626.375,991.905,391959.18,863.796,138284.421,121635.537,121749.386,89443.691,,23283.715,9021.98,69.703,-183.552,16648.884,23262.431,1572.744,0,642.344,10797.538,9312.057,-6613.547,-6299.125,1114162.624,178383.601,923233.263,0,0,12545.76,1114162.624,177330.829,5279.517,43485.846,618067.553,269998.879,100747.225,85798.186,3722.192,8722.086,25.75,8696.336,88.495,2416.266,64769.417,58016.356,2918.669,3422.689,411.703,4266.331,3343.859,87.376,0,111.939,1694.062,0,2634.601,-623.759,-253.389,-140.54,-0.855,-1222.557,0,-1364.406,1494.696,3543.237,508.463,0,0,-2108.322,-448.682,0,0,325.524,388.384,-145.242,82.382,481.222,1022.18,0,-18.444,0,-522.514,0,5361.174,5777.81,0,0,0,569.691,170.368,0,0,0,-498.185,-176.444,-482.066,17257.115,90.097,9722.449,8378.924,412.107,559.867,0,371.551,3027.141,1023.773,2003.368,3556.309,880.621,-19.502,0,0
1,2020,10169.578,9793.754,390.549,1214295.916,373938.373,53932.759,277627.04,195480.485,68298.322,0,13848.233,108049.832,143556.862,0,0,0,0,0,0,0,143556.862,47280.184,47280.184,0,0,0,0,29791.513,0,0,180119.353,1214295.916,1179268.926,13657.572,2382.136,2462.228,16525.054,1214295.916,763667.195,70036.253,380592.468,1214295.916,91285.715,658333.345,20842.782,679.196,442520.98,633.898,125114.962,112040.886,112091.031,78805.292,,26621.204,6664.535,101.307,-151.452,13074.076,13501.317,1602.418,0,563.714,9608.051,0,-427.241,0,1226673.942,221331.066,998833.657,0,0,6509.219,1226673.942,191164.486,2768.524,62434.876,635518.001,334788.055,100687.502,87665.083,2485.136,7774.402,160.395,7614.007,135.768,2627.113,64890.703,56469.185,2027.045,5503.723,890.75,5266.381,3675.394,92.384,0,103.482,1935.04,0,2811.79,-386.76,-262.956,-147.896,-0.226,-1358.374,0,-1195.497,1732.324,3647.612,592.961,0,0,-1995.723,-512.526,0,0,478.668,1120.487,-661.283,19.464,1516.137,1854.832,0,-0.977,0,-337.718,0,5092.568,7135.895,0,0.572,0,719.065,137.257,0,0,0,-644.232,-201.131,-2054.858,17692.97,81.237,10117.321,8246.282,908.878,573.093,0,389.068,3064.09,980.093,2083.997,3514.305,940.972,-24.955,0,0
1,2021,6066.664,5391.911,691.252,1354633,413693,55905,301872,213288,77595,,10989,109609,173147,,,,,,,,173147,46556,46556,,,,,31887,,,221963,1354632.643,1325854.57,15232,2758,3506,7283,1354632.643,872503.844,77065.348,405063.451,1354633,79774,698468,24738,880,546722,719,177089.395,111467.291,111608.008,59786,0,45423,6398.176,67.305,-181,65711,65710.756,48988,0,8915,7770,0,-117,0,1380401.585,267334.417,1107780.582,0,0,5286.586,1309952,205375,3076,89153,691832,320516,101007.122,90269.315,2160.941,6355.258,173.404,6181.854,181.066,2040.542,54189.59,47868.125,1211.889,4943.822,165.754,6614,4306,110,0,106,2235,0,3613,-378,-217,-154,-0.105,-1491,0,-1515,1896,3090,669,0,0,-936,-927,0,0,582.736,931.759,-345.99,-3.033,207,429.98,0,-9.587,0,-213,0,6179,8233,0,0,0,665,59,0,0,0,-541,-433,-1805,19361.341,69.898,11425.64,9240.92,971.391,645.617,0,567.712,3347.924,1126.578,2221.346,3611.797,957.274,-51.192,0,0
1,2022,1701.464,1134.303,614.218,1522221.714,463119.427,59347.766,318628.531,239090.054,79538.477,0,0,117429.55,184063.129,0,0,0,0,0,0,0,184063.129,0,0,0,0,0,0,0,0,0,379633.311,1522221.714,1479013.243,25586.039,3153.935,2692.621,11775.876,1522221.714,990937.552,75744.436,455539.726,1522221.714,84562.576,732719.751,29616.092,0,674480.348,842.947,235636.449,161949.352,162218.228,59344.327,0,97316.988,5556.913,64.855,-333.731,73687.097,73734.542,53899.667,0,12618.426,7216.449,,-47.445,,1473598.15,270546.799,1195563.391,0,0,7487.96,1473598.15,216339.45,3075.126,87113.325,756784.611,410285.638,121110.719,106886.62,3855.881,7726.795,69.856,7656.939,247.583,2393.84,65041.035,56799.198,1795.458,6317.636,128.743,5648.065,3868.602,160.062,0,95.261,2536.263,0,3683.993,-436.269,-301.778,-167.119,-0.397,-1627.675,0,-2162.878,3136.613,5545.996,1573.346,0,0,-2150.771,-1831.958,0,0,-31.664,308.733,-307.546,-32.851,258.767,348.447,0,-6.416,0,-83.264,0,4210.327,5693.753,0,0,0,715.618,117.05,0,0,0,-1056.228,-275.527,-984.339,22557.474,155.767,12837.265,10338.161,987.159,964.374,0,547.571,3440.024,1057.77,2382.254,5053.717,1026.761,43.94,0,0
1,2023,6972.474,6437.202,566.454,1777664.882,553748.42,64785.96,386420.611,291203.191,95217.42,0,0,111199.088,238987.145,0,0,0,0,0,0,0,238987.145,0,0,0,0,0,0,0,0,0,422523.658,1777664.882,1727244.452,28052.516,3819.55,5523.163,13025.201,1777664.882,1178611.554,94279.733,504773.595,1777664.882,97177.321,845159.011,47716.42,0,785635.407,1976.723,222393.123,126886.515,127507.86,47271.978,0,75365.814,4870.068,64.572,-685.917,95506.608,95722.385,79961.064,0,13276.354,2484.967,,-215.777,,1704690.185,334075.62,1359619.055,0,4060.633,6934.877,1704690.185,242586.047,220656.211,95109.756,884774.132,261564.039,152761.316,135055.542,5282.284,8751.171,22.772,8728.399,371.804,3300.515,96625.75,83048.507,3095.914,10379.613,101.716,6569.87,4166.373,126.159,0,84.011,3665.263,0,3851.594,-510.576,-313.563,-177.494,-0.739,-1935.112,0,-2386.046,4707.371,6812.28,2073.556,0,0,-2557.162,-1621.303,0,0,305.396,345.792,-56.305,15.909,2871.74,3394.408,0,-2.15,0,-520.518,0,2067.799,5428.132,0,0,0,1024.052,90.341,0,0,0,-1670.864,-231.403,-2572.459,25080.598,111.016,14478.077,11637.504,1077.663,1223.87,0,539.04,4001.989,1293.399,2708.59,5630.488,1149.475,-290.447,0,0
1,2024,12734.06,11546.091,1227.249,2056082.42,603013.583,77787.188,421764.903,319153.826,102611.077,0,0,103618.244,308752.144,0,0,0,0,0,0,0,308752.144,0,0,0,0,0,0,0,0,0,541146.358,2056082.42,1992891.423,34155.414,3670.833,5563.491,19801.259,2056082.42,1332621.811,104835.026,618625.583,2056082,108365,892236,72708,0,976799,5974,277838.107,157713.634,157827.472,25345.755,0,129376.717,3105,91.356,-205.194,120124.473,121120.044,105526.937,0,13526.349,2066.758,,,,1953170.494,380294.208,1559609.793,0,4869.26,8397.233,,,,,,,138288.436,120242.697,4691.379,9001.302,335.663,8665.639,381.721,3971.337,80280.836,67389.259,2450.004,9749.844,691.729,0,0,0,0,0,0,0,0,0,0,0,0,0,0,0,0,0,0,0,0,0,0,0,0,285.584,460.118,-167.502,-7.032,4900.33,5235.457,0,-29.421,0,-305.706,0,0,0,0,0,0,0,0,0,0,0,0,0,0,27790.446,116.261,15823.599,12841.628,1147.395,1272.19,0,562.386,4564.412,1312.961,3251.451,5999.241,1317.494,-30.561,0,0
2,2015,,,,,,,,,,,,,,,,,,,,,,,,,,,,,,,,,,,,,,,,,,,,,,,,,,,,,,,,,,,,,,,,,,,,,,,,,,,,,,,,,,,,,,,,,,,,,,,,,,,,,,,,,,,,,,,,,,,,,,,,,,,,,,,,,,,,,,,,,,,,,,,,,,,,,,,,,,,
2,2016,,,,,,,,,,,,,,,,,,,,,,,,,,,,,,,,,,,,,,,,,,,,,,,,,,,,,,,,,,,,,,,,,,,,,,,,,,,,,,,,,,,,,,,,,,,,,,,,,,,,,,,,,,,,,,,,,,,,,,,,,,,,,,,,,,,,,,,,,,,,,,,,,,,,,,,,,,,
2,2017,,,,,,,,,,,,,,,,,,,,,,,,,,,,,,,,,,,,,,,,,,,,,,,,,,,,,,,,,,,,,,,,,,,,,,,,,,,,,,,,,,,,,,,,,,,,,,,,,,,,,,,,,,,,,,,,,,,,,,,,,,,,,,,,,,,,,,,,,,,,,,,,,,,,,,,,,,,
2,2018,,,,864925.948,373275.947,35792.236,280368.545,233772.041,27952.631,0,18643.873,94337.991,44614.817,0,0,0,0,0,0,44614.817,0,19628.064,19628.064,0,0,0,0,0,0,0,16908.348,864925.948,846022.474,5194.126,2139.221,2016.689,9553.438,864925.948,487609.766,70340.28,306975.902,864925.948,113855.515,440056.437,48063.597,13887.673,246593.889,2468.837,102100.093,88126.152,88187.442,41709.054,0,24007.41,22470.978,398.902,-460.192,13973.941,16207.592,2200,0,94.041,486.748,13426.803,-2233.651,-2230,825816.119,124039.627,694572.398,0,3136.554,4067.54,825816.119,202147.434,2201.924,57591.086,435144.186,128731.489,73869.866,61328.093,2240.484,8940.971,8940.971,0,236.292,1124.026,51658.034,40920.955,1971.206,2218.639,6547.234,2770.777,2626.613,0,0,51.398,0,0,3285.779,-1547.393,-282.232,0,-47.405,0,0,-1315.983,709.869,901.498,890.449,457.499,0,-167.113,-916.742,-455.722,0,271.475,428.139,-82.399,-74.265,218.321,105.868,0,-32.839,0,145.292,0,1889.015,1968.711,6.084,0,0,542.512,397.006,0,-5.037,0,-450.37,0,-569.891,14084.04,27.769,7345.648,5822.268,550.848,14.32,0,958.212,2350.109,1045.077,1305.032,3293.825,629.513,437.176,0,0
2,2019,,,,935270.945,427504.055,39074.667,287257.245,236237.449,34076.022,0,16943.774,96802.169,41905.46,0,0,0,0,0,0,41905.46,0,22358.726,22358.726,0,0,0,0,0,0,0,20368.623,935270.945,918780.095,5677.439,2062.615,1546.701,7204.095,935270.945,537206.295,61930.487,336134.163,935270.945,118034.659,475557.182,50541.116,13816.293,274787.877,2533.818,104615.279,95839.205,96755.014,44898.96,0,34998.124,16857.93,376.615,-1292.424,8776.074,15367.993,2200,0,0,386.748,12781.245,-6591.919,-6589.018,892785.228,146420.659,740861.362,0,3166.569,2336.638,892785.228,191982.778,4322.656,72930.412,472022.908,151526.474,82742.771,71594.789,3121.356,6509.878,6509.878,0,270.906,1245.842,49543.734,44391.837,1100.375,3680.91,370.612,4055.378,3284.133,0,0,131.427,0,0,4472.57,-1827.293,-301.88,0,-133.299,0,0,-1570.28,1564.3,960.754,1463.386,3064.617,0,-64.166,-800.196,-3060.095,0,365.564,463.49,-19.782,-78.144,-790.728,43.975,0,-3.221,0,-831.482,0,1497.435,1337.954,139.813,0,0,408.87,470.793,0,-1.823,0,-377.461,0,-480.711,15734.862,21.18,9434.827,7769.361,556.683,2.994,0,1105.789,2280.26,980.541,1299.719,2950.282,663.368,384.945,0,0
2,2020,,,,1015333.27,475551.861,43208.964,308345.378,247514.6,44507.857,0,16322.921,93553.063,46327.291,0,0,0,0,0,0,46327.291,0,24268.965,24268.965,0,0,0,0,0,0,0,24077.748,1015333.27,1003015.015,2799.154,1857.241,1611.589,6050.271,1015333.27,593990.65,61855.251,359487.369,1015333.27,121224.123,515797.87,55290.088,15481.504,304459.44,3080.245,114941.998,112328.346,112301.221,57375.668,0,43941.537,10984.016,376.615,-349.49,2613.652,2616.778,2200,0,0,416.778,0,-3.126,0,990331.285,186452.167,796126.147,0,4893.484,2859.487,990331.285,210531.164,3867.391,99332.249,497404.616,179195.865,83676.516,73398.977,2263.554,6423.265,6423.265,0,292.99,1297.73,48096.888,43289.869,689.276,3923.225,194.518,4362.454,3456.038,0,0,193.029,2349.953,0,2359.615,-1716.384,-333.535,0,-183.839,-1524.305,0,-238.118,1999.721,1316.995,1484.248,15006.529,0,-120.375,-726.661,-14961.015,0,601.275,526.731,-29.913,104.457,360.95,9.075,0,-0.835,0,352.71,0,1929.393,1751.795,108.163,0,0,502.215,352.446,0,-53.715,0,-353.12,0,-378.391,16069.428,21.028,9261.722,7425.497,570.425,4.718,0,1261.082,2530.639,969.995,1560.644,3252.08,722.082,281.877,0,0
2,2021,,,,1130667.767,546258.005,43619.396,338793.115,263169.799,63232.247,0,12391.069,91228.785,53108.053,0,0,0,0,0,0,53108.053,0,23011.305,23011.305,0,0,0,0,0,0,0,34649.108,1130667.767,1104465.335,11901.967,7095.731,2003.066,5201.668,1130667.767,683530.47,66214.587,380922.71,1130667.767,115407.567,579813.571,58031.369,14686.02,362632.638,96.602,177544.548,174851.442,174596.854,78299.141,0,86815.36,9482.353,376.615,-122.027,2693.106,2696.832,2200,0,0,496.832,0,-3.726,0,1161848.113,225756.534,928319.195,0,5077.589,2694.795,1161848.113,244705.152,1605.562,114923.002,563072.219,237542.178,84628.302,74973.599,1455.828,6423.049,6423.049,0,326.565,1449.261,42839.837,38076.416,971.137,3511.189,281.095,4960.506,3969.068,0,0,129.339,2592.477,0,2881.794,-2042.88,0,0,-207.144,-1801.533,0,-560.615,1812.484,1686.174,1649.446,1732.969,0,-292.94,-1114.598,-1848.567,0,495.864,479.405,-57.457,73.916,223.865,0,0,-2.998,0,226.863,0,3398.066,3244.952,7.371,0,0,820.321,443.625,0,-2.877,0,-545.977,0,-569.349,17185.85,22.284,10013.309,8183.156,590.312,1.567,0,1238.274,2903.591,1010.988,1892.603,3387.571,772.469,86.626,0,0
2,2022,,,,1274843.694,674874.314,46625.378,343635.256,269186.57,64515.281,0,9933.405,87356.195,68869.423,0,0,0,0,0,0,68869.423,0,23669.902,23669.902,0,0,0,0,0,0,0,29813.226,1274843.694,1229061.202,29958.469,7305.07,2262.069,6256.884,1274843.694,772203.915,83413.137,419226.642,1274843.694,111674.727,613996.765,61301.483,14661.981,471415.451,1793.287,180312.848,178619.796,178308.413,77511.269,0,96813.834,3983.31,376.615,-65.232,1693.052,1696.778,1200,0,0,496.778,0,-3.726,0,1249176.034,243525.291,999060.03,0,4300.103,2290.61,1249176.034,273353.333,2527.779,107368.822,621134.929,244791.171,104664.634,92897.289,3059.911,6810.416,6810.416,0,372.923,1524.095,56872.679,48089.159,3147.687,3786.57,1849.263,5861.949,3835.873,0,0,753.493,3213.741,0,3745.962,-2700.073,0,0,-324.694,-2005.887,0,-656.466,3555.521,2603.567,4619.678,1317.933,0,-484.448,-3187.7,-1313.509,0,-112.163,122.938,-65.815,-169.286,-30.184,28.99,0,-115.969,0,56.795,0,6537.854,5362.486,0,0,0,838.171,1306.354,0,-2.178,0,-407.916,0,-559.063,19194.714,220.397,11086.985,9213.531,592.476,2.115,0,1278.863,2691.964,960.387,1731.577,4226.915,880.01,88.443,0,0
2,2023,,,,1473344.564,810452.903,48414.349,381683.375,305193.312,67775.596,0,8714.467,80341.729,74853.804,0,0,0,0,0,0,74853.804,0,30068.029,30068.029,0,0,0,0,0,0,0,47530.375,1473344.564,1433907.162,22829.07,2508.483,4721.294,9378.555,1473344.564,961733.146,86853.938,424757.48,1473344.564,107226.808,715762.554,78796.482,15966.757,554050.527,1541.436,181210.531,180456.206,180218.858,75593.879,0,100838.818,3786.161,376.615,-139.267,754.325,864.999,400,0,0,464.999,0,-110.674,0,1410899.038,310918.934,1092787.812,0,5057.288,2135.004,1410899.038,299714.478,2219.84,116263.061,721872.561,270829.098,132671.737,117727.919,4198.071,8028.531,8028.531,0,553.98,2163.236,79714.259,68832.836,3377.151,6731.245,773.027,7113.729,4023.949,0,0,920.274,2834.302,0,4606.311,-2951.804,0,0,-193.429,-1400.051,0,-725.823,4248.109,3020.271,5778.233,1399.596,0,-414.92,-4145.018,-1390.053,0,292.626,275.667,-11.6,28.559,-154.121,29.258,0,-2.396,0,-180.983,0,5803.076,4671.302,10.472,0,0,1222.853,1175.591,0,-2.591,0,-869.686,0,-404.865,20443.499,24.877,11636.246,9977.295,612.665,2.732,0,1043.554,2715.41,999.288,1716.122,4909.04,985.905,172.021,0,0
2,2024,,,,1721954.714,950201.606,50717.337,433809.9,344731.945,80563.742,0,8514.213,81696.934,108289.226,0,0,0,0,0,0,108289.226,0,38078.919,38078.919,0,0,0,0,0,0,0,59160.792,1721954.714,1677744.671,23220.276,2817.03,4824.119,13348.618,1721954.714,1137144.961,99036.675,485773.078,1721954.714,130688.036,796431.884,99486.436,17018.735,676069.263,2260.36,214607.153,188423.441,188180.862,80284.569,0,104824.865,3071.428,376.615,-134.036,26183.712,26635.861,61.248,0,26000,574.613,0,-452.149,0,1606316.685,383283.642,1207204.483,0,5848.779,9979.781,1606316.685,352884.527,2494.808,139851.804,803110.358,307975.188,124460.685,107967.839,5897.711,7116.454,27.08,7089.374,472.013,3006.668,62057.891,52868.897,2477.779,6493.137,218.078,6695.988,4308.911,0,0,961.413,3373.007,0,3589.47,-3096.956,0,0,-195.158,-1433.124,0,-811.575,4196.682,6592.377,7675.458,861.008,0,-978.803,-9145.776,-807.582,0,91.829,125.76,-30.339,-3.592,-288.044,50.56,0,-2.36,0,-336.244,0,8418.786,8480.766,15.158,0,0,1111.458,1080.351,0,-2.641,0,-1659.06,0,-607.246,22545.929,32.576,12987.14,10920.235,860.771,4.432,0,1201.702,2862.498,1017.405,1845.093,5114.929,1121.094,427.692,0,0
3,2015,0,0,0,627437.356,140782.091,189432.924,80031.323,58258.376,19324.8,0,2448.147,46992.731,129411.821,0,0,1783.277,1298.554,338.849,1.486,96839.271,29150.384,22734.779,21752.841,981.938,467.193,0,467.193,3859.839,9807.464,1856.099,2061.092,630478.892,570220.635,43120.157,3244.561,2753.618,11139.921,627437.356,398161.63,175073.155,54202.571,627437.356,13581.808,187569.054,2637.684,18502.453,383019.944,22126.413,0,0,0,0,,0,0,0,0,0,0,0,0,0,0,0,0,0,763361.419,117801.704,642517.679,0,1368.478,1673.558,763361.419,0,175765.474,0,586216.539,1379.406,57570.547,50539.269,956.88,5718.706,,5718.706,79.987,275.705,32917.854,31440.158,939.332,494.386,43.978,0,0,0,0,0,0,0,0,0,0,0,0,0,0,0,0,0,0,0,0,0,0,0,0,0,0,0,0,0,0,0,0,0,0,0,0,0,0,0,0,0,0,0,0,0,0,0,0,0,0,0,0,0,0,0,0,0,0,0,0,0,0,0,0
3,2016,0,0,0,0,0,0,0,0,0,0,0,0,0,0,0,0,0,0,0,0,0,0,0,0,0,0,0,0,0,0,0,749091.083,701921.536,31695.246,1520.242,3341.667,10612.392,749091.083,456330.787,225440.926,67319.37,749091.083,10790.504,194913.011,823.83,25049.516,469515.823,47998.399,0,0,0,0,,0,0,0,0,0,0,0,0,0,0,0,0,0,866084.07,117337.894,746487.635,0,2121.093,137.448,866084.07,0,172798.944,0,674107.397,19177.729,68167.713,60289.637,1041.595,6474.178,,6474.178,58.295,304.008,39829.781,37872.585,895.25,1003.605,58.341,2580.635,2828.036,162.528,0,2.393,859.606,0,352.373,-653.458,-234.132,-116.627,-0.085,-348.871,-168.361,-102.767,517.203,823.235,2.433,1257.284,0,-373.91,-12.425,-1179.414,0,-152.563,15.796,-1.03,-167.329,-245.904,0,0,0,0,-78.419,-167.485,0,0,0,0,0,0,0,0,0,0,0,0,0,18410.421,143.517,10494.123,8964.611,559.881,558.718,5.915,404.998,2748.262,1194.43,1553.832,3294.357,969.744,-0.498,0,760.916
3,2017,0,0,0,876237.91,206461.858,262645.264,99688.988,73745.985,19636.01,3204.698,3102.295,56036.334,207959.469,0,1.97,2190.006,1730.437,405.043,0,173419.711,30212.302,25968.329,24904.166,1064.163,546.2,0,546.2,3448.86,11531.74,1950.868,0,880396.143,832689.295,29706.586,4484.808,2463.014,11052.44,876237.91,516851.44,270454.481,88931.989,876237.91,10386.836,251237.43,3084.986,5253.603,596716.618,9558.437,150055,127586,126976,102190,0,24385,400,610,-490,45134,45134,3590,0,0,0,40983,-22664,-21784,1007694.065,126715.144,879469.238,0,1499.822,9.861,1007694.065,0,210365.864,0,795835.301,1492.9,79922.306,71320.754,1160.61,6964.584,,6964.584,168.308,308.05,46245.007,44201.872,691.624,1265.643,85.868,3062.009,3423.577,165.931,0,27.204,913.764,0,475.827,-884.03,-240.943,-122.027,-7.626,-341.135,-214.175,-134.358,532.407,1549.324,13.024,937.744,0,-1038.832,-12.44,-916.413,0,-1.321,7.125,-3.056,-5.39,180.186,166.773,0,-0.749,0,14.162,0,0,0,0,0,0,0,0,0,0,0,0,0,0,19501.619,161.06,11506.874,10027.146,620.031,597.521,5.913,256.263,2933.431,1280.651,1652.78,3720.918,1136.39,-674.799,0,717.745
3,2018,4.782,0,11.828,1004571.75,269109.569,284093.751,106513.702,79574.585,20210.976,3622.137,3106.004,60633.888,236278.312,0,0.25,2951.996,1720.996,365.202,0,145097.68,86142.188,24051.143,23133.963,917.18,661.513,0,661.513,7092.65,13178.388,2958.834,0,1006442.014,956839.109,33519.572,3147.489,3705.432,9230.412,1004571.75,586338.6,308611.585,109621.565,1004571.75,287.101,291184.307,3505.103,2110.552,702921.502,4563.185,139667.864,133452.202,133256.888,109721.21,,23135.678,400,646.633,-451.319,6215.662,12209.046,3590,0,169.684,699.253,7749.862,-5993.384,-5394,1103606.611,134447.434,967662.714,0,1425.325,71.138,1103606.611,0,233642.407,0,868427.882,1536.322,94071.333,92693.581,1377.752,0,,0,0,0,53194.016,50891.976,731.237,1322.208,248.595,3763.116,4123.934,209.428,0,43.98,1133.699,0,666.292,-1087.49,-270.85,-119.684,-0.02,-467.454,-248.315,-220.404,704.649,1373.683,22.486,0.455,0,-680.134,-11.758,-0.083,0,6.255,12.536,-4.915,-1.366,52.965,14.544,0,0,0,38.421,0,8023.823,0,43.278,0,0,0,8559.044,0,0,0,0,0,-578.499,24078.246,160.929,14530.02,13022.779,665.323,622.837,5.518,213.563,2977.378,1209.486,1767.892,4424.278,1308.223,0,0,677.418
3,2019,4.728,0,11.846,1121900.297,314582.306,302158.987,120001.884,85567.639,27037.777,4141.683,3254.785,67314.687,262069.101,0,0.029,3325.67,1846.875,377.711,0,165147.491,91371.325,23531.043,22543.395,987.648,675.175,0,675.175,12636.925,16092.335,2837.854,0,1123403.404,1072523.541,33338.793,3186.502,1956.084,12398.484,1121900.297,644745.785,346032.01,131122.502,1121900.297,98.38,332002.199,3059.32,1666.535,782110.088,2963.775,129977.544,125919.856,125770.221,103346.497,,22023.724,400,626.427,-476.792,4057.688,4658.938,3590.254,0,169.684,899,0,-601.25,0,1269373.071,139207.529,1128374.099,0,1682.977,108.466,1269373.071,0,281783.099,0,985749.431,1840.541,106467.763,96992.772,1803.293,7364.761,,7364.761,6.322,300.615,63807.119,61342.459,447.506,1939.815,77.339,4591.035,4921.742,182.256,0,34.239,1311.366,0,826.519,-1317.315,-315.996,-128.609,-292.053,-470.673,0,-160.441,1030.125,2655.988,24.721,1.405,0,-1638.425,-13.497,-0.067,0,9.332,11.665,-2.261,-0.072,-24.754,2.969,0,0,0,-27.723,0,11006.03,9525.849,26.329,0,0,0,2133.245,0,0,0,0,-622.379,-57.014,24594.101,164.729,13940.871,12062.358,717.874,0,0,1160.639,3370.702,1391.402,1979.3,4808.898,1449.285,64.949,0,794.667
3,2020,17.998,0,25.453,1212624.713,357260.33,323629.748,130974.285,88195.094,35083.772,4423.02,3272.399,74069.668,266160.864,0,0,3854.268,1909.274,347.707,0,248480.092,11569.523,23889.63,22903.028,986.602,619.027,0,619.027,16338.338,17706.091,1976.732,0,1212624.713,1161019.959,30077.806,2744.748,2425.499,16356.701,1212624.713,703853.849,361917.786,146853.078,1212624.713,180.812,365536.068,4796.573,1685.939,838618.208,1807.113,100416.438,96259.754,96096.677,83047.534,,12649.143,400,555.733,-392.656,4156.684,4758.684,4758.684,0,169.684,0,0,-602,0,1404875.777,150572.893,1252290.367,0,1655.883,356.634,1404875.777,0,321602.757,0,1081441.507,1831.513,112285.726,103455.89,1821.472,6673.773,0,6674,7.46,327.131,68625.103,65914.271,359.331,2281.819,69.682,5177.499,5335.021,211.899,0,73.082,1467.762,0,874.323,-1263.545,-279.265,-136.821,0,-646.319,-320.53,-138.108,939.766,3605.001,22.71,3.179,0,-2663.71,-26.953,-0.461,0,-10.268,10.052,-19.983,-0.337,141.316,57.93,0,0,0,83.386,0,8107.448,8673.418,1.663,0,0,0,110.971,0,0,0,0,-604.586,-74.018,26117.208,182.904,14036.177,12247.49,773.123,533.386,0,482.178,3605.022,1567.096,2037.926,4756.812,1641.156,1102.867,0,792.27
3,2021,,,,1316448.964,428277.919,339749.579,139232.111,86865.39,42536.676,4757.6,5072.445,78205.238,266188.446,0,0,4121.493,1763.858,352.144,0,247248.355,12702.596,24740.597,23722.656,1017.941,602.78,0,602.78,17908.762,19120.149,2423.383,0,1316448.964,1261194.332,28446.282,3141.256,3379.431,20287.663,1316448.964,792953.683,364038.387,159456.894,1316448.964,2128.267,395520.576,5125.755,2312.922,910324.564,1036.88,62458.831,58302.147,58216.808,55241.397,0,2575.411,400,186.858,-101.519,4156.684,4758.684,3590,0,0,999,169.684,-599,0,1542504.377,187441.146,1353153.38,0,1739.877,169.974,1542504,0,379549,,1149163,13792,109765.749,103587.449,2019.3,3837.063,,3837,1.374,320.563,62724.584,59798.369,270.853,2572.867,82.495,5104.959,5328.549,106.936,0,549.783,1371.583,0,1416.458,-1576.02,-272.47,-141.441,0,-1191.923,-334.178,-152.318,1515.012,5948.361,24.158,0.698,0,-4453.54,-4.665,0,0,0,0,0,0,309.926,18.788,0,0,0,291.138,0,8257.912,8810.266,22.414,0,0,0,240.051,0,0,0,0,-783.956,-30.863,24801.001,186.837,14111.195,12468.869,772.674,630.264,0,239.388,3555.121,1585.275,1969.846,4232.615,1753.108,16.372,0,945.753
3,2022,,,,1444801.761,448165.837,370719.689,157445.255,103098.967,46117.754,5715.107,2513.427,82854.414,321020.719,0,0,4200.829,1696.313,376.605,0,291209.226,23537.746,22795.84,21630.315,1165.525,725.539,0,725.539,17417.818,20888.104,2768.546,0,1444801.761,1381920.033,35279.613,3887.707,4714.399,19000,1444801.761,876469.68,386031.759,182300.322,1444801.761,2148.374,402989.585,4964.605,1678.786,1031470.509,1549.902,214012.971,154738.029,154733.765,114843.17,0,39490.595,400,54.63,-50.366,59274.942,59873.942,45451.877,2090,11563.381,599,170,-599,,1623935.082,186850.025,1435188.091,0,1658.565,238.401,1623935.082,0,0,0,1199236.66,424698.422,128036.986,119371.417,4714.191,3649.725,3649.725,0,0.637,301.016,67847.444,64937.721,265.76,2551.963,92,4767.32,5501.667,60.437,0,236.378,1927.008,0,1425.062,-1796.752,-267.207,-152.665,0,-1080.061,-368.383,-718.164,2857.814,13794.899,106.214,0.793,0,-11025.946,-18.146,0,0,0,0,0,0,136.781,86.472,0,-3.844,0,54.153,0,9842.212,10267.203,13.741,0.038,0,0,540.103,0,0,0,0,-933.78,-45.093,28150.016,195.602,16138.75,14183.412,809.655,58.033,0,1087.65,3701.953,1719.713,1982.24,5341.84,1915.546,13.91,0,842.415
3,2023,,,,1552157.827,495683.268,400433.011,166633.446,104470.078,52562.649,6066.173,3534.546,85002.858,333669.77,0,0,3734.71,1622.611,688.502,0,300636.064,26987.883,22416.725,21261.583,1155.142,701.903,0,701.903,20962.953,23033.902,3619.991,0,1552157.827,1491097.616,32339.641,3880.436,5592.596,19247.538,1552157.827,945253.797,402573.886,204330.144,1552157.827,1099.329,414423.949,4295.185,2510.179,1127715.436,2113.749,174322.712,97744.755,97725.126,79394.132,0,18330.994,0,10,,76577.957,77212.166,56452.43,690,19301.052,768.684,170,-634.209,,1817271.03,206525.848,1608231.44,0,1669.226,844.516,1817271.03,0,0,0,1338796.416,478474.614,153631.519,139191.942,6188.497,7915.443,7915.443,0,0.145,335.492,97666.782,92734.707,378.213,4398.059,155.803,4565.788,5427.611,89.701,0,412.61,2001.334,0,1535.996,-2222.817,-275.824,-161.387,0,-1339.471,-409.657,-492.308,2006.773,1192.083,1514.992,0.352,0,-250.799,-449.855,0,0,0,0,0,0,2976.98,3012.189,0,0,0,-35.209,0,10529.197,11167.15,16.93,0,0,0,158.701,0,0,0,0,-768.73,-44.854,30932.407,198.335,17730.15,15948.906,902.657,540.118,0,338.469,3988.252,1920.538,2067.714,6018.621,2087.997,-8.88,0,917.932
3,2024,,,,1723382.194,546461.327,437858.834,197508.741,126060.78,58149.686,7596.16,5702.115,85840.224,362714.082,0,0,4258.592,1805.368,1009.28,0,328059.736,27581.106,25608.191,24650.971,957.22,853.225,0,853.225,30944.741,28518.023,7074.806,0,1723382.194,1665171.184,29202.409,2282.808,4088.234,22637.559,1723382.194,1104532.812,386169.314,232680.068,1723382.194,2169.971,424847.999,2814.424,1886.559,1271822.234,19841.007,241629.984,167228.689,167199.946,92668.517,0,74531.429,0,48.377,-19.634,74401.295,75169.979,55948.574,0,18452.721,768.684,,-768.684,,1914664.361,245746.837,1667148.87,0,1750.323,18.331,1914664.361,0,0,0,1398137.926,516526.435,140271.366,126695.638,6333.809,6916.211,6916.211,0,0.171,325.537,73717.25,69073.529,178.406,4362.408,102.907,5025.743,5560.099,18.475,0,377.432,2101.183,0,1749.418,-2107.925,-346.142,-147.309,0,-1431.251,-406.485,-341.752,4538.643,1443.013,4528.782,51.675,0,-944.07,-538.544,-2.213,0,0,0,0,0,-93.131,25.978,0,0,0,-119.109,0,10453.924,11610.98,28.252,0,0,0,372.697,0,0,0,0,-1512.777,-45.228,32263.408,229.419,18581.015,16765.366,976.976,570.387,0,268.286,4315.904,1979.923,2335.981,5758.344,2332.034,36.613,0,1010.079
4,2015,9925.046,9569.499,371.89,387722.937,105498.319,10765.546,167001.578,122263.924,27270.622,0,17467.032,21313.081,0,0,0,0,0,0,0,0,0,24106.631,24106.631,0,0,0,0,0,8777.85,0,50259.932,387722.937,371208.595,9377.079,796.645,750.489,5590.129,387722.937,230755.013,43842.359,113125.565,387722.937,90340.826,81743.726,26082.944,7720.166,78384.841,103450.434,107597.495,42449.891,42468.041,32178.596,,10189.445,100,0,-18.15,65147.604,65818.278,51564.369,0,100.347,10588.751,3564.811,-670.674,-596.208,501162.561,141125.755,354019.09,0,1191.93,4825.786,590451.344,0,263487.641,0,326963.703,0,31360.729,24306.183,1199.274,5307.039,234.422,5072.617,195.092,353.141,15907.697,14956.105,596.262,278.523,76.807,1872.648,2147.481,186.393,0,8.248,0,0,1215.182,-1280.848,-50.158,-76.999,-0.697,0,0,-275.954,1572.574,2968.544,265.36,0,670.207,-952.813,-1352.441,0,-26.283,178.362,319.27,-144.407,3.499,171.467,212.758,0,-60.404,0,19.113,0,1905.279,1834.236,0,0,212.882,0,93.432,0,0,-0.11,0,-211.851,-23.31,8306.249,165.5,4283.737,3980.288,223.813,2.196,0,77.44,1820.583,644.239,1176.344,1692.881,292.895,9.948,0,40.705
4,2016,4233.529,3716.635,554.727,460808.44,117623.973,12740.155,187890.721,140793.745,28619.537,0,18477.439,25148.575,0,0,0,0,0,0,0,0,0,26914.695,26914.695,0,0,0,0,0,8471.154,0,82019.167,460808.44,446465.882,7420.187,1359.507,1347.185,4215.679,460808.44,260095.582,53767.184,146945.674,460808.44,91143.102,96800.842,30651.691,7459.542,116463.229,118290.034,131771.107,51914.7,51923.76,39127.435,,12496.325,300,8.19,-17.25,79856.407,80019.284,62660.834,0,2400.099,14958.351,0,-162.877,0,590451.344,159627.676,422812.904,0,1783.563,6227.201,590451.344,0,263487.641,0,326963.703,0,37718.211,29024.053,1521.011,6563.613,117.157,6446.456,216.949,392.585,19185.461,17938.402,840.751,349.491,56.817,2106.705,2765.256,215.643,0,21.722,0,0,1323.862,-1694.872,-58.074,-88.295,-4.852,0,0,-373.685,1850.118,2657.525,304.878,0,7.616,-444.741,-457.342,0,-217.818,495.768,595.413,-78.155,-21.49,-89.416,52.59,0,-142.006,0,0,0,1918.378,2122.701,0,57.11,0,0,114.916,0,0,-2.026,0,-216.968,-157.355,9939.012,214.059,5357.363,4959.636,278.035,1.952,0,117.74,1976.666,712.406,1264.26,2030.266,355.746,-21.442,0,26.354
4,2017,9669.033,9304.388,445.856,543434.46,118528.188,11296.702,190595.121,147736.46,26547.17,0,16311.491,32115.297,0,0,0,0,0,0,0,0,0,23016.953,23016.953,0,0,0,0,0,9441.003,0,158441.196,543434.46,532442.513,4783.258,684.223,3584.263,1940.203,543434.46,303366.942,56529.525,183537.993,543434.46,83310.96,109118.33,38357.37,5250.845,177778.008,129618.947,129952.272,34671.798,34680.108,25153.866,,9426.242,100,8.19,-16.5,95280.474,95404.021,73423.37,0,7647.9,14332.751,0,-123.547,0,708519.717,201004.132,495438.508,0,1125.687,10951.39,708519.717,0,316488.54,0,392031.177,0,46158.768,36165.352,1974.911,7197.869,261.302,6936.567,253.228,567.408,24221.222,22348.284,773.985,1067.368,31.585,2538.209,3451.048,243.295,0,30.477,0,0,1653.356,-2190.939,-59.688,-94.812,-7.093,0,0,-487.435,2042.417,3033.367,420.624,0,0.921,-681.035,-693.94,0,-37.52,476.4,598.033,-78.255,-43.378,-19.742,0.338,0,-20.08,0,0,0,2099.53,2185.1,0,0,0,0,170.731,0,0,0,0,-106.832,-149.469,11866.345,229.392,6733.373,6289.709,308.61,3.539,0,131.515,2051.907,711.474,1340.433,2358.518,444.889,10.792,0,37.474
4,2018,2654.806,2367.615,357.436,631866.758,120238.625,14499.324,208551.242,163734.487,29340.404,0,15476.351,28873.357,224989.306,0,0,0,0,0,0,0,224989.306,23352.261,23352.261,0,0,0,0,0,11362.643,0,0,631866.758,621862.679,3781.086,291.788,1160.507,4770.698,631866.758,342212.9,53310.111,236343.747,631866.758,68153.883,128333.629,38567.007,2487.292,235884.022,158440.925,149296.43,35233.134,35313.069,22120.565,,13192.504,0,8.19,-88.125,114063.296,114251.03,83967.301,0,22601.979,7681.75,0,-187.734,0,801929.115,226842.211,558786.377,0,1351.961,14948.566,801929.115,0,380422.106,0,421507.009,0,55863.951,43756.805,2880.373,8304.634,140.013,8164.621,287.078,635.061,27455.435,25365.31,544.079,1516.041,30.005,3402.492,4590.636,245.694,0,6.321,0,0,2179.504,-2907.563,-69.372,-100.79,-0.746,0,0,-541.192,2266.429,4449.872,363.485,87.041,325.992,-865.92,-983.543,-644.053,-466.445,250.462,539.389,-299.893,10.966,0,0,0,0,0,0,0,3234.365,3272.247,0,0,0,0,243.657,-9.117,0,-0.159,0,-150.034,-122.229,13611.094,253.632,7677.596,6920.065,608.943,3.977,0,144.611,2340.006,797.551,1542.455,2728.089,526.591,41.859,0,43.321
4,2019,1801.126,1538.592,351.036,734706.891,131856.583,16122.626,218903.033,174032.67,30411.521,0,14458.842,32357.572,0,0,0,0,0,0,0,0,0,24742.604,24742.604,0,0,0,0,0,12837.989,0,297886.484,734706.891,726342.426,2560.532,686.839,587.253,4529.841,734706.891,384355.979,48461.992,301888.92,734706.891,61597.154,139575.487,43644.729,2268.308,315781.58,171839.633,167529.689,35574.786,35690.9,17444.329,,18246.571,0,8.19,-124.304,131954.903,132271.302,82997.995,0,42593.538,6679.769,0,-316.399,0,928450.869,262977.124,642710.681,0,1743.958,21019.106,928450.869,0,0,0,466841.936,461608.933,67724.19,53185.411,4412.907,8893.83,84.531,8809.299,326.787,905.255,33146.84,31224.709,337.223,1500.039,84.869,4306.844,6199.194,164.507,0,1.278,0,0,2637.528,-3877.007,-96.571,-114.68,-3.485,0,0,-603.92,3378.274,6397.1,781.001,0,602.846,-3627.773,-653.967,0,-120.933,146.002,207.337,-43.098,-18.237,7.04,7.22,0,-0.001,0,-0.179,0,3069.795,3179.526,0,0,0,0,248.238,0,0,-0.032,0,-163.238,-194.699,15817.575,302.195,8668.512,7807.1,654.053,5.566,0,201.793,2700.957,826.761,1874.196,3515.416,578.981,8.002,0,43.512
4,2020,1954.061,1665.791,326.07,839788.261,202773.035,17069.197,233446.508,178521.411,40333.441,0,14591.656,71273.525,0,0,0,0,0,0,0,0,0,26843.614,26843.614,0,0,0,0,0,10166.471,0,278215.911,839788.261,831765.014,2793.678,668.69,223.292,4337.587,839788.261,434373.69,43091.944,362322.627,839788.261,66893.804,155046.852,52121.844,2653.308,380751.584,182320.869,156931.097,41955.076,42140.641,9444.422,,32696.219,0,8.19,-193.755,114976.021,115382.544,59001.448,0,51041.344,5339.752,0,-406.523,0,1032113.567,307026.182,693604.644,0,4156.82,27325.921,1032113.567,0,0,0,509788.506,522325.061,69205.134,56056.454,2362.665,9405.447,207.589,9197.858,330.131,1050.437,32919.659,31150.286,197.705,1503.84,67.828,6607.317,6017.661,74.593,0,9.289,0,0,4486.62,-3192.493,-109.932,-125.174,-6.107,0,0,-547.14,3906.399,6841.473,650.399,0,481.086,-2913.034,-1068.516,0,-85.009,1.81,113.299,-162.191,50.702,-0.098,0,0,0,0,-0.098,0,1800.253,2421.725,0,0,0,0,122.989,-117.968,0,-0.171,0,-301.184,-325.138,16038.25,246.322,8603.051,7674.586,683.529,5.868,0,239.068,2902.528,1168.499,1734.029,3603.531,631.788,0,0,51.03
4,2021,2766.098,2492.178,330.353,960749.955,152212.435,25096.242,277954.998,203057.429,59813.456,0,15084.113,86628.722,0,0,0,0,0,0,0,0,0,28715.341,28715.341,0,0,0,0,0,16921.726,0,373220.491,960749.955,951130.994,3497.833,743.995,965.987,4411.146,960749.955,508285.894,40535.854,411928.207,960749.955,60146.527,169542.086,66611.876,2819.975,448102.945,213526.546,130279.097,71035.829,71114.312,30327.312,0,40687,100,8.19,-86.673,99569,99658,40325,0,47502.241,11829.751,0,-88.724,0,1135323.913,367149.083,730223.47,0,6309.346,31642.014,1135323.913,0,569423.275,0,565900.638,0,70749.002,59307.94,1781.197,8138.973,158.14,7980.833,307.677,1213.215,28349.385,26588.386,283.757,1427.85,49.392,7407.073,5984.352,68.34,0,35.404,0,0,5198.42,-2998.989,-119.558,-136.648,-12.085,0,0,-612.163,4374.82,8202.819,451.852,0,1041.324,-3357.381,-1374.802,0,-588.992,104.114,191.383,-68.636,-18.633,-85.126,1.27,0,0,0,-86.396,0,2393.261,2912.23,0,0,0,0,188.14,-206.197,0,-0.138,0,-426.725,-74.049,17574.188,246.056,9586.008,8499.318,719.808,5.882,0,361,3462.426,1412.306,2050.12,3496.591,711.257,0,0,71.85
4,2022,1499.687,1397.467,146.108,1145066.25,184463.459,36100.729,321383.408,243683.447,58615.95,0,19084.011,75113.942,0,0,0,0,0,0,0,0,0,31585.533,31585.533,0,0,0,0,0,18278.882,0,478140.297,1145066.25,1133162.47,4083.359,414.767,782.37,6623.284,1145066.25,651421.776,41726.956,451917.518,1145066.25,63930.38,203088.337,85943.755,2289.294,540349.776,249464.708,196171.213,100739.67,100739.67,34180.448,29600,36887,72.222,,,95431.543,95513.376,37915.262,0,46589,11009.114,,-81.833,,1243468.471,402103.803,821676.266,0,9848.42,9839.982,1243468.471,0,637317.087,0,606151.384,0,88112.7,75333.189,3774.188,7469.553,103.191,7366.362,355.97,1179.8,34866.222,33290.697,494.179,1025.298,56.048,6839.1,6001.029,75.478,0,57.11,0,0,6291.39,-4424.834,-127.938,-146.125,-21.587,0,-865.423,0,5768.445,9559.507,918.924,0,177.807,-2445.062,-1932.701,0,-510.03,-115.194,139.26,-233.448,-21.006,81.595,35.281,0,-40.359,0,86.673,0,2053.961,2394.744,0,0,0,0,533.595,-221.584,0,-0.052,0,-316.342,-336.4,21250.512,356.671,10704.534,9564.154,754.534,6.381,0,379.465,4017.315,1345.198,2672.117,5226.349,802.452,42.999,0,100.192
4,2023,2495.408,2249.222,262.173,1270359.018,204168.323,38732.65,355774.566,280386.148,54975.004,0,20413.414,81091.024,0,0,0,0,0,0,0,0,0,33448.171,33448.171,0,0,0,0,0,19622.16,0,537522.124,1270359.018,1252344.351,5559.7,1737.243,2876.975,7840.749,1270359.018,790604.807,46175.347,433578.864,1270359.018,80144.585,207339.02,109476.021,1212.185,566326.189,305861.018,145780.067,67882.48,67882.48,38785.48,0,29097,0,,,77897.587,78009.747,43724.246,0,24098,10187.501,,-112.16,,1395697.611,461311.977,904764.077,0,11820.124,17801.433,1395697.611,0,0,0,694620.72,701076.891,108122.278,92462.699,6867.361,7298.787,98.443,7200.344,485.81,1007.621,54501.409,52314.736,652.068,1467.151,67.454,5779.723,6601.659,51.924,0,0.72,0,0,5978.436,-5541.242,-105.031,-152.557,-9.872,0,0,-1044.314,5660.028,7715.021,2647.98,0,28.049,-170.887,-3273.665,0,-1286.47,124.217,123.531,-27.215,27.901,0,0,0,0,0,0,0,2272.169,2090.116,0,0,0,0,1960.028,-830.832,0,-0.092,0,-332.327,-614.724,21914.899,451.195,11718.438,10553.274,830.173,5.286,0,329.705,3455.613,1269.347,2186.266,5284.175,880.742,24.426,0,100.31
4,2024,4876.237,4386.594,521.933,1449198.899,214488.774,42722.982,431873.282,340501.488,65344.169,0,26027.625,90512.98,0,0,0,0,0,0,0,0,0,42626.109,42626.109,0,0,0,0,0,16356.618,0,610618.154,1449198.899,1431299.668,3935.217,2153.039,1518.558,10292.417,1449198.899,915576.792,59453.709,474168.398,1449198.899,96605.199,227041.34,147778.524,1371.552,640003.504,336398.78,166147.237,86799.901,86799.901,38999.507,0,44048,0,,,79347.336,79593.428,44748.703,0,25687.225,9157.5,,-246.092,,1514664.85,529738.285,958430.398,0,13185.995,13310.172,1514664.85,0,0,0,760349.336,754315.514,93654.841,78644.966,6259.17,6779.504,134.331,6645.173,508.012,1463.189,38249.106,36034.158,795.798,1346.846,72.304,5136.561,7484.538,52.334,0,13.983,0,0,5592.15,-6155.303,-141.478,-184.262,-21.91,0,0,-1503.491,5291.751,6858.615,3279.215,64.601,15.067,-570.251,-3596.703,0,-758.793,62.123,128.338,-49.912,-16.303,3.444,5.685,0,-2.241,0,0,0,2371.703,3751.009,0,0,0,0,717.797,-557.373,0,-0.099,0,-545.792,-993.839,23027.363,432.233,12262.748,11038.411,874.515,5.319,0,344.503,3402.747,1086.426,2316.321,5891.735,993.995,-67.425,0,111.33
5,2015,100.457,103.034,0,135348.271,30329.878,996.535,21150.412,0,21150.412,0,0,5474.991,1873.507,1873.507,0,0,0,0,0,0,0,2466.702,2466.702,0,141.006,141.006,0,2541.278,2369.511,9.217,67995.234,135348.271,131239.735,2337.843,174.499,530.241,1065.953,135348.271,63927.539,21342.51,50078.222,135348.271,1659.869,64691.884,1591.088,63.992,66545.038,796.4,38679.144,11421.189,10954.086,8880.544,,1923.542,150,987.162,-520.059,27257.955,28821.509,19389.774,0,3293.379,4255.586,1882.77,-1563.554,-382.113,174918.997,26599.343,18289.904,128057.014,1844.635,128.101,174918.997,848.738,24984.633,1834.915,143492.265,3758.446,14081.792,10730.587,271.328,2636.292,2636.292,0,88.184,355.401,8198.265,7470.926,92.264,380.13,254.945,1296.752,690.74,31.394,0,0,0,113.416,185.439,0,175.175,0,0,0,29.523,71.065,120.624,204.38,172.539,1.178,0,-30.531,-171.362,-55.58,0,14.544,80.415,-66.404,0.533,-807.6,609.123,80.405,-87.729,0,-1412.731,3.332,242.483,147.89,0,0,0,1.091,137.611,0,0,0,-1.08,0,-43.029,4021.683,8.939,1998.639,1770.98,133.894,2.793,0,90.972,239.613,239.613,0,1020.929,183.258,-2.016,0,572.321
5,2016,1183.306,1211.314,0,163401.221,34441.784,881.687,21218.248,0,21218.248,0,0,6922.641,2583.919,2583.919,0,0,0,0,0,0,0,3071.674,3071.674,0,241.58,241.58,0,3610.697,2469.5,31.801,87927.69,163401.221,159957.346,2023.328,193.836,180.518,1046.193,163401.221,76446.864,21320.449,65633.908,163401.221,1909.009,72951.189,872.367,83.268,86428.071,1157.317,42801.465,10444.694,10087.522,8950.088,,1137.434,0,875.091,-517.919,32356.771,34824.159,26785.331,0,3796.014,2756.181,1486.633,-2467.388,-417.439,207051.269,31893.354,23281.393,150022.955,1709.06,144.507,207051.269,837.789,30321.475,2602.778,169741.821,3547.406,16448.249,13550.012,180.904,2411.394,20,2391.394,78.991,226.948,9556.36,8794.102,130.12,535.894,96.244,944.382,796.171,34.11,0,0,0,131.115,312.735,-217.984,0,0,0,0,-38.593,-73.172,230.096,214.291,243.643,39.687,0,-2.194,-265.33,-0.001,0,72.083,113.083,-15.569,-25.431,885.963,203.609,52.787,-6.464,-37.5,673.531,0,285.204,79.185,0,0,0,0,217.1,0,0,0,0,0,-11.081,4677.889,13.54,2309.184,708.128,147.59,2.628,0,1450.838,952.575,249.805,702.77,1090.706,213.39,98.494,0,0
5,2017,1236.555,1239.991,0,198513.394,38967.133,881.926,24233.388,24233.388,0,0,0,8516.388,3455.588,3455.588,0,0,0,0,0,0,0,2592.809,2592.809,0,374.516,374.516,0,4077.591,2506.603,25.046,112882.406,198513.394,196674.207,449.568,325.864,275.371,788.384,198513.394,98989.236,19234.602,80289.556,198513.394,1767.475,82866.438,1232.939,107.873,111134.819,1403.85,52718.405,7582.024,7261.983,7058.817,,203.166,0,745.508,-425.467,45136.381,45151.482,41466.355,0,3644.754,0,40.373,-15.101,-11.256,241392.932,38194.539,28260.15,172815.583,1869.903,252.757,241392.932,949.406,36783.622,3040.179,197294.21,3325.515,20319.639,16526.002,221.508,3292.563,15.15,3277.413,76.927,202.639,11861.885,11013.305,77.571,699.732,71.277,1188.331,916.381,36.753,0,0,0,162.964,458.57,-257.944,0,0,0,0,-52.922,-75.471,236.729,380.362,216.218,3.348,0,-130.755,-230.9,-1.544,0,25.305,135.595,-134.862,24.572,603.079,203.2,2.244,-22.113,0,419.748,0,891.642,369.312,0,0,0,0,583.127,0,0,0,0,0,-60.797,6217.359,10.552,2668.747,730.816,159.439,3.412,0,1775.08,1038.298,292.291,746.007,1288.998,262.075,948.689,0,0
5,2018,1177.972,899.577,439.58,230527.22,45966.062,871.076,23647.933,23647.933,0,0,0,10910.523,4555.122,4555.122,0,0,0,0,0,0,0,2718.254,2718.254,0,545.873,545.873,0,3534.541,2702.848,12.147,135062.841,230527.22,228469.09,383.152,172.866,338.018,1164.094,230527.22,133395.122,15315.789,81816.309,230527.22,1407.23,94574.467,612.238,102.671,133042.558,788.056,54962.756,9347.071,8201.643,7493.482,,708.161,0,708.161,437.267,45615.685,45635.016,45044.524,0,550.119,0,40.373,-19.331,-19.331,269998.503,45021.707,37747.378,185087.366,1562.034,580.018,269998.503,3249.61,42146.554,3852.63,215713.275,5036.434,24015.362,20470.962,309.098,2957.05,42.678,2914.372,68.885,209.367,13652.442,13061.311,173.54,370.917,46.674,1497.526,1116.003,38.879,0,0,0,217.008,722.709,-344.251,0,0,0,0,-59.121,-193.701,241.39,465.729,131.175,6.032,0,-38.966,-320.29,-2.29,0,-78.329,56.531,-108.986,-25.874,168.534,305.985,0,-129.496,0,-7.955,0,1814.771,1765.163,0,0,0,0,187.139,0,0,0,0,0,-137.531,6712.217,13.719,3220.678,834.746,329.009,5.511,0,2051.412,1379.216,306.996,1072.22,1943.62,302.316,-147.332,0,0
5,2019,2985.262,2792.425,353.478,268700.541,50286.592,944.875,23992.177,23992.177,0,0,0,12463.481,5686.841,5686.841,0,0,0,0,0,0,0,2803.69,2803.69,0,695.851,695.851,0,4589.815,2563.235,16.905,164657.079,268700.541,266620.106,631.083,235.338,310.859,903.155,268700.541,144794.684,18457.541,105448.316,268700.541,1193.119,103724.193,880.866,212.34,162160.326,529.697,55956.16,10134.638,9893.342,9893.342,,0,0,708.161,-466.865,45821.522,45821.522,45821.522,0,0,0,0,0,0,308129.391,56057.704,45193.89,204149.172,1539.674,1188.951,308129.391,1469.245,50902.303,4646.303,247094.213,4017.327,28317.522,24425.186,607.938,2934.133,22.05,2912.083,78.694,271.571,16205.362,15061.615,103.125,993.91,46.712,1896.492,1425.973,34.109,0,0,0,125.051,1123.626,-511.139,0,0,0,0,-42.404,-258.724,430.325,477.737,217.177,48.204,0,-135.673,-176.8,-0.32,0,75.206,90.87,-16.208,0.544,54.322,116.413,0,-32.493,0,-29.598,0,1500.14,1427.758,0,0,0,0,118.436,0,0,0,0,0,-46.054,8307.596,13.444,3763.241,1656.145,344.978,10.239,0,1751.879,1643.038,345.522,1297.516,2279.266,330.101,278.506,0,0
5,2020,6167.917,5986.742,285.371,311478.989,55608.986,1073.201,24652.866,24652.866,0,0,0,14862.172,7345.463,7345.463,0,0,0,0,0,0,0,3498.043,3498.043,0,755.582,755.582,0,4747.605,2718.319,90.739,196126.013,311478.989,309062.564,576.041,212.494,411.284,1216.606,311478.989,180504.214,15849.837,115124.938,311478.989,1170.762,115573.963,776.7,206.487,193317.315,433.762,63399.011,10350.747,10082.271,9779.851,,302.42,0,708.161,-439.685,53048.264,53048.264,53048.264,0,0,0,0,0,0,353195.838,74064.578,60092.054,216733.695,1774.982,530.529,353195.838,969.05,62642.089,6694.16,280172.886,2717.653,31855.748,27685.12,296.992,2915.654,38.05,2877.604,98.657,859.325,17273.625,15568.75,66.981,1546.635,91.259,1694.654,1499.936,27.951,0,0,0,206.592,1069.005,-582.706,0,0,0,0,-53.421,-472.703,687.187,610.663,237.938,73.964,0,-105.608,-124.469,-5.301,0,166.503,271.86,-148.152,42.795,732.115,735.251,0,-30.316,0,27.18,0,279.65,208.79,0,0,0,0,286.669,0,0,0,0,0,-215.809,7624.268,15.81,4337.109,1753.297,362.76,6.981,0,2214.071,1750.411,373.102,1377.309,1793.343,374.287,-646.692,0,0
5,2021,11259.731,10620.68,695.201,361912.538,64873.612,1185.011,24686.873,24686.873,0,0,0,16141.702,8900.766,8900.766,0,0,0,0,0,0,0,3767.07,3767.07,0,809.941,809.941,0,5375.667,2347.208,89.189,233735.499,361912.538,357215.221,1897.953,537.788,882.155,1379.421,361912.538,224693.08,13796.776,123422.682,361912.538,1038.065,129587.55,46.454,265.335,230598.728,376.406,59474.604,9731.533,9635.656,8128.747,0,1506.909,0,103.883,-8.006,49743.071,49743.071,47783.468,0,1959.603,0,0,0,0,379920.669,94329.551,66471.601,216701.379,1785.811,632.327,379920.669,706.802,68777.033,3931.102,304660.201,1845.531,33713.81,29774.559,231.057,2635.745,189.643,2446.102,114.797,957.652,14769.018,13042.372,163.859,753.687,809.1,2893.963,1579.803,22.435,0,0,0,557.886,1866.336,-557.786,0,0,0,0,-137.815,-436.896,871.556,932.493,302.536,41.742,0,-316.498,-88.717,0,0,449.96,572.815,-175.061,52.206,244.051,31.326,0,-115.72,0,328.445,0,139.463,215.974,0,0,0,0,487.185,0,0,0,0,0,-563.696,8229.776,10.569,5128.784,1967.07,371.924,7.805,0,2781.985,1692.359,374.435,1317.924,1736.532,419.539,-758.007,0,0
5,2022,1131.327,644.059,144.059,413706.244,73260.878,1260.358,25951.594,25951.594,0,0,0,16529.164,10367.944,10367.944,0,0,0,0,0,0,0,3735.759,3735.759,0,826.528,826.528,0,4864.676,1774.809,89.111,275045.423,413706.244,408316.206,2345.123,442.27,437.272,2165.373,413706.244,263259.964,16779.656,133666.624,413706.244,1271.285,139299.114,590.028,221.707,271770.51,553.6,75534.794,31854.915,31842.254,11441.467,0,20400.787,0,12.661,,43679.879,43679.879,41721.792,0,1958.087,0,0,,,413952.789,90144.575,74573.2,247066.208,1695.677,473.129,413952.789,848.57,0,4687.278,333079.142,75337.799,40698.834,35502.283,1579.441,2702.095,97.9,2604.195,128.333,786.682,17165.305,15212.277,337.539,1567.28,48.209,3526.244,2206.039,18.844,0,0,0,0,2832.676,-841.775,0,0,0,0,0,-689.54,1048.369,1198.737,609.001,27.409,0,-435.239,0,-2.956,-348.583,-387.873,183.395,-447.294,-123.974,20.648,27.239,0,-14.597,0,8.006,0,989.694,474.74,0,312.09,0,0,323.664,0,0,0,0,0,-120.8,11605.045,14.25,6069.294,2047.27,386.526,10.077,0,3625.421,1733.724,367.441,1366.283,3286.908,455.482,45.387,0,0
5,2023,7177.069,5879.766,1443.723,487601.852,85530.409,1420.85,28222.186,28222.186,0,0,0,18240.176,13855.783,13855.783,0,0,0,0,0,0,0,4261.365,4261.365,0,677.254,677.254,0,5813.214,1676.823,1811.477,326092.315,487601.852,478539.359,3175.268,940.414,1048.813,3897.998,487601.852,327904.718,15386.415,144310.719,487601.852,3386.333,160984.96,520.49,296.799,321858.529,554.741,73463.347,44903.768,44891.107,20515.956,0,24375.151,0,12.661,,28559.579,28559.579,24853.008,0,3706.571,0,,,,482702.731,103970.539,102388.617,274083.407,1812.256,447.912,482702.731,1187.115,0,3393.768,383854.081,94267.767,52346.796,44703.909,3063.281,3465.691,26.3,3439.391,175.515,938.4,27387.226,24278.85,361.041,2015.387,731.948,2922.337,2630.067,11.744,0,0,0,0,2303.94,-1217.613,0,0,0,0,0,-805.801,1110.105,1921.693,604.179,14.919,0,-507.399,-917.679,-5.608,0,168.383,211.997,-86.808,43.194,2647.14,2663.097,0,-15.957,0,0,0,863.371,880.179,0,0,0,0,317.038,0,0,0,0,0,-333.846,10874.286,18.587,6215.207,2259.881,456.896,6.96,0,3491.47,1780.389,392.052,1388.337,2346.192,504.504,9.407,0,0
5,2024,3881.151,841.743,3187.345,580686.248,100261.294,1832.339,36272.884,36272.884,0,0,0,20471.657,20236.66,19418.129,0,818.531,0,0,0,0,0,5049.985,5049.985,0,695.852,695.852,0,7563.949,1789.899,8599.396,377912.333,580686.248,569257.221,2779.393,923.291,978.211,6748.132,580686.248,391723.409,17286.255,171676.584,580686.248,7161.249,194991.89,5386.547,300.591,372314.994,530.977,121090.243,108918.477,108905.816,32850.096,0,76055.72,,12.661,,12171.766,12171.766,11171.766,0,1000,,,,,537304.578,118184.292,125231.154,291116.149,2456.415,316.568,537304.578,1208.561,0,17835.596,429314.065,88946.356,50902.749,42297,3898.576,3374.338,246.817,3127.521,187.401,1145.434,23108.047,18675.1,590.978,3798.383,43.586,3238.785,3228.334,10.202,0,0,0,0,2226.422,-1598.552,0,0,0,0,0,-627.621,1170.752,2334.176,512.898,33.219,0,-850.749,-856.685,-2.107,0,200.357,408.677,-206.803,-1.517,450.312,457.63,0,-7.318,0,0,0,623.637,740.938,0,0,0,0,525.194,0,0,0,0,0,-642.495,10902.603,18.291,6468.329,2360.339,490.936,8.144,0,3608.91,1645.532,433.368,1212.164,2212.159,574.929,-16.637,0,0
6,2015,3469.067,2966.73,493.049,121348.63,33570.465,1892.7,27976.699,19879.561,4222.497,251.939,3622.702,10600.141,23627.889,0,0,259.041,43.401,505.878,52.859,22491.615,275.095,12964.898,10353.397,2611.501,320.04,69.234,250.806,4603.442,1046.599,724.406,4021.351,121348.63,117017.506,2381.53,425.343,442.136,1082.115,121348.63,63703.947,23886.445,33758.238,121348.63,23954.828,58687.361,713.785,2073.428,31279.104,4640.124,46760.198,39455.594,39028.741,18919.916,18828.069,1280.756,0,484.285,-57.432,7304.604,8070.136,50,40,2080,1852.635,4047.501,-765.532,-512.442,181565.384,56547.885,106912.39,0,17368.633,736.476,181565.384,0,0,0,72989.504,108575.88,13537.628,8429.873,290.637,4077.335,4077.335,0,0,739.783,6219.098,5439.621,350.064,263.71,165.703,543.838,324.555,14.627,0,0,0,0,1188.788,-94.102,0,0,0,0,0,-890.03,159.048,301.844,0,0,228.054,-227.598,0,0,-143.252,134.034,630.468,-386.833,-109.601,0,0,0,0,0,0,0,524.739,458.775,0.86,0,0,70.153,81.474,0,0,0,-62.893,0,-23.63,3449.129,161.967,1660.746,1535.745,119.792,1.717,3.492,0,599.752,296.267,303.485,521.96,97.806,0,0,406.898
6,2016,925.995,0,1060.665,150737.702,36893.16,2054.184,33129.071,23770.461,5468.42,544.159,3346.031,14145.488,35792.476,0,0,277.106,74.826,664.094,53.391,34419.063,303.996,14455.211,11183.228,3271.983,484.422,241.251,243.171,6284.616,1700.284,699.52,5099.27,150737.702,146845.744,1904.761,896.027,476.547,614.623,150737.702,74062.328,29174.292,47501.082,150737.702,21292.492,73140.343,2877.505,2669.603,45053.274,5704.485,53285.92,46130.829,45415.85,22017.624,17434.868,5863.358,100,809.672,-94.693,7155.091,8681.353,0,0,2230,3046.635,3404.718,-1526.262,0,194812.397,66096.129,118534.307,0,9297.277,884.684,194812.397,0,0,0,84097.845,110714.552,15552.477,10900.297,340.619,3321.269,0,3321.269,0,990.292,7573.533,6503.004,549.251,272.412,248.866,682.64,411.47,10.579,0,0,236.63,0,639.211,-290.172,0,0,0,-134.271,0,-190.807,113.354,380.809,0,0,259.466,-226.478,0,0,-300.443,101.443,530.887,-359.533,-69.911,0,0,0,0,0,0,0,876.819,508.786,345.386,0,0,42.117,123.084,0,0,0,-44.735,0,-97.819,4174.668,223.794,2222.11,2072.052,142.287,1.991,5.78,0,821.682,328.118,493.564,557.323,121.902,0,0,227.857
6,2017,2804.525,2000.398,839.566,184188.142,44063.175,2664.821,41559.77,30512.045,6136.832,696.279,4214.614,18252.316,47876.019,0,0,299.009,85.303,754.706,0,46506.701,230.3,13873.549,10925.421,2948.128,478.027,253.829,224.198,5391.071,2877.726,791.791,6359.877,184188.142,178795.392,3175.093,735.553,668.431,813.673,184188.142,91991.607,31695.588,60500.947,184188.142,22919.029,88298.029,5607.202,376.257,60106.848,6880.777,50677.071,43034.36,42669.224,23334.935,13821.134,4958.155,555,422.653,-57.517,7642.711,7945.077,20.348,0,2430,5494.729,0,-302.366,0,220176.022,66297.035,132800.638,0,19418.101,1660.248,220176.022,0,0,0,92594.095,127581.927,19876.026,14226.838,693.404,3604.969,0,3604.969,0,1350.815,8657.074,7448.078,654.339,335.578,219.079,1130.676,547.388,14.083,0,0,1850.51,0,810.858,-160.477,0,0,0,-1565.559,0,-366.127,201.772,390.305,0,0,282.993,-192.012,0,0,-279.514,144.445,283.475,-240.191,101.161,0,0,0,0,0,0,0,1109.074,779.399,100.127,0,0,167.543,585.953,0,-24.445,0,-143.789,0,-355.714,5999.239,34.282,3410.749,3203.571,178.043,29.135,0,0,967.191,377.243,589.948,567.695,144.834,0,0,874.488
6,2018,577.672,227.884,456.151,214685.958,47291.14,3095.756,47257.142,36303.626,6263.47,748.549,3941.497,20494.258,66398.577,0,0,916.753,74.206,612.64,0,64720.655,74.323,13182.39,10048.584,3133.806,735.461,525.213,210.248,5234.177,4623.61,576.831,5796.616,214685.958,208168.412,3657.858,1099.661,797.692,962.335,214685.958,107438.829,33281.381,73965.748,214685.958,25097.497,95401.608,6892.653,275.545,81010.507,6008.148,73731.314,70334.416,70304.687,43802.956,0,20897.686,5604.045,162.717,-132.988,3396.898,3522.144,20.33,0,580,2921.814,0,-125.246,0,239964.318,76888.783,142506.465,0,15643.136,4925.934,239964.318,0,0,0,100093.347,139870.971,24824.365,18488.42,752.738,3877.212,0,3877.212,0,1705.995,10240.868,8707.729,671.459,617.067,244.613,2561.31,708.251,19.406,0,26.368,2866.133,389.915,1708.989,-66.651,-5.279,0,-12.471,-1345.601,-55.907,-1671.843,444.568,679.108,400.5,0.306,0,-164.844,-470.41,-0.092,0,151.928,224.854,-72.926,0,148.561,485.228,0,-251.569,0,-88.57,3.472,1517.079,1021.794,5.685,121.25,0,228.31,1044.207,0,0,0,-153.634,0,-750.533,8733.802,46.476,4968.364,4791.618,0,26.676,0,150.07,1128.422,369.448,758.974,2181.95,140.59,0,0,268
6,2019,1167.809,682.395,514.492,250330.623,56817.785,3320.783,53346.826,38783.944,10000.983,724.777,3837.122,19403.393,85407.55,0,0,1479.427,2721.923,894.466,0,80257.86,53.874,10408.812,7810.083,2598.729,1442.965,1131.384,311.581,5356.894,7780.639,842.569,6202.407,250330.623,244536.712,2896.273,1380.392,899.344,617.902,250330.623,121597.393,33906.263,94826.967,250330.623,28337.628,107066.183,7063.75,195.772,101303.788,6363.502,85628.999,82533.187,82723.727,25958.446,21914.867,22694.378,12156.036,0,-190.54,3095.812,3196.877,183.374,0,580.182,2433.321,0,-101.065,0,272709.512,92352.406,168050.891,0,7640.379,4665.836,272709.512,0,0,0,119769.167,152940.345,31196.604,23254.954,970.978,5246.239,0,5246.239,0,1724.433,13196.607,10950.028,750.718,1357.196,138.665,3185.837,851.025,18.871,0,40.727,4202.006,250.188,1057.763,-83.751,-6.767,0,-10.223,-1736.796,-45.218,-1351.988,647.478,897.253,649.264,1.359,0,-172.843,-727.052,-0.503,0,27.48,136.398,-186.203,77.285,612.031,661.682,0,-68.916,0,-33.909,53.174,2099.398,1937.102,2.905,0,0,527.009,61.538,0,0,0,-380.282,0,-48.874,9723.706,78.49,6064.062,5889.33,0,1.446,0,173.286,1254.228,393.579,860.649,2168.947,157.979,0,0,0
6,2020,3085.227,2814.55,287.48,298296.983,63676.131,3217.038,69843.943,45483.439,19633.3,739.723,3987.481,16157.881,112082.279,0,0,2539.758,3438.418,421.668,0,99491.355,6191.08,9455.422,7850.007,1605.415,1344.855,907.843,437.012,9395.157,8658.188,1121.837,3344.252,298296.983,292627.499,2421.678,889.758,973.564,1384.484,294173.643,146429.568,34438.131,113305.944,294173.643,36091.794,115185.679,8266.322,120.253,130928.521,3581.074,99713.646,96398.387,96775.364,52591.75,0,19384.853,24798.761,0,-376.977,3315.259,3374.241,259.955,0,497.028,2617.258,0,-58.982,0,310960.354,115194.453,183647.782,0,7068.404,5049.715,310960.354,0,0,0,146203.912,164756.442,32767.393,24384.01,411.279,6004.868,0,6004.868,0,1967.236,12489.598,9661.876,508.171,2124.787,194.764,3575.553,882.549,16.499,0,28.867,5849.863,350.101,1100.294,-66.584,-11.008,0,-10.72,-2662.436,-1442.88,-458.992,785.809,1992.627,0,0,0,-1206.818,0,0,0,85.086,214.05,-141.239,12.275,865.869,1370.124,0,-339.006,0,-174.354,9.105,1679.55,1599.755,0,0,0,1003,206,0,0,0,-685,0,-444,10555.457,85.764,5998.888,5998.888,0,0,0,0,1603.54,625.563,977.977,2681.3,185.965,0,0,0
6,2021,7575.274,7243.427,339.246,363554.778,81361.737,3506.228,87506.07,53107.96,30741.006,676.925,2980.179,22523.216,125374.389,0,0,3199.312,3007.047,435.207,0,118584.165,148.658,8225.879,6364.695,1861.184,1053.864,534.63,519.234,12632.155,9021.897,2439.625,9909.718,363554.778,356373.794,3912.949,1433.433,1015.111,819.491,363554.778,173815.084,51224.404,138515.29,363554.778,26971.416,151924.949,7370.44,90.999,167190.644,10006.33,128806.244,124199.518,124551.916,17678.879,21277.956,46387.078,39208.003,0,-352.398,4606.726,4677.084,271.409,0,1245.022,3160.653,,-70.358,,384692.155,171396.096,197179.579,0,11727.772,4388.708,384692.155,0,0,0,201534.987,183157.168,38464.932,28763.287,407.986,6781.683,0,6781.683,0,2511.976,12265.378,9031.967,703.896,2338.695,190.82,4367.378,1191.697,11.969,0,24.303,8386.405,931.582,1762.339,-77.684,-13.259,0,-13.221,-4440.746,-157.104,-3238.903,1331.468,1737.184,619.789,0,0,-135.287,-890.218,0,0,221.236,366.099,-154.267,9.404,1445.713,1801.4,0,-333.559,0,12.13,-34.258,3254.314,2689.366,0,0,0,1295,227,0,0,0,-891,0,-65,12377.188,126.081,6710.31,5756.693,953.617,0,0,0,2186.76,1086.194,1100.566,3108.879,245.158,0,0,0
6,2022,4105.55,4070.884,36.586,460574.482,114651.78,4559.921,106972.821,71318.239,31922.949,762.237,2969.396,26445.868,157351.391,0,0,3639.05,2466.786,640.479,0,150444.509,160.567,10587.762,8216.403,2371.359,1394.613,895.429,499.184,21357.811,10825.513,274.407,6152.595,460574.482,447734.256,7808.932,1517.212,1220.77,2293.312,460574.482,221500.76,72560.835,166512.887,460574.482,30339.67,192332.619,10170.166,137.155,221298.767,6296.105,159580.028,154179.352,154506.192,24273.373,20346.852,66307.365,43578.602,,-326.84,5400.676,5475.361,270.767,0,1913.223,3291.371,,-74.685,,443605.638,166971.567,263452.17,0,10354.786,2827.115,443605.638,0,0,0,244733.662,198871.976,52485.812,39207.629,1336.194,9052.731,0,9052.731,0,2889.258,16462.69,10889.24,1357.188,3601.384,614.878,4135.568,1705.104,0,0,40.575,10184.96,716.773,1596.322,-136.883,0,0,-14.971,-5940.904,-1846.037,-2169.371,1703.96,3014.578,1596.064,0,0,-1074.777,-1831.905,0,0,141.128,286.971,-151.322,5.479,1315.248,1667.343,0,-342.6,0,7.277,-16.772,2141.658,1648.266,0,0,0,1167.507,210.034,0,0,0,-750.967,0,-133.182,14815.628,155.102,8154.39,6817.087,1337.303,0,0,0,2568.05,1277.145,1290.905,3593.574,344.512,0,0,0
6,2023,44250.788,44095.18,156.22,611048.83,165406.488,6234.49,144012.417,98521.149,41237.247,1075.745,3178.276,28700.45,176446.873,0,0,4607.913,2659.628,924.125,0,168012.507,242.7,19442.419,16132.904,3309.515,1882.425,1307.008,575.417,43268.446,11570.229,1499.841,12584.752,611048.83,587326.305,13917.867,3210.741,3704.226,2889.691,611048.83,323299.482,75334.377,212414.971,611048.83,35950.014,270589.525,15429.823,113.37,275696.767,13269.331,147923.205,142640.698,143010.711,35868.286,23596.717,47779.951,35765.757,,-370.013,5282.507,5387.952,270.211,0,2435.307,2682.434,,-105.445,,567532.577,216092.296,339421.432,0,8755.005,3263.844,567532.577,0,0,0,328719.126,238813.451,69143.043,53081.097,1123.493,12509.992,0,12509.992,0,2428.461,30459.195,20827.14,2114.207,6948.592,569.256,4085.225,2744.415,0,0,23.764,8228.367,614.616,1526.462,-1494.573,0,0,-15.091,-5164.963,-1513.555,-864.217,1209.825,3105.17,3053.354,0,0,-542.92,-4405.779,0,0,541.566,573.397,-33.139,1.308,300.404,667.475,0,-272.832,0,-73.933,-20.306,2428.111,1711.016,0,0,0,1531.53,215.156,0,0,0,-1011.533,0,-18.058,14912.941,157.503,7996.974,6933.968,1063.006,0,0,0,2843.585,1462.673,1380.912,3466.912,447.967,0,0,0
6,2024,7931.655,7719.682,212.152,776657.846,222846.289,8724.854,175409.096,124040.94,46125.259,1267.073,3975.824,31917.958,196952.307,0,0,5535.906,2395.96,1905.606,0,186581.816,533.019,32862.915,25762.468,7100.447,2459.466,1791.148,668.318,64141.215,16057.822,7697.847,17588.077,776657.846,751875.632,12196.782,3379.646,4599.274,4606.512,776657.846,424250.293,88454.207,263953.346,776657.846,43944.446,359331.183,18816.306,174.314,331346.264,23045.333,209637.377,205265.318,205507.956,46403.49,24052.995,103565.847,31485.624,,-242.638,4372.059,4612.504,269.654,0,2385.376,1957.474,,-240.445,,714154.479,271579.76,433476.766,0,7306.998,1790.955,714154.479,0,0,0,420520.652,293633.827,69061.893,54446.408,1942.451,10116.084,0,10116.084,0,2556.95,27909.674,18432.473,1988.997,6559.439,928.765,4368.249,3359.021,8.52,0,27.002,8443.178,628.155,2136.726,-2253.715,-31.79,0,-18.063,-6174.019,-1046.664,-710.102,2000.164,3996.204,3061.046,0,0,-1309.588,-3747.498,0,0,1756.022,2553.518,-797.929,0.433,2803.105,3136.652,0,-297.115,0,-7.625,-28.807,3280.82,2451.56,0,0,0,1331.187,875.697,0,0,0,-1233.581,0,-144.043,17007.25,156.767,9381.603,7677.049,1704.554,0,0,0,3156.134,1623.989,1532.145,3691.898,578.974,41.874,0,0
7,2015,1875.993,1842.845,42.253,112179.889,8395.698,172.336,16649.397,13317.353,1030.914,67.045,2234.085,4542.728,3620.359,0,0,74.458,47.039,382.823,1.2,1748.094,1366.745,8895.479,7096.432,1799.047,114.044,47.336,66.708,17579.947,236.939,1849.102,50123.86,112179.889,108565.644,1750.539,309.301,537.739,1016.666,112179.889,30492.97,45690.256,35996.663,112179.889,4449.568,55524.464,760.975,1160.412,50123.86,160.61,45017.189,39153.742,39138.605,19461.753,0,11538.01,8138.842,105.002,-89.865,5863.447,6902.35,874.355,0,30,2256,3741.995,-1038.903,-1021.983,142239.546,26787.141,112902.604,0,2549.801,0,142239.546,7161.319,135.515,2058.139,93596.738,39287.835,13379.387,9143.826,276.21,3736.329,0,3736.329,0,223.022,6165.707,5556.485,278.794,330.284,0.144,1272.138,1125.544,4.213,0,30.579,37.713,0,617.237,-210.157,-47.015,-37.916,0,0,0,-248.06,-192.002,580.082,282.089,0,0,-670.678,-383.495,0,0,63.4,88.261,-18.828,-6.033,87.948,462.361,0,-434.964,0,60.551,0,887.963,443.109,0,0,79.875,434.803,415.48,0,0,0,-355.223,0,-130.081,3678.848,65.945,1898.079,1898.079,0,0,0,0,472.221,276.637,195.584,0,123.811,0.237,0,1118.555
7,2016,8024.62,8035.905,0,142616.004,10798.437,66.167,19616.803,16793.775,1270.437,24.549,1528.042,7329.029,5564.186,0,0,97.574,80.563,462.05,0,638.42,4285.579,6940.371,6045.594,894.777,192.815,31.624,161.191,24182.046,2370.756,3911.569,61643.825,142616.004,138203.644,2166.056,396.736,474.551,1375.017,142616.004,35884.319,62492.501,44239.184,142616.004,4078.682,73541.892,1701.518,913.288,61643.825,736.799,45674.924,38498.373,38428.116,15483.278,10156.005,4702.341,8086.492,147.253,-76.996,7176.551,8560.113,571.803,30.001,0,5036.251,2922.058,-1383.562,-1367.54,173448.929,35826.887,134053.365,0,3568.677,0,173448.929,6772.31,160.296,2690.503,111786.108,52039.712,15736.077,11967.798,220.924,3298.872,0,3298.872,0,248.483,7593.856,6727.965,288.629,577.262,0,1955.764,1270.342,1.784,0,61.05,336.976,0,888.838,-241.119,-52.502,-34.319,0,0,0,-275.286,240.201,347.317,679.975,0,0,-103.865,-683.226,0,0,124.78,274.046,-147.086,-2.18,481.457,646.829,0,-179.139,0,13.767,0,888.26,404.195,0,0,505.597,402.533,255.352,0,0,0,-328.31,0,-351.107,4260.995,65.899,2315.874,2315.874,0,0,0,0,489.146,274.912,214.234,0,134.792,0.847,0,1254.437
7,2017,6758.094,6775.118,0,160849.037,14726.91,301.494,23289.817,20070.075,1858.933,88.955,1271.854,6100.546,11272.702,0,0,84.188,15.818,1868.575,0,36.461,9267.66,4338.367,3257.263,1081.104,839.567,71.687,767.88,20326.233,5571.892,9304.078,64777.431,160849.037,155931.825,2333.286,575.397,455.567,1552.962,160849.037,63412.628,42896.541,54539.868,160849.037,8881.197,83821.259,2076.046,472.129,64777.431,820.975,51542.484,45861.547,45798.398,13048.507,12459.709,4550.57,15739.612,220,-156.851,5680.937,5715.484,569.283,30.001,2000,3116.2,0,-34.547,0,170970.833,38234.56,129727.778,0,3008.495,0,170970.833,2790.457,99.386,2683.171,121043.844,44353.975,17594.504,13366.312,332.772,3532.332,0,3532.332,0,363.088,8664.092,7645.664,317.362,701.066,0,3926.084,1465.532,1.355,374.551,1543.389,512.882,50.676,571.3,-277.686,-53.905,0,0,0,-11.247,-250.763,278.585,193.142,911.886,0,0,-244.1,-582.343,0,0,396.73,539.888,-137.419,-5.739,855.76,1165.122,0,-210.982,0,-98.38,0,1714.891,1116.82,0,0,424.134,193.008,229.463,0,0,0,-128.764,0,-119.77,4812.465,77.426,2594.878,2594.878,0,0,0,0,993.216,281.141,712.075,619.465,166.187,-2.456,0,363.749
7,2018,7572.229,7583.09,0,159939.217,21171.98,260.998,23099.727,19076.386,2409.681,23.526,1590.134,8095.573,7029.164,0,0,37.304,127.065,201.007,0,95.172,6568.616,3000.572,2853.511,147.061,946.351,154.973,791.378,13554.781,927.745,9468.647,72383.679,159939.217,154548.122,2587.646,237.758,862.51,1703.181,159939.217,60381.95,36774.904,62782.363,159939.217,6978.572,77809.083,2039.895,347.874,72383.679,380.114,86512.348,66435.57,66625.257,8793.593,11114.162,8402.626,38314.876,0.004,-189.691,20076.778,20236.2,0,30,0,20206.2,0,-159.422,0,201414.532,54612.613,143613.379,0,3188.54,0,201414.532,3846.275,54.135,2898.416,142056.46,52559.246,21413.626,15460.433,606.159,4140.607,0,4140.607,0,1206.427,10023.687,8233.723,436.842,1353.122,0,3272.58,1763.054,2.523,1160.413,212.52,722.481,118.572,208.754,-517.78,-58.102,0,0,0,-30.526,-309.329,233.751,1030.351,848.966,0,0,-154.42,-1491.146,0,0,168.433,350.135,-187.865,6.163,756.585,1303.955,0,-389.655,0,-169.734,12.019,1633.777,1422.895,0,0,0,1544.089,180.185,0,0,0,-1228.491,0,-284.901,5842.507,102.603,3239.958,3239.958,0,0,0,0,1020.053,259.603,760.45,770.133,193.813,-3.195,0,519.142
7,2019,10041.556,10052.963,0,230802.027,27075.217,16.855,24739.826,20431.391,2858.783,31.413,1418.239,6957.444,8893.899,0,0,29.948,62.876,800.483,1.178,184.851,7814.563,3825.153,2822.942,1002.211,1085.871,242.994,842.877,50421.549,1876.083,662.78,105247.35,230802.027,225601.458,2122.693,218.128,305.23,2554.518,230802.027,85584.018,47443.165,97774.844,230802.027,5864.415,116766.713,2104.387,479.724,105247.35,339.438,66054.597,65916.341,65503.185,14807.62,12313.699,7985.625,30396.241,655.524,-242.368,138.256,202.006,0,0,0,202.006,0,-63.75,0,231296.761,76053.396,151581.145,0,3662.22,0,231296.761,5811.06,62.483,3746.288,167211.978,54464.952,25016.341,16727.93,720.962,6794.537,0,6794.537,0,772.912,10758.497,9421.181,370.407,966.909,0,3253.353,2274.253,4.566,970.323,195.282,931.882,120.524,387.578,-1156.493,-65.716,0,0,0,-11.484,-397.362,104.581,1014.049,1321.921,0,0,-642.943,-1588.446,0,0,397.664,592.871,-194.347,-0.86,1243.759,1526.258,0,-325.494,0,41.381,1.614,1806.728,1080.236,0,0,0,3159.51,185.333,0,0,0,-2493.05,0,-125.301,7312.509,113.109,4261.656,4261.656,0,0,0,0,990.53,254.986,735.544,1132.043,228.831,24.276,0,562.064
7,2020,8347.576,8357.447,0,277524.615,29247.061,240.565,24119.477,19732.665,3100.097,43.775,1242.94,9135.831,463.821,0,0,39.231,1.056,322.874,0,0,100.66,3386.328,2700.9,685.428,442.261,186.103,256.158,91360.789,194.36,7794.676,111139.446,277524.615,274423.557,1805.866,416.892,533.944,344.356,277524.615,92424.839,85255.104,99844.672,277524.615,6188.601,158301.254,1345.667,275.967,111139.446,273.68,84832.952,84632.952,84177.005,17367.757,9568,10712,46528.654,455.947,0,200,200,0,0,0,200,0,0,0,277458.651,122972.489,149420.224,0,5065.938,0,277458.651,4784.264,194.889,4249.447,195639.72,72590.331,29001.912,21590.084,346.65,6252.814,0,6252.814,0,812.364,10250.703,8195.501,599.493,1419.134,36.575,4188.778,2914.167,2.679,1037.65,553.472,827.321,210.495,502.659,-1672.413,-68.962,0,0,0,-38.576,-79.714,0.745,1278.966,1404.612,0,0,-1198.056,-1484.777,0,0,321.397,828.5,-507.934,0.831,1496.997,2563.876,0,-986.752,0,-69.631,-10.496,2279.168,1259.653,0,0,0,3914.316,286.003,0,0,0,-2908.17,0,-272.634,8631.195,120.749,5172.14,5172.14,0,0,0,0,386.763,386.763,0,0,267.524,11.023,0,2672.996
7,2021,5070.812,5074.479,0,347341.244,34711.867,911.643,35099.837,28719.033,4590.745,69.892,1720.167,13055.747,962.913,0,0,250.411,21.075,293.411,0,0,398.016,3052.918,2372.041,680.877,531.953,181.274,350.679,95912.748,180.356,1264.161,161657.101,347341.244,342902.534,2144.836,678.516,860.243,755.115,347341.244,114637.983,93573.522,139129.739,347341.244,4868.545,178500.192,1949.719,362.164,161657.101,3.523,97586.088,97577.461,97435.523,14437.924,4583.639,15805.167,62608.793,656.539,-514.601,8.627,200,0,0,0,200,0,-191.373,0,314752.525,147861.145,155894.254,0,10997.126,0,314752.525,4078.885,147.299,4779.856,220078.834,85667.651,35503.251,27259.759,266.751,7068.841,0,7068.841,0,907.9,8804.638,6256.038,829.396,1635.28,83.924,6382.24,3739.055,3.055,860.488,662.083,1558.318,746.828,669.667,-1532.395,-71.398,0,0,0,-166.005,-87.456,231.416,339.506,1203.793,0,0,-209.406,-1102.477,0,0,152.305,567.239,-413.038,-1.896,1804.408,2639.664,0,-512.693,0,-310.833,-11.73,1803.246,1121.235,0,0,0,2814.928,407.568,0,0,0,-2081.69,-316.337,-142.458,11173.395,146.64,6356.228,6356.228,0,0,0,0,1614.414,608.149,1006.265,1887.318,313.727,-24.513,0,879.581
7,2022,961.034,961.034,,420523.705,34129.848,2095.342,33438.679,28006.736,3951.228,28.872,1451.843,12093.13,619.972,0,0,48.332,8.984,448.661,0,0,113.995,1879.598,1516.639,362.959,363.516,104.111,259.405,108805.146,245.674,45.852,226806.948,420523.705,408757.966,8733.124,901.592,1131.097,999.926,420523.705,142211.821,79300.508,199011.376,420523.705,4566.964,187724.392,1208.94,158.07,217452.344,9412.995,103651.92,103651.92,102946.394,37868.964,3881.081,20181.527,41014.822,1085.527,-380.001,0,0,0,0,0,0,0,,,358403.785,123079.324,225941.947,0,9382.514,0,358403.785,15487.163,144.372,4414.566,243993.976,94363.708,44752.636,34247.955,1409.942,7885.156,0,7885.156,0,1209.583,14462.861,9212.164,3156.518,1897.675,196.504,8527.494,6566.746,0.287,598.252,710.835,1750.638,753.76,459.819,-2028.053,-74.638,0,0,0,-154.916,-55.236,-275.063,1329.04,2490.451,0,0,-477.916,-3616.638,0,0,-241.845,108.741,-354.253,3.667,425.553,927.729,0,-828.149,0,348.111,-22.138,2167.375,1311.053,0,0,0,2550.299,638.597,0,0,0,-2087.707,-57.156,-187.711,13398.018,187.371,6515.485,6515.485,0,0,0,0,2415.938,757.167,1658.771,2633.16,347.127,1.404,0,1297.533
7,2023,4432.778,4432.778,,518641.568,44842.42,2908.684,47631.732,42054.34,3794.489,31.58,1751.323,11876.937,1549.82,0,0,9.012,834.835,538.943,0,0,167.03,8651.292,7867.107,784.185,636.72,129.156,507.564,176803.981,1293.097,966.379,221480.506,518641.568,508203.471,4438.954,1856.801,2762.221,1380.121,518641.568,187102.949,118208.799,213329.82,518641.568,2054.681,290539.777,4387.486,178.696,204861.339,16619.589,104993.945,104993.945,104222.477,24410.608,4414.025,32888.99,42508.854,1133.771,-362.303,0,0,0,0,0,0,0,,,454660.779,172755.713,273186.988,0,8718.078,0,454660.779,11644.156,56.459,9277.941,304685.334,128996.889,56707.759,45857.719,1873.427,7241.734,0,7241.734,0,1734.879,29016.639,18324.288,7303.748,3136.787,251.816,8714.897,9022.626,0.274,359.13,583.047,667.334,423.435,322.239,-2304.495,-61.844,0,0,0,-183.783,-113.066,195.75,1133.306,3477.455,0,0,-594.974,-3820.037,0,0,64.62,131.783,-67.163,0,925.833,2551.469,0,-1643.334,0,19.189,-1.491,2434.116,831.79,0,0,0,2562.614,3065.29,0,0,0,-2335.914,0,-1689.664,13251.796,243.014,6573.569,6573.569,0,0,0,0,3172.03,1215.94,1956.09,1572.318,422.573,0.555,0,1267.737
7,2024,9000.644,8984.049,,631724.964,54777.567,4324.232,62617.462,58465.029,2017,52.607,2082.826,17442.917,4880.157,0,0,761.399,3162.625,879.171,0,0,76.962,6822.028,6213.823,608.205,10997.805,160.204,10837.601,187100.081,1068.294,9377.851,25911.246,631724.964,620183.253,4440.911,1365.655,2465.618,3269.527,631724.964,237697.354,85211.565,308816.045,631724.964,1527.505,345650.911,12167.778,62.2,246405.324,25911.246,148623.636,141764.136,141070.873,42886.656,5471.871,46889.382,45822.964,1131.919,-438.656,6859.5,6900,0,0,1500,5400,,,,533392.35,191719.796,334149.944,0,7522.61,0,533392.35,13069.034,304.209,10105.732,359459.676,150453.699,60089.462,48504.247,2725.386,6431.312,0,6431.312,0,2428.517,24581.499,13775.447,5677.639,4794.992,333.421,8042.248,8118.354,0.19,561.259,617.337,605.677,544.416,514.409,-2559.197,-62.84,0,0,0,-259.237,-38.12,592.556,2632.968,3556.068,0,0,-950.518,-4645.962,0,0,81.301,235.365,-153.813,-0.251,2359.057,3392.047,0,-916.137,0,21.265,-138.118,342.711,1138.2,1732.136,0,0,5171.634,1282.958,0,-1235.101,0,-5436.1,0,-2311.016,15369.735,229.715,6894.019,6894.019,0,0,0,0,3884.925,1581.263,2303.662,2447.03,528.077,3.792,0,1382.177
8,2015,2043.647,2046.735,0,116804.247,7755.952,4584.262,13048.221,9643.927,2569.617,620.461,214.216,6368.949,56053.225,0,13.067,211.92,989.411,1738.015,141.667,45070.221,7888.924,4245.581,2687.377,1558.204,1647.688,532.416,1115.272,19078.633,1170.54,2851.196,0,116804.247,106713.646,6945.556,1268.015,523.016,1354.014,116804.247,32497.945,56545.821,27760.481,116804.247,1547.766,51595.492,573.459,100.609,62234.822,752.099,47744.838,43791.145,43950.621,21024.986,0,12787.075,10138.56,15.357,-174.833,3953.693,4520.639,0,0,0,0,4520.639,-566.946,-566.946,130270.67,12568.456,117162.064,0,417.609,122.541,130270.67,6087.819,83.89,225.972,77290.266,46582.723,18758.801,14872.5,230.783,3308.14,3308.14,0,0,347.378,8405.364,6420.36,418.793,1523.461,42.75,884.667,189.163,0,0,75.604,993.805,0,338.741,-112.224,0,-0.663,-2.557,0,-257.933,-339.269,-290.472,330.463,5913.542,0,0,-5843.662,-690.815,0,0,44.587,100.758,-66.561,10.39,27.966,251.56,0,-140.926,0,-82.668,0,875.072,251.519,2.606,622.222,0,6.833,74.183,0,0,-46.093,-21.737,0,-14.461,5692.469,70.654,3183.691,2843.791,165.835,115.564,0,58.501,740.327,144.532,595.795,670.51,95.507,0,0,931.78
8,2016,2952.206,2953.769,0,144673.213,11228.534,2498.851,19969.604,16637.628,2479.019,562.659,290.298,6035.306,72693.884,0,35.681,228.241,633.031,1838.986,206.364,61186.3,8565.281,3989.705,3427.557,562.148,1663.769,700.782,962.987,17794.732,3258.575,5540.253,0,144673.213,132510.66,7955.5,2335.222,975.528,896.303,144673.213,35892.482,59596.064,49184.667,144673.213,3820.335,49309.531,598.944,852.184,89972.801,119.418,55339.988,51700.099,51933.301,21721.281,0,16189.376,14022.644,15.357,-248.559,3639.889,4136.2,0,0,0,0,4136.2,-496.311,-496.311,123787.572,15238.43,108064.068,0,415.505,69.569,123787.571,5058.364,130.572,799.203,74115.293,43684.139,25631.116,20898.218,137.527,3994.439,3994.439,0,0,600.932,10463.257,6636.684,478.123,3200.385,148.065,852.926,242.661,0,0,71.652,1509.213,0,291.308,-156.182,0,-0.119,-1.279,0,-424.528,-679.8,-318.96,417.567,1529.313,0,0,-1450.692,-815.148,0,0,-149.384,40.911,-191.82,1.525,-149.384,40.911,0,-191.82,0,1.525,0,1218.57,715.606,189.889,460.893,0,0.011,84.486,0,-160.987,0,-3.647,0,-67.681,6621.352,175.396,3430.934,2948.388,217.958,167.096,0,97.492,949.653,177.433,772.22,733.927,111.853,75.97,0,1143.619
8,2017,1424.854,1424.854,0,182666.213,22300.67,3538.605,14809.953,12141.713,2171.806,227.5,268.934,8333.164,101547.712,0,99.125,389.02,275.179,1225.731,40.051,97976.774,1541.832,9842.071,9381.099,460.972,594.161,338.584,255.577,15553.631,4235.161,1911.085,0,182666.213,163809.825,12656.366,3166.441,1966.441,1067.14,182666.213,58092.547,80231.829,44341.837,182666.213,4518.203,59345.996,721.886,617.814,117375.994,86.32,53558.049,50223.671,50369.431,17201.861,0,19161.043,14006.527,15.357,-161.117,3334.378,4151.127,102.689,0,0,0,4048.438,-816.749,-816.749,133550.812,19670.947,113467.607,0,353.774,58.484,133550.812,2847.526,80.168,1386.953,77464.294,51771.871,34133.371,28748.896,219.773,4079.031,15.842,4063.189,0,1085.671,13518.945,7069.179,757.165,5325.631,366.97,1461.544,288.572,0,0,0,2205.667,0,715.832,-232.274,0,0,0,0,-611.799,-904.454,-158.842,346.606,860.712,16.325,0,-629.451,-734.9,-18.134,0,179.638,279.799,-101.724,1.563,339.477,481.849,0,-102.665,0,-39.707,0,2536.28,1098.054,787.312,289.056,0,47.669,986.691,0,-570.875,0,-63.715,0,-37.912,8894.97,229.264,5060.266,4339.711,296.524,314.689,0,109.342,1101.356,244.832,856.524,948.596,141.741,-14.759,0,1428.506
8,2018,4202.413,4240.742,0,221961.996,24644.053,1149.359,14412.113,11938.173,1865.916,216.406,391.618,19234.916,95998.75,0,8.377,34.359,214.758,1563.129,11.539,93833.408,333.18,8342.16,7945.263,396.897,966.413,327.506,638.907,43341.997,9902.603,3969.632,0,221961.996,202527.738,11667.993,4217.034,1691.988,1857.243,221961.996,73407.839,99662.806,48891.351,221961.996,3409.24,89098.005,399.702,544.618,128503.645,6.786,51522.616,49151.838,49401.8,23476.465,0,17097.423,8827.912,15.357,-265.319,2370.778,3161.133,0,0,0,0,3161.133,-790.355,-790.355,170850.871,22630.333,147477.943,0,633.077,109.518,170850.871,5179.609,76.874,641.6,105126.089,59826.699,40280.214,34528.23,261.986,3937.119,171.059,3766.06,0,1552.879,15578.639,8572.153,1195.583,5246.234,564.669,1612.496,484.067,0,0,0,2187.364,0,1147.366,-284.048,0,0,0,0,-1306.493,-615.76,-103.75,392.839,1116.725,7.489,0,-824.94,-786.003,-9.86,0,-56.821,145.101,-163.593,-38.329,250.057,492.917,0,-138.658,0,-104.202,0,2772.551,981.808,46.872,758.038,0,391.63,955.633,0,-40.274,0,-314.274,0,-6.882,10633.924,272.032,6020.762,5237.598,443.678,172.494,0,166.992,1418.975,313.938,1105.037,1356.369,162.736,-1.067,0,1404.117
8,2019,1566.592,1571.141,0,257183.959,29559.991,1224.901,15876.998,12299.785,2500.209,204.229,872.775,21607.181,113240.089,0,3.259,61.958,293.082,1476.38,6.433,110975.275,423.702,7631.279,7286.253,345.026,803.586,237.645,565.941,24361.962,9809.042,5749.92,27319.01,257183.959,236147.78,12238.635,5447.77,1311.426,2038.348,257183.959,89235.058,110887.144,57061.757,257183.959,2633.088,102970.14,114.211,501.52,150954.341,10.659,68729.363,67635.034,67771.55,28659.331,0,24889.488,14222.731,15.357,-151.873,1094.329,1094.329,1094.329,0,0,0,0,0,0,213949.568,27675.11,185579.451,0,673.601,21.406,213949.568,7954.928,49.893,674.667,134882.868,70387.212,49874.784,43794.531,278.402,3818.441,156.087,3662.354,0,1983.41,19204.323,12393.078,1667.526,4412.326,731.393,2791.62,742.934,0,0,0,2909.136,0,1835.396,-202.742,0,0,0,0,-1660.649,-832.455,-216.879,256.167,453.568,40.363,0,-168.219,-753.445,-45.313,0,284.845,409.574,-158.509,33.78,803.159,793.712,0,-103.999,0,113.446,0,2019.665,1864.821,13.534,215.905,0,298.45,289.51,0,-47.485,0,-345.77,0,-269.3,12343.718,3.105,7327.257,6475.561,503.654,174.463,0,173.579,1583.073,373.782,1209.291,1628.565,182.383,41.118,0,1578.217
8,2020,493.214,493.214,0,290816.086,31836.141,3786.88,18178.601,14266.805,2803.15,181.272,927.374,24703.82,114871.029,0,0.613,94.361,106.138,1087.771,3.97,113042.97,535.206,6134.017,5899.292,234.725,597.993,141.609,456.384,36924.235,10017.665,7430.985,36334.72,290816.086,265902.47,14989.428,6024.814,1823.719,2075.655,290816.086,102019.331,126492.662,62304.093,290816.086,2293.728,124992.364,316.962,612.022,162599.837,1.173,76485.435,75631.091,75944.547,33571.272,0,10568.514,31804.761,15.357,-328.813,854.344,854.344,854.344,0,0,0,0,0,0,233427.953,35489.592,197028.362,0,870.709,39.29,233427.953,8968.032,33.154,1261.113,121299.803,101865.851,52361.767,44937.133,129.584,5615.74,9.2,5606.54,0,1679.31,20015.944,13206.994,1630.137,4471.532,707.281,3356.127,1016.825,0,0,0,2574.493,0,2575.435,-248.284,0,0,0,0,-1363.95,-1198.392,-307.207,1333.948,1086.981,89.245,0,-710.323,-1996.722,-110.336,0,226.466,254.201,-32.284,4.549,1170.731,1566.158,0,-218.487,0,-176.94,0,2236.161,2128.24,17.853,37.579,0,911.497,346.782,0,-78.881,0,-816.609,0,-310.3,11392.021,4.17,6699.495,6068.496,367.073,116.172,0,147.754,1549.971,380.432,1169.539,1306.159,205.015,-62.829,0,1690.04
8,2021,6970.941,7005.061,0,355281.219,40136.84,3807.569,19658.473,16652.37,2277.161,174.778,554.164,26492.203,130184.638,0,0.495,187.843,1584.563,944.447,6.836,123947.317,3513.137,6446.761,6107.587,339.174,932.843,166.771,766.072,42567.227,8895.843,21806.591,54352.231,355281.219,322226.418,16810.638,6662.218,7535.242,2046.703,355281.219,135801.184,140081.594,79398.441,355281.219,1502.677,157518.9,99.576,93.417,195511.733,554.916,75798.431,75075.497,75298.164,29846.833,0,17668.917,27782.414,15.357,-238.024,722.934,722.934,722.934,0,0,0,0,0,0,241837.028,53004.407,187750.149,0,1004.108,78.364,241837.028,8206.953,38.041,446.133,114643.104,118502.797,50827.098,44083.317,128.305,4617.157,33.7,4583.457,0,1998.319,16478.269,9808.043,1297.477,4665.994,706.755,4059.031,1358.023,0,0,0,2362.235,0,3163.803,-264.71,0,0,0,0,-1008.243,-1552.077,-76.394,1248.163,4960.419,16.766,0,-442.625,-5826.951,-32.166,0,8.879,113.053,-70.054,-34.12,3150.866,3395.676,0,-335.599,0,90.789,0,2807.788,3287.966,1.603,0,0,1713.898,465.237,0,-142.435,-585.284,-1247.964,0,-685.233,10718.937,2.778,6230.506,5615.918,341.24,148.772,0,124.576,1467.665,379.228,1088.437,1054.78,176.046,12.605,0,1774.557
8,2022,7793.447,7850.639,,438338.047,44228.974,3678.961,25639.986,21391.907,2302.444,618.115,1327.52,24118.023,158754.684,0,0,458.645,1820.38,1392.211,4.411,153904.425,1174.612,11442.23,11131.595,310.635,2748.541,214.772,2533.769,67593.114,9999.309,7211.735,82922.49,438338.047,389363.235,23837.678,7945.484,10031.492,7160.158,438338.047,146906.92,179453.811,111977.316,438338.047,1040.254,179868.709,73.039,81.571,257194.544,79.93,83075.897,82465.618,82702.861,29029.461,0,20781.501,32891.899,15.357,-252.6,610.279,610.279,498.679,0,111.6,0,,,,303151.417,50149.266,249386.27,0,3547.987,67.894,303151.417,5364.868,42.039,417.126,168798.744,128528.64,62200.25,53704.418,373.072,5836.749,141.437,5695.312,0,2286.011,21179.192,13336.596,2914.952,4074.916,852.728,6437.752,2364.657,0,0,0,3353.881,0,4737.157,-285.365,0,0,0,-57.204,-989.431,-2685.943,-618.05,1449.66,543.125,2.697,0,-797.163,-1790.547,-25.822,0,-149.194,239.784,-365.906,-23.072,508.755,1019.73,0,-496.399,0,-14.576,0,10583.967,3746.268,2.944,340.102,0,2838.951,6088.775,0,-0.163,-0.021,-1988.474,0,-444.415,14115.731,1.171,8327.741,7616.701,377.974,185.655,0,147.411,1627.331,366.377,1260.954,1571.486,182.448,26.795,0,2378.759
8,2023,12325.809,12406.274,,566271.29,53438.42,3041.136,30130.286,26526.255,1408.65,692.813,1502.568,28271.295,194000.178,0,0,1219.198,3891.018,1495.928,4.87,185376.652,2012.512,10729.508,9817.781,911.727,4279.851,2645.282,1634.569,114894.07,13296.812,21236.503,92953.231,566271.29,498884.434,38959.002,12074.224,11990.997,4362.633,566271.29,207102.681,221800.751,137367.858,566271.29,297.231,265505.098,221.562,113.408,292960.355,7173.636,94587.476,87840.241,88035.1,37771.313,0,26658.071,23605.716,15.357,-210.216,6747.235,6755.26,1054.79,0,280.033,1070,4350.437,-8.025,0,442368.381,75333.245,365220.955,0,1730.418,83.763,442368.381,0.004589043,42.028,327.345,292614.183,149384.820410957,76557.377,67655.529,845.204,6134.21,694.16,5440.05,0,1922.434,38382.701,26071.508,5513.344,5940.883,856.966,7211.882,3109.866,0,0,0,2937.498,0,6260.423,-385.847,0,0,0,-279.617,0,-4430.441,-805.973,3040.262,1311.356,0.172,0,-1108.687,-4033.1,-15.976,0,380.173,535.368,-131.922,-23.273,250.032,328.218,0,-112.545,0,34.359,0,4525.551,2495.093,0.903,1517.577,0,3641.446,118.993,0,-0.257,0,-2864.611,0,-383.593,13941.218,12.787,8609.213,7837.017,395.816,162.156,0,214.224,1689.084,437.8,1251.284,1262.91,301.649,25.718,0,2039.857
8,2024,13110.971,11540.106,,692875.738,70911.252,2054.559,33274.652,30747.223,861.118,146.67,1519.641,38725.127,203269.429,0,0,591.474,3546.017,2937.827,10.696,193909.402,2274.013,13206.834,12164.35,1042.484,4392.9,1072.488,3320.412,186736.821,18952.714,17985.239,9512.536,692875.738,620445.379,43360.194,10852.509,12098.44,6119.216,692875.738,253022.841,270968.248,168884.649,692875.738,306.749,368404.967,3770.491,111.258,310765.73,9516.543,52783.054,51790.127,51842.071,33571.973,0,10303.355,7966.743,,,992.927,992.927,0,0,0,0,992.927,,,485666.548,66607.35,416946.018,0,2016.63,96.55,485666.548,4402.064,52.397,4715.378,303140.002,173356.707,80111.645,72024.111,1388.049,4033.498,765.184,3268.314,0,2665.987,31031.238,21300.529,5503.601,3201.546,1025.562,6126.323,1384.181,0,0,0,4150.911,0,7666.568,-353.989,0,0,0,-1035.286,0,-5686.062,827.24,2524.315,2215.315,5.526,0,-892.36,-3017.022,-8.534,0,360.956,680.929,-330.688,10.715,469.667,415.08,0,-96.353,0,142.915,8.025,5377.662,5574.886,1.715,188.732,0,3583.521,210.955,0,-0.259,0,-3835.275,0,-346.613,14339.732,8.028,8395.563,7616.117,407.931,159.547,0,211.968,1957.629,511.641,1445.988,1325.488,431.141,37.297,0,2184.586
9,2015,54.378,0,70.927,131427.193,20587.147,26984.705,32910.272,20032.465,6233.78,109.289,6534.738,19309.76,16832.22,0,0,82.149,201.605,1473.191,19.266,27.829,15028.18,3518.716,3406.075,112.641,396.019,44.792,351.227,9315.326,931.31,641.715,0.003,131427.193,127240.434,1924.083,181.863,798.176,1282.637,131427.193,56294.804,35346.301,39786.088,131427.193,5855.667,98942.332,78.411,1306.562,23230.822,2013.399,17316.651,7382.541,7431.77,3972.39,0,131.064,3328.316,48.113,-97.342,9934.11,10399.493,1726.735,0,999.866,615.53,7057.362,-465.383,-464.333,148828.876,20302.228,127843.579,0,663.688,19.381,148828.876,5103.029,70.76,1034.625,90954.479,51665.983,11991.798,9871.676,537.162,889.712,0,889.712,0,693.248,8295.644,7670.102,121.652,414.761,89.129,97.438,94.129,15.771,0,3.092,0,0,76.996,-20.21,-10.879,0,0,0,0,-61.461,26.565,169.969,117.301,3.386,0,-124.328,-131.259,-8.504,0,4.16,4.16,0,0,4.16,2.993,0,-1.333,0,2.5,0,174.584,198.121,0.919,0,0,0,105.952,0,-0.89,0,0,-28.828,-100.69,2078.64,28.389,1217.053,1098.82,68.511,0,0,49.722,381.651,120.727,260.924,331,101.789,0.157,0,18.601
9,2016,40.899,0,65.382,162376.185,25922.633,34501.644,42297.189,25232.054,8427.214,154.238,8483.683,22636.557,19808.004,0,0,137.533,313.037,1237.078,51.676,310.536,17758.144,3470.785,3326.876,143.909,771.543,179.654,591.889,10597.684,1213.657,983.861,172.628,162376.185,157093.06,2239.145,263.785,993.341,1786.854,162376.185,73969.637,38022.985,50383.563,162203.557,34758.455,93543.88,59.215,1629.449,30331.453,1881.105,18846.623,10662.707,10754.899,6426.047,0,2599.788,1729.064,33.598,-125.79,8183.916,9439.853,0,0,999.879,615.53,7824.444,-1255.937,-1254.887,166576.217,19060.924,146322.581,0,1168.323,24.389,166576.217,3462.816,1486.953,1308.756,102675.897,57641.795,14568.653,12894.127,328.026,961.944,0,961.944,0,384.556,10393.205,9301.976,301.591,722.892,66.746,338.065,135.519,17.618,0,91.519,0,0,165.152,-21.98,-19.206,0,0,0,0,-30.557,102.04,333.005,187.792,1.285,0,-276.716,-142.078,-1.248,0,-10.104,-2.17,0,-7.934,10.539,8.987,0,0,0,1.552,0,348.196,52.998,538.765,0,0,0,144.66,0,-160.71,0,0,-29.885,-197.632,2507.759,35.777,1393.682,1246.423,73.781,73.478,0,0,413.712,123.355,290.357,397.015,121.078,-1.464,0,147.959
9,2017,1.05,3.889,0,198290.566,32346.233,43249.519,45989.087,27452.713,10757.675,118.922,7659.777,27913.697,25206.9,0,0,121.718,257.293,1127.811,42.649,3503.079,20154.35,3269.735,3158.672,111.063,1019.889,420.811,599.078,15700.331,1331.461,2263.714,0,198290.566,190368.695,3298.174,669.686,1088.771,2865.24,198290.566,83106.717,53433.957,61749.892,198290.566,38130.91,115898.716,499.434,2593.879,38821.106,2346.521,21207.964,12142.444,12234.75,7996.543,0,2799.851,1438.356,33.598,-125.904,9065.52,10682.862,149.719,0,1799.797,614.536,8118.81,-1617.342,-1602.984,194889.77,17752.881,176152.566,0,894.492,89.831,194889.77,0,0,0,125990.775,68898.995,18220.214,14658.175,393.956,1139.572,0,1139.572,0,2028.511,13423.554,11493.165,473.635,1124.006,332.748,1456.865,191.422,16.011,0,1242.838,0,0,75.899,-44.47,-10.179,0,0,0,0,-14.656,54.247,479.847,79.396,0.176,295.846,-434.067,-145.906,-0.088,-220.957,16.456,5.056,0,11.4,-12.372,23.163,1.111,-23.225,0,-0.114,-13.307,137.492,16.912,203.443,0,0,0,139.623,0,-16.229,0,0,-7.387,-198.87,2896.897,28.134,1566.067,1356.709,84.156,0,0,125.202,408.687,116.641,292.046,468.58,143.148,282.281,0,0
9,2018,0.655,3.889,0,216988.881,36247.298,38463.768,49982.784,29957.113,15373.337,158.586,4493.748,28795.08,38838.499,0,0,72.367,282.306,951.543,28.546,5029.372,32474.365,3376.157,2416.317,959.84,822.48,723.744,98.736,16756.345,1189.297,2517.173,0,216988.881,207091.422,4698.654,339.729,920.954,3938.122,216988.881,88719.288,58634.979,69634.614,216988.881,31717.951,125427.387,462.659,3762.913,53724.35,1893.621,48026.925,25001.933,25159.407,8993.787,0,2182.711,13982.909,33.599,-191.073,23024.992,24761.139,8039.21,0,8694.237,526.536,7501.156,-1736.147,0,225244.141,18966.115,205177.899,0,1076.923,23.204,225224.141,0,0,0,147319.885,77904.256,22641.366,19560.989,418.617,2447.351,0,2447.351,0,214.409,17085.464,14753.429,355.968,1150.31,825.757,713.942,265.512,21.489,0,165.319,0,0,479.716,-48.763,-14.912,-22.458,0,0,0,-131.961,61.747,310.901,418.858,1.659,0,-365.443,-302.712,-1.516,0,277.881,309.188,-31.307,0,277.881,309.188,0,-31.307,0,0,0,130.061999999,61.339,84.387999999,0,0,0,105.408,0,-12.802,0,0,-6.618,-101.653,3222.791,44.573,1836.453,0,0,0,0,1836.453,424.756,113.073,311.683,737.973,184.838,-5.802,0,0
9,2019,0.502,3.889,0,265161.676,44733.777,43243.886,60991.437,39292.368,18262.849,211.064,3225.156,36771.735,50662.028,0,0,74.934,121.841,414.001,19.346,4438.261,45593.645,2887.494,2379.839,507.655,329.769,226.017,103.752,22302.69,1696.564,1542.296,0,265161.676,255330.034,4775.894,1069.368,463.56,3522.82,265161.676,105434.514,80133.227,79593.935,265161.676,26885.702,169075.971,431.67,4254.364,63801.902,712.067,21604.317,6345.807,6496.79,1719.179,0,4276.985,500.626,61.454,-212.437,15258.51,15780.793,7700.901,0,3049.371,526.536,4503.985,-522.283,-499.209,259236.746,18908.003,239237.497,0,1090.874,0.372,259236.746,0,0,0,174810.603,84426.143,27682.696,24378.254,547.703,2567.879,0,2567.879,0,188.86,19852.265,17023.385,962.475,1845.538,20.867,694.106,222.264,17.049,0,177.832,0,0,466.736,-50.355,-28.266,-27.239,0,0,0,-83.915,156.272,697.165,731.084,0.09,0,-583.461,-688.584,-0.022,0,0,0,0,0,464.149,600.605,0,-129.773,0,-6.683,0,241.736,161.967,2.555,0,0,106.673,106.906,0,-0.441,0,-104.807,-6.645,-24.472,3951.732,70.335,2305.011,2305.011,0,0,0,0,504.694,120.871,383.823,844.516,228.102,-0.926,0,0
9,2020,0.96,0,3.889,305637.31,68944.538,51075.031,62111.725,42392.388,16883.004,197.529,2638.804,42258.279,49917.397,0,0,67.171,92.479,398.846,35.173,7780.208,41543.52,4395.986,4257.505,138.481,347.708,275.261,72.447,23671.149,1775.533,1139.964,0,305637.31,293343.282,6695.243,704.066,1092.911,3801.808,305637.31,123223.955,89780.591,92632.764,305637.31,15028.892,220120.18,364.178,5060.631,64669.348,394.081,28639.598,16268.041,16324.553,4221.179,0,1597.469,10505.905,61.454,-117.966,12371.557,13132.592,8359.146,0,0,526.536,4246.91,-761.035,-757.086,303581.729,28131.517,274056.161,0,1391.469,2.582,303581.729,0,0,0,205222.886,98358.843,31287.12,29293.395,185.627,1551.817,0,1551.817,0,256.281,21353.921,18215.021,64.3795,0,3074.5205,522.749,262.149,18.104,0,468.947,0,0,0,-55.233,-27.072,0,0,0,0,-144.146,124.713,483.015,599.932,0.385,0,-470.692,-487.685,-0.242,0,0,0,0,0,1293.111,0,1466.235,0,-159.83,0,-13.294,348.57,91.046,0.761,0,0,69.514,291.366,0,-0.228,0,-49.175,-17.45,-37.264,4299.189,66.299,2705.535,2705.535,0,0,0,0,446.779,66.779,380,802.895,277.681,0,0,0
9,2021,3.245,0,3.881,362416.124,94125.479,50448.631,67555.432,47137.639,18457.306,269.072,1691.415,48641.243,59073.699,0,0,61.722,81.359,707.816,35.507,9715.237,48472.058,13215.925,12870.968,344.957,534.32,289.513,244.807,24469.395,1778.33,2573.67,0,362416.124,353861.142,2442.423,1479.683,1601.012,3031.864,362416.124,155664.853,86074.98,120676.291,362416.124,16622.699,263305.31,341.542,5361.024,76441.469,344.08,25104.577,9939.697,9952.161,3004.621,0,1376.537,5571.003,29.453,-41.917,15164.88,15168.829,13241.284,0,1401.009,526.536,0,-3.949,0,327196.828,29861.972,295959.907,0,1324.693,50.256,327196.828,0,0,0,207708.488,119488.34,35606.329,32673.357,557.707,2134.154,0,2134.154,0,241.111,20035.98,17243.825,472.236,2288.977,30.942,585.623,374.714,17.819,0,516.208,0,0,0,-70.979,-37.121,0,-215.018,0,0,0,143.539,978.158,461.422,0,0,-885.699,-410.342,0,0,0,0,0,0,988.41,0,1513.556,0,-569.195,0,44.049,861.347,623.028,0,0,0,47.4,463.421,0,0,0,-29.644,-31.886,-210.972,4405.941,42.214,3048.55,3048.55,0,0,0,0,458.863,77.124,381.739,567.205,289.121,-0.012,0,0
9,2022,1.547,,3.881,385633.215,111258.709,35700.343,58850.947,43153.183,13950.907,268.887,1477.97,62132.037,70027.687,0,0,77.429,51.793,311.085,28.65,13452.084,56106.646,13105.113,12944.231,160.882,492.351,226.799,265.552,31492.937,1745.617,827.474,0,385633.215,368044.572,6735.687,1611.827,1898.472,7342.657,385633.215,180372.262,82300.107,122960.846,385633.215,12722.85,279168.092,126.605,5918.666,87645.147,51.855,32954.676,12894.963,12959.163,0,0,300,12659.163,29.453,-93.653,20059.713,20063.662,18687.126,0,850,526.536,,-3.949,,361675.593,25701.591,334037.088,0,1907.912,29.002,361675.593,0,0,0,230867.844,130807.749,40773.67,38378.057,360.567,1791.079,0,1791.079,0,243.967,23223.586,19641.683,1001.804,2475.954,104.145,890.554,482.358,14.061,0,0,0,0,745.45,-83.423,-45.739,0,-222.153,0,0,0,116.25,1200.786,1091.986,0,0,-1167.192,-1009.33,0,0,0,0,0,0,92.641,435.846,0,-291.469,0,-51.736,0,687.227,626.93,0,0,0,1.826,179.011,0,0,0,-1.821,0,-118.719,4391.593,49.837,2790.873,2790.873,0,0,0,0,498.674,79.87,418.804,654.084,319.172,78.953,0,0
9,2023,7792.742,7849.272,3.88,438464.147,123776.536,24197.149,67139.785,43942.645,21424.673,402.832,1369.635,69713.722,63591.065,0,0,60.083,144.495,6536.248,206.654,7694.169,48949.416,13240.501,13133.856,106.645,440.787,190.989,249.798,73269.016,2890.657,204.929,0,438464.147,416692.179,8532.749,761.107,2493.596,9984.516,438464.147,184512.736,97604.74,156346.671,438464.147,11731.158,340204.785,63.057,6054.47,80410.677,0,32063.66,14307.688,14344.306,5465.909,0,0,8878.397,29.453,-66.071,17755.972,17833.636,16807.1,0,500,526.536,,-77.664,,447503.426,43074.214,402524.549,0,1902.991,1.672,447503.426,0,0,0,313020.762,134482.664,57589.391,52238.878,1445.481,3600.744,0,3600.744,0,304.288,38304.038,33550.17,1119.236,3137.595,497.037,544.927,349.677,0,0,127.073,0,0,435.904,-129.062,-45.464,-75.948,0,0,0,-117.253,282.207,2442.366,596.9,0,0,-2279.584,-477.475,0,0,11.122,69.198,-58.076,0,27.981,183.664,0,-109.55,0,-46.133,0,433.636,190.201,0,0,0,0,310.82,0,0,0,-6.848,-16.837,-43.7,5051.539,67.742,2945.499,0,0,0,0,2945.499,579.886,105.365,474.521,1035.554,428.201,-5.343,0,0
9,2024,4910.456,4945.728,,519949.991,145776.794,9928.66,62084.675,39881.978,20414.796,631.533,1156.368,69993.528,72487.266,0,0,164.703,484.66,12774.434,390.456,9685.216,48987.797,20453.449,20305.29,148.159,3323.054,145.44,3177.614,122977.52,12181.267,743.778,0,519949.991,499504.873,5380.404,1969.398,2052.495,11042.821,519949.991,204689.879,124733.647,190526.465,519949.991,5603.645,428653.344,36.382,1821.979,83834.641,0,32335.975,14891.588,14928.258,5461.583,0,905.159,8561.516,28.657,-65.327,17444.387,17812.962,16430.881,0,855.545,526.536,,-368.575,,499896.571,37158.355,460850.837,0,1886.067,1.312,499896.571,0,0,0,350283.508,149613.063,50487.346,45652.671,1949.939,2576.106,0,2576.106,0,308.63,29255.227,25891.636,906.75,2421.893,34.948,1283.42,1142.935,0,0,90.099,0,0,336.498,-77.98,-56.358,-68.888,0,0,0,-82.886,86.288,1529.492,215.562,0,0,-1412.155,-246.611,0,0,3.329,9.739,-27.669,21.259,-218.061,121.101,0,-48.995,0,-290.167,0,1155.668,478.098,0,0,0,0,863.703,0,0,0,-2.505,-135.926,-47.702,5760.231,88.996,3177.593,0,0,0,0,3177.593,623.876,111.262,512.614,1368.12,499.43,2.216,0,0
10,2015,95.334,124.841,0,185916.813,31178.368,14599.686,22722.735,19636.867,1673.033,0,1412.835,21391.218,63445.907,691.239,15041.583,1669.731,123.442,0,0,7253.503,38666.409,3947.706,3947.706,0,4998.251,4884.362,113.889,0,3135.131,1846.504,18651.307,185916.813,174096.718,1041.682,1776.909,1140.028,7861.476,185916.813,68710.45,85658.574,31547.789,185916.813,2407.632,86875.851,928.223,5392.741,89680.646,631.72,39678.056,24915.848,24696.372,24520.195,0,176.177,0,412.831,-193.355,14762.208,16148.253,1005.774,0,0,1000,14142.479,-1386.045,-1378.545,260994.745,33215.714,227023.511,0,477.686,277.834,260994.745,7029.644,0,1966.106,228856.259,23142.736,15892.85,13296.22,186.047,1957.797,258.817,1698.98,149.544,303.242,9317.743,8987.437,169.441,0.007,160.858,1171.263,572.312,265.743,0,0,0,0,902.741,-205.098,-30.854,-120.06,0,0,-66.989,-146.532,158.842,292.859,1171.681,33.293,0,-98.422,-1139.822,-26.377,-74.37,11.455,0,-8.125,19.58,-99.478,9.647,0,-8.155,0,-100.97,0,458.852,424.576,0,0,0,0,54.458,0,-3.464,0,0,0,-16.718,5154.547,78.998,2858.094,2593.031,214.313,29.871,0,20.879,1080.196,333.024,747.172,0,233.594,156.427,0,747.238
10,2016,89.891,0,105.624,198859.665,23623.783,19068.345,25276.612,21815.395,1838.419,0,1622.798,23411.576,88147.191,682.497,23942.394,1973.137,398.816,0,0,11386.551,49763.796,4500.811,4500.811,0,4629.628,4538.212,91.416,0,2072.769,3625.959,4502.991,198859.665,182519.558,2594.763,2613.243,2621.783,8510.318,198859.665,78542.526,74032.192,46284.947,198859.665,2509.402,85330.771,1343.692,5067.556,104075.084,533.16,65033.141,27398.022,27221.58,27045.792,0,175.788,0,367.581,-191.139,37635.119,39292.3,991.387,0,0,1000,37300.913,-1657.181,-1649.681,291653.101,38584.839,252335.223,0,434.25,298.789,291653.101,8605.559,0,4284.6,254436.833,24326.109,17868.402,15300.182,161.296,1853.31,26.617,1826.693,150.192,403.422,13847.705,13459.009,179.981,0.002,208.713,1430.044,658.984,309.038,0,0,0,0,1144.811,-294.37,-30.635,-155.151,0,0,-64.504,-138.129,265.028,357.785,91.512,226.737,0,-42.57,-152.298,-17.858,-198.28,28.303,0,14.528,13.775,45.835,59.848,0,-16.229,0,2.216,0,736.964,602.999,35.362,0,0,0,109.255,0,-0.128,0,0,0,-10.524,5678.323,113.317,3110.71,2747.354,270.162,69.375,0,23.819,1210.993,392.459,818.534,0,344.541,56.935,0,841.827
10,2017,63.25,0,63.25,222946.63,23638.515,24409.019,29142.455,24881.601,2735.921,42.716,1482.217,16872.685,114997.187,0,0,1645.673,388.512,20981.229,830.481,35349.889,55801.403,4084.809,3974.147,110.662,5281.591,5186.458,95.133,0,2479.518,2040.851,0,222946.63,211642.701,899.241,1474.519,627.133,8303.036,222946.63,99520.632,61215.104,62210.894,222946.63,1624.981,83345.259,1910.757,4332.917,130864.302,868.414,73188.58,29886.201,29760.378,29709.768,0,50.61,0,247.058,-121.235,43302.379,45266.699,0,0,0,2000,43266.699,-1964.32,-1949.32,319859.587,44370.773,274534.076,0,453.908,500.83,319859.587,7198.427,368.282,9204.266,276925.102,26163.51,21534.204,18675.132,128.889,2004.14,0,2004.14,151.953,574.09,16256.169,15531.009,291.286,279.928,153.946,2623.831,799.748,373.364,0,963.399,74.74,0,1228.034,-397.135,-37.883,-209.326,0,0,-68.609,-102.501,343.879,401.905,56.949,37.18,0,-28.834,-51.268,-13.18,-58.873,13.965,6.109,-7.877,15.733,157.524,102.548,0,-14.928,0,69.904,0,315.207,50.943,130.023,0,0,0,142.778,0,0,0,0,0,-8.537,6336.893,110.317,4108.589,3683.736,295.993,103.156,0,25.704,1273.795,414.785,859.01,0,392.548,-419.654,0,871.298
10,2018,0,0,0,256622.753,26246.366,29459.684,27158.551,22948.817,2865.568,66.484,1277.682,15749.092,142266.16,0,0,2131.205,389.026,43918.119,861.218,40549.911,54416.681,4293.059,4198.617,94.442,5676.167,5515.346,160.821,0,2802.819,2970.855,0,256622.753,250019.193,1141.055,193.601,311.452,4957.452,256622.753,123168.464,56710.314,76743.975,256622.753,2153.888,91860.557,1289.46,4123.433,156251.371,944.044,75514.421,37850.913,37762.291,37659.18,0,50.459,0,226.441,-137.819,37663.508,40233.215,0,0,0,0,40233.215,-2569.707,0,349388.922,51792.625,296641.686,0,384.795,569.816,349388.922,8047.338,410.922,9060.143,302321.039,29549.48,26295.571,23287.663,187.751,1908.302,0,1908.302,156.509,755.346,18661.777,17673.78,182.755,626.87,178.372,2682.144,973.027,412.98,0,407.363,596.622,0,1382.046,-670.695,-44.411,-246.422,0,0,-59.901,-68.465,401.278,476.775,589.467,32.325,10.981,-65.6,-634.337,-8.333,0,0,0,0,0,21.223,67.672,0,-29.866,0,-16.583,0,932.383,0,190.376,0,0,0,760.654,0,0,0,0,0,-18.647,7837.83,0,4832.476,4271.097,323.908,211.562,0,25.909,1385.383,458.917,926.466,1007.026,437.518,21.114,0,154.313
10,2019,0,0,0,296029.774,28976.62,34333.655,26254.303,22291.058,2734.564,43.897,1184.784,15200.532,174700.949,0,0,2781.695,430.427,88220.01,1024.049,39634.084,42610.684,4887.179,4743.371,143.808,5764.212,5501.704,262.508,0,2340.325,3571.999,0,296029.774,289470.048,826.4,298.378,412.614,5022.334,296029.774,153783.211,60080.13,82166.433,296029.774,3440.932,102995.001,1517.423,4216.854,182944.083,915.481,76497.497,46786.631,46663.579,43913.27,0,2750.309,0,226.44,-103.388,29710.866,33647.189,0,0,0,0,33647.189,-3936.323,-3936.323,400844.38,67193.213,332573.736,0,489.416,588.015,400844.38,9061.339,402.66,11393.017,342912.035,37075.329,30476.971,27061.642,492.363,1937.261,0,1937.261,176.31,809.395,21296.283,20237.351,158.903,783.935,116.094,3322.99,1189.454,446.666,0,618.514,925.933,0,1622.876,-996.135,-36.712,-291.746,0,0,-51.756,-104.104,608.748,479.22,158.982,102.081,25.135,-30.355,-117.085,-9.23,0,0,0,0,0,72.764,48.03,0,-9.698,0,34.432,0,1421.187,251.457,164.833,0,0,0,1069.184,0,0,0,0,0,-64.287,9265.703,186.707,5465.357,4894.248,356.715,150.686,0,63.708,1609.952,544.864,1065.088,0,485.779,226.415,0,1291.493
10,2020,0,0,0,340268.127,32492.036,37399.731,21965.511,16974.414,3732.83,7.028,1251.239,15415.085,214500.969,0,0,3027.538,131.093,140668.721,1109.931,37855.377,31708.309,5590.008,5429.073,160.935,5777.217,5503.669,273.548,0,2743.467,4384.103,0,340268.127,333700.505,787.363,277.382,958.159,4544.718,340268.127,191202.601,53433.772,95631.754,340268.127,4293.052,123688.155,1454.83,845.194,208579.233,1407.663,75156.127,52203.433,52036.218,48986.06,0,3050.158,0,191.541,-24.326,22952.694,27322.052,0,0,0,0,27322.052,-4369.358,-4369.358,427971.85,80033.109,346477.663,0,592.339,868.739,427971.85,10990.711,521.729,14324.443,353507.055,48627.912,33587.667,30074.713,220.151,2204.157,0,2204.157,195.043,893.603,22061.113,20999.656,117.982,824.757,118.718,3744.015,1333.412,412.347,0,697.776,1288.505,0,1744.772,-1177.159,-32.305,-401.362,0,0,-44.872,-77.099,809.739,565.855,188.67,184.458,46.823,-111.811,-51.19,-13.066,0,0,0,0,0,94.043,56.779,0,-49.298,0,86.562,0,1123.732,119.533,107.811,0,0,0,953.879,0,0,0,0,0,-57.491,10894.615,172.625,5767.65,5180.595,364.084,165.059,0,57.912,1771.305,582.947,1188.358,0,530.452,1422.948,0,1229.635
10,2021,0,0,0,387929.596,40575.195,39402.127,26356.357,20361.197,4796.645,8.585,1189.93,20365.45,228478.606,0,0,3792.016,158.785,172655.821,1073.757,35799.595,14998.632,6689.869,6500.388,189.481,5836.328,5584.278,252.05,0,3892.422,5362.414,10970.828,387929.596,380621.807,1475.86,551.582,752.821,4527.526,387929.596,235947.599,49192.874,102789.123,387929.596,4580.59,151713.207,1881.015,369.648,227543.585,1841.551,69746.137,34039.001,34041.928,31122.542,0,2902.165,0,6.152,-9.079,35627.929,41650.354,17922.385,0,0,0,23727.969,-6022.425,-6022.425,427386.772,95975.596,329870.273,0,749.951,790.952,427386.772,5645.133,637.442,14394.651,343334.365,63375.181,29690.736,26677.776,149.922,1734.037,0,1734.037,258.295,870.706,17726.249,16499.277,107.621,1036.736,82.615,4342.519,1407.652,304.476,0,865.216,2025.608,0,1827.696,-1406.644,-30.714,-485.26,0,0,-43.824,-121.687,737.093,877.942,166.614,64.705,0,-293.817,-37.873,-5.702,-34.776,0,0,0,0,163.664,203.326,0,-47.408,0,7.746,0,457.106,0,176.907,0,0,0,688.291,0,0,0,-20.192,-368.577,-19.323,9749.916,197.471,6025.532,5408.656,360.594,201.388,0,54.894,1895.015,639.448,1255.567,1200.322,541.334,-109.758,0,0
10,2022,,,,438627.777,43657.534,39124.557,26377.009,19342.166,5713.791,11.315,1309.737,28447.719,273121.361,0,0,3205.641,137.337,212890.201,1121.513,94.44,55672.229,6864.774,6714.727,150.047,6058.652,5784.057,274.595,3629.882,5008.055,6338.234,0,438627.777,428847.741,5481.202,560.727,731.065,3007.042,438627.777,276127.585,48308.008,114192.184,438627.777,4996.292,171509.841,2428.453,4332.424,253063.345,2297.422,68800.687,27888.093,27890.168,22309.012,0,5450.746,0,6.171,-8.246,40912.594,55551.832,31037.245,0,3000,0,21514.587,-14639.238,-14639.238,454740.496,85825.175,367417.223,0,535.16,962.938,454740.496,10180.111,407.708,16494.562,376594.587,51063.528,37390.848,34218.975,444.486,1492.415,8.887,1483.528,336.344,898.628,20243.714,17737.343,417.289,1377.913,711.169,5194.08,1202.201,237.575,0,3019.954,0,0,3870.205,-2061.099,-36.101,-512.34,0,0,-100.654,-425.661,1062.244,1135.408,277.489,126.313,27.271,-46.544,-457.612,-0.081,0,0,0,0,0,-19.983,19.919,0,-40.736,0,0.834,0,2745.349,364.589,1984.218,0,0,0,525.396,0,0,0,-19.13,-29.875,-79.849,10920.717,263.071,6882.923,6273.445,369.543,186.399,0,53.536,2039.743,665.889,1373.854,1657.413,550.889,-473.322,0,0
10,2023,,,,482731.122,51532.76,42117.519,34582.449,25416.41,7704.296,6.13,1455.613,42913.19,273242.709,0,0,3180.71,140.563,211961.149,1123.089,153.92,56683.278,13958.765,13818.156,140.609,5855.065,5543.395,311.67,6301.208,5333.073,6894.384,0,482731.122,468241.583,3505.473,1490.299,4593.502,4900.265,482731.122,304684.402,53310.218,124736.502,482731.122,5111.492,202570.038,2101.651,4141.718,266367.847,2438.376,74635.845,22549.749,22556.35,17645.512,0,4900,0,6.185,-12.786,52086.096,66688.978,45456.081,0,4800,0,16432.897,-14602.882,-14602.882,510744.394,93525.247,415732.18,0,536.735,950.232,510744.394,6932.068,389.795,18714.71,417288.058,67419.763,55927.329,52018.902,821.192,1800.01,0,1800.01,485.199,802.026,33854.996,31474.025,378.523,1892.513,109.935,2617.903,1046.009,195.716,0,1826.531,796.01,0,2272.444,-2381.265,-32.836,-495.461,0,0,-148.764,-460.481,1099.548,1029.302,691.451,35.14,34.314,-42.451,-648.191,-0.017,0,0,0,0,0,33.817,46.7,0,-8.343,0,-4.54,0,326.573,0,2.966,0,0,0,442.481,0,0,0,-35.966,-23.489,-59.419,12889.906,283.395,6869.829,6226.526,397.101,156.942,0,89.26,2725.472,1148.589,1576.883,0,605.054,478.693,0,1927.463
10,2024,,,,539314.658,69097.075,52521.946,45877.087,36779.349,7456.339,0,1641.399,49700.537,262552.817,0,0,2826.55,213.85,199923.908,1298.71,901.257,57388.542,16028.359,15619.717,408.642,6786.97,6361.722,425.248,22455.686,6914.994,7379.187,0,539314.658,522224.177,4133.291,1459.877,2627.546,8869.767,539314.658,343508.42,58328.797,137477.441,539314.658,3709.844,237083.386,2691.031,284.091,292913.122,2633.184,85648.177,23542.839,23548.753,11639.439,0,11900,,6.215,-12.129,62105.338,75363.197,57915.187,0,2500,0,14948.01,-13257.859,-13257.859,566881.814,101706.34,99323.922,363997.692,608.62,1245.24,566881.814,14023.663,902.573,22521.639,460054.619,69379.32,49988.721,45033.727,1620.764,2174.192,0,2174.192,498.431,661.607,25457.023,22928.803,186.793,2013.349,328.078,2978.425,1252.064,178.477,0,1406.123,707.534,0,2577.039,-2044.325,-25.052,-517.343,0,0,-99.336,-456.756,1105.728,1149.014,652.601,51.866,0,-58.273,-654.912,-4.229,-30.339,0,0,0,0,55.547,57.923,0,-3.033,0,0.657,0,1.079,111.598,0,0,0,0,257.418,0,0,0,-65.616,-107.933,-194.388,13982.389,431.065,7419.16,6695.462,405.051,225.917,0,92.73,2728.479,980.725,1747.754,0,661.041,648.539,0,2094.105
11,2015,916.034,922.956,0,56558.835,1986.68,3795.381,4295.475,2124.555,2016.68,28.736,125.504,5000.975,35814.547,0,0,85.088,63.454,511.028,549.748,28172.385,6432.844,1229.317,1011.046,218.271,521.095,220.737,300.358,1557.967,1526.513,830.885,0,56558.835,54474.049,1187.695,288.405,335.861,272.825,56558.835,22060.108,20162.349,14336.378,56558.835,1637.677,25404.794,422.873,748.062,27588.435,756.994,21197.715,16573.239,16505.404,10109.405,0,210,6185.999,199.961,-132.126,4624.476,5011.604,0.012,0,1500,498.94,3012.652,-387.128,-383.388,74542.719,5613.538,68165.298,0,227.85,536.033,74542.719,7097.027,100.243,356.65,47878.74,19110.059,7922.478,5622.636,162.398,1659.779,37.05,1622.729,0,477.665,4677.768,3799.962,294.529,483.405,99.872,188.107,100.981,12.245,0,0.623,90.909,0,29.346,-34.87,-5.163,-2.032,-0.248,0,-0.1,-3.584,0,0,0,0,0,0,0,0,0,0,0,0,0,0,0,0,0,0,0,0,19.571,0,0,0,0,0,78.663,0,0,0,0,0,-59.092,0,0,0,0,0,0,0,0,0,0,0,0,0,0,0,0
11,2016,396.937,400,0,82224.372,2084.496,4387.144,7369.369,4571.492,2608.913,103.309,85.655,9059.197,45499.636,0,0,68.974,82.933,468.166,585.454,36063.574,8230.535,2662.719,2256.132,406.587,518.304,155.806,362.498,4679.177,4534.253,1430.077,0,82224.372,79734.077,1291.514,376.621,460.699,361.461,82224.372,34052.485,29487.894,18683.993,82224.372,2901.264,40043.287,332.24,906.878,36729.422,1311.281,34261.091,23902.918,23412.661,18153.613,0,0,5259.048,854.692,-364.435,10358.173,11020.813,5772.021,0,3019.708,0,2229.084,-662.64,-661.141,103299.771,9813.269,22874.767,70191.17,191.47,229.095,103299.771,4511.634,71.506,1111.396,66606.573,30998.662,11321.302,8988.316,156.845,1663.479,0,1663.479,0,512.662,6643.222,5277.393,246.132,914.654,205.043,118.224,115.093,11.634,0,0.024,0,0,40.569,-37.001,-5.546,-2.373,-0.185,0,-0.026,-3.965,209.284,3536.281,240.106,488.957,0,-3474.35,-94.835,-486.875,0,0,0,0,0,151.159,397.435,0,-16.208,0,-232.309,2.241,166.691,89.342,19.756,0,0,0,86.021,0,0,0,0,0,-28.428,3276.988,2.818,1467.206,1319.385,114.435,0,0,33.386,485.936,116.835,369.101,1192.435,84.241,44.352,0,0
11,2017,4690.398,4693.398,0,104497.028,2094.572,6176.009,9939.333,6607.808,3112.468,51.751,167.306,11673.478,57006.934,0,0,88.486,145.459,78.569,0,0,56694.42,2163.635,2076.111,87.524,490.906,126.453,364.453,6836.437,5665.539,2450.185,0,104497.028,101103.362,1810.425,513.992,548.566,520.683,104497.028,56070.884,24238.532,24187.612,104497.028,3819.251,52084.882,0,199.17,47384.798,1008.927,45802.141,37063.571,36285.513,30323.311,0,800,5162.202,1132.219,-354.161,8738.57,9614.647,1474.123,0,6301.669,0,1838.855,-876.077,-876.077,120537.469,14554.66,30232.906,74762.053,248.588,739.262,120537.469,12722.85,21.961,520.122,76906.142,30366.394,14959.081,11589.319,197.359,2314.151,77.161,2236.99,0,858.252,8611.781,6812.155,378.432,1053.005,368.189,268.64,122.376,12.188,0,0.153,0,0,133.923,0,0,0,0,0,0,0,0,0,0,0,0,0,0,0,0,5.708,12.474,-6.829,0.063,484.895,504.65,0,-31.528,0,11.773,0,270.165,171.947,11.378,9.771,0,0,106.008,0,0,0,0,0,-28.939,4093.95,2.913,2003.356,1811.596,153.802,28.075,0,9.883,544.029,104.991,439.038,1395.624,110.839,37.189,0,0
11,2018,2596.626,2603.376,0,123131.648,4009.915,6935.091,11251.187,7810.834,3233.808,42.333,164.212,13504.461,66534.557,0,0,99.103,216.099,170.462,1165.949,46370.797,18512.147,3776.913,2541.493,1235.42,330.204,129.755,200.449,8414.957,6977.653,1396.71,0,123131.648,119646.947,1599.751,525.191,626.723,733.036,123131.648,67115.639,24748.486,31267.523,123131.648,2716.396,57600.993,383.636,437.849,60563.383,1429.391,43294.913,26322.182,25341.023,15074.784,0,6932.229,3334.01,1013.973,-32.814,16972.731,17888.621,7845.362,0,5002.845,3632.566,1407.848,-915.89,-915.89,128060.094,10697.917,116391.485,0,530.088,440.604,128060.094,18720.23,22.182,807.58,76936.745,31573.357,16797.067,13292.588,223.602,2266.253,38.528,2227.725,0,1014.624,9151.374,7331.952,710.331,1079.403,29.688,438.175,184.209,16.879,0,0.202,267.709,0,72.05,-71.906,-11.447,-4.119,-0.661,0,-1.902,-12.839,298.315,8444.304,545.846,144.473,0,-8381.589,-310.497,-144.222,0,124.336,133.139,-5.053,-3.75,341.516,390.422,0.806,-133.287,-0.031,83.606,0,197.565,91.447,58.838,0,0,0,97.522,0,-39.364,0,0,0,-10.878,4441.456,2.745,2376.73,2121.318,197.98,57.432,0,0,566.012,88.799,477.213,1484.422,113.315,-101.768,0,0
11,2019,4643.488,4650.988,0,146324.378,6616.331,7875.077,20412.817,10639.994,9416.255,50.754,305.814,15594.38,72976.505,0,0,179.282,125.564,616.043,0,52928.782,19126.834,4268.158,3044.265,1223.893,383.419,174.043,209.376,11504.446,5798.589,894.656,0,146324.378,142024.359,2303.354,483.922,583.859,928.884,146324.378,79260.865,23861.577,43201.936,146324.378,23264.6,47626.597,1688.542,73.71,72281.964,1388.965,36041.894,15732.122,14735.47,8418.513,0,4412.138,1904.819,1013.973,-17.321,20309.772,20696.368,9437.442,0,7073.182,3700,485.744,-386.596,-355.096,125751.546,15314.372,109854.174,0,490.301,92.699,126018.576,19716.31,9.766,1147.213,72687.333,32457.954,19618.067,15824.726,239.958,2447.413,71.586,2375.827,0,1105.97,9871.512,7703.36,820.844,1310.034,37.274,625.876,308.804,18.221,0,0.23,414.946,0,79.228,-153.761,-12.325,-5.215,-2.713,0,-11.789,-9.75,229.802,2335.322,312.306,2.734,0,-2230.249,-190.247,-0.064,0,80.459,100.452,-19.243,-0.75,239.949,280.518,0,-24.562,0,15.493,-31.5,438.278,189.015,38.062,0,0,0,247.803,0,-4.23,0,0,0,-32.372,5080.492,2.781,2615.979,2304.211,221.079,90.689,0,0,626.753,81.947,544.806,1724,112.597,-1.618,0,0
11,2020,12478.102,12478.245,0,178323.092,10563.978,13094.647,25622.794,12552.339,12684.154,63.084,323.217,21127.284,80678.836,0,0,283.511,129.467,294.431,0,59729.306,20242.121,5026.275,3750.825,1275.45,513.368,192.88,320.488,14520.664,5715.502,1459.744,0,178323.092,173706.625,2259.119,815,803.467,738.881,178323.092,98832.99,26809.265,52680.837,178323.092,2404.252,92853,1675.933,88.589,80552,1130.44,58236.806,30105.982,29129.511,15802.56,0,7979.957,5346.994,1013.973,-37.502,28130.824,28180.901,12720.949,0,10901.552,4558.4,0,-50.077,0,174620.27,21038.455,152703.469,0,595.949,282.397,174620.27,30040.393,9.718,780.021,86562.569,57227.569,24137.246,18885.588,123.362,2787.134,0,2787,0,2341.162,11239.541,8739.156,547.021,1941.877,11.487,949.983,321.563,19.207,0,0.193,646.78,0,100.531,-88.448,-11.848,-5.677,-1.627,0,-15.404,-15.287,167.656,780.393,194.959,5.682,0,-592.427,-220.808,-0.143,0,105.179,188.575,-90.753,7.357,139.809,310.164,0,-69.339,0,-101.016,0,518.843,348.026,4.414,0,0,60.78,216.873,0,0,0,-63.62,-7.743,-39.887,6172.829,3.374,3538.343,3199.47,237.635,46.092,0,55.146,672.596,106.559,566.037,1832.695,112.513,13.308,0,0
11,2021,11198.067,11200.948,0,203211,10196,18827,48340,20336,14468,80,387,13069,95621,0,0,144,4,244,,68778,26451,4200,3359,841,331,201,130,18914,5343,1438,0,203210.901,194513.332,5337.496,1600.455,878.136,881.482,203210.901,118670.666,24879.776,59660.459,203211,2547,90927,1363,90,106380,1904,65513.425,43585.998,42642.461,20986.009,0,15198.883,6457.569,1013.973,-70.436,21927.427,21955.594,8697.68,0,9502.338,3755.576,0,-28.167,0,183283.118,23949.409,158337.163,0,925.214,71.332,183283,21650,14,929,96766,63924,26176.21,20852.957,317.609,3048.413,0,3048.413,0,1957.231,12285.433,9635.017,531.488,2075.132,43.796,1927,639,18,0,0.101,1317,0,154,-137,-13,-7,0,0,-16,-27,179,723,123,2,0,-520,-148,-0.319,0,100.932,182.14,-78.471,-2.737,477.213,559.597,0,-71.36,0,-11.024,0,183,224,0,0,0,79,194,0,0,0,-98,-116,-100,6382.768,2.571,3789.826,3412.97,269.991,46.792,0,60.073,761.762,143.528,618.234,1694.716,140.737,-6.844,0,0
11,2022,1797.822,1797.822,,263856.383,12185.185,26016.502,44564.682,29121.078,15443.604,0,0,16842.962,130609.122,0,0,0,0,0,0,95430.258,35178.864,4320.943,4320.943,0,0,0,0,20969.929,5101.91,3245.148,0,263856.383,252065.283,7386.909,1848.25,1414.595,1141.346,263856.383,172747.107,25793.635,65315.641,263856.383,2582.397,122086.024,1408.969,71.406,137679.434,28.153,48789.184,35345.054,34361.085,14685.119,0,15375.189,4300.777,1013.973,-30.004,13444.13,13444.13,12294.13,0,1150,0,,,,215797.174,22236.736,54395.728,138499.434,567.219,98.057,215797.174,15853.263,0,3271.421,145264.157,51408.333,33323.404,26911.829,632.684,2737.51,175.665,2561.845,0,3041.381,15311.836,11408.937,1674.614,2163.572,64.713,2956.818,1130.253,0,0,0,2033.309,0,144.893,-286.22,0,-5.989,0,0,-26.733,-32.695,134.237,962.209,228.002,4.964,0,-520.686,-539.458,-0.794,0,16.986,115.706,-101.6,2.88,312.62,484.34,0,-240.319,0,68.599,0,528.09,409.912,38.04,0,0,30.472,109.702,0,0,0,-8.643,-38.078,-13.315,8630.709,0,5428.661,4993.068,289.746,145.847,0,0,893.168,152.737,740.431,2146.786,162.094,0,0,
11,2023,18580.932,18580.932,,343404.295,46004.035,14278.085,21584.852,11589.764,9995.088,0,0,24448.858,156426.709,0,0,0,0,0,0,109332.902,47093.807,5394.191,5394.191,0,0,0,0,58248.505,3980.434,13038.626,0,343404.295,319238.925,18005.407,2610.402,1907.723,1641.838,343404.295,183332.216,93389.645,66682.434,343404.295,2802.782,187158.252,3402.2,52.947,149935.604,52.51,44092.289,31800.026,31586.466,13040.96,0,10190.526,8354.98,285.222,-71.662,12292.263,12304.873,4285.409,0,6338.198,1681.266,,-12.61,,370777.888,40325.322,329577.901,0,777.959,96.706,370777.888,13581.547,0,6153.571,272059.759,78983.011,52640.577,38543.102,1039.402,2709.684,90.882,2618.802,0,10348.389,30456.603,23657.737,3353.894,3412.816,32.156,2187.802,1140.095,15.534,0,0,1396.733,0,277.806,-416.715,-18.261,0,0,0,-27.858,-179.532,564.703,1393.712,975.726,2.793,0,-944.551,-862.706,-0.271,0,41.723,194.305,-152.582,0,1167.005,1425.098,0,-203.825,0,-54.268,0,259.153,270.198,32.27,0,0,14.171,225.005,0,0,0,-4.326,-18.626,-259.539,9129.202,3.415,5130.179,4628.862,337.367,57.534,0,106.416,996.502,156.675,839.827,2713.487,285.163,0,0,0.456
11,2024,21955.775,21955.775,,442484.841,74421.054,2996.341,26755.951,19604.874,7151.077,0,0,42604.305,176571.742,0,0,0,0,0,0,159612.462,16959.28,7705.745,7705.745,0,0,0,0,71152.982,9570.183,30706.538,0,442484.841,413013.54,20915.07,4199.973,1967.085,2389.173,442484.841,238337.346,138247.896,65899.599,442484.841,2725.717,276215.955,3844.723,48.555,159619.463,30.428,48751.284,31320.674,31180.589,18783.841,0,6771.743,5625.005,226.935,,17430.61,17436.61,16636.59,0,0,800.02,,,,437505.165,51502.553,65704.223,319312.911,561.95,423.528,437505.165,9088.249,0,4979.624,332943.59,90493.702,57995.528,42802.465,1571.993,3637.261,683.195,2954.066,0,9983.809,27138.452,20578.179,2984.87,3531.995,43.408,1416.578,341.74,0,0,0,1082.915,0,1870.968,-73.313,0,0,0,-473.808,-205.804,-1126.12,843.813,1056.852,1447.279,4.35,0,-463.14,-1199.983,-1.545,0,68.929,412.368,-343.439,0,68.253,297.87,0,-221.039,0,-8.578,0,705.871,276.551,21.519,0,0,38.012,533.78,0,0,0,-27.915,0,-136.076,11980.755,342.322,6915.153,6318.273,391.032,0,0,205.848,1157.439,195.128,962.311,2239.384,429.995,0,0,896.462
12,2015,0,0,0,84759.792,20942.648,6730.921,12718.234,6500.828,5908.704,0,308.702,5174.406,33833.31,33203.944,278.708,301.835,48.823,0,0,0,0,1983.031,1983.031,0,675.827,551.611,124.216,448.815,1385.227,867.373,0,84759.792,82690.435,493.885,181.992,591.316,802.164,84759.792,31618.759,15806.41,37334.623,84759.792,10096.115,35721.319,805.563,2124.171,35984.766,27.858,19118.084,3957.184,3922.512,3922.512,0,0,0,34.672,0,15160.9,16178.452,150.042,0,4600,5198,6230.41,-1017.552,-979.13,98430.542,13799.88,20036.883,63734.005,96.68,763.094,98430.542,5796.873,17849.862,3971.537,70321.728,490.542,8601.184,6669.181,350.262,1441.696,0,1441.696,0,140.045,5203.494,4707.171,93.702,375.001,27.62,292.041,476.699,33.082,0,0,0,0,57.91,-204.878,0,-35.834,0,0,-12.044,-22.894,62.715,1318.09,510.436,204.029,0,-1071.6,-688.392,-209.848,0,0,0,0,0,-34.163,0.204,0,-3.147,0,-31.22,0,85.142,66.356,305.106,0,0,0,10.07,0,-294.91,0,0,0,-1.48,2304.554,7.882,1148.906,1002.325,73.544,4.415,0,68.622,499.114,177.27,321.844,0,82.193,0,0,566.459
12,2016,0,0,0,86891.327,20794.532,5764.675,12956.363,6892.794,5773.962,0,289.607,4881.466,36217.991,34578.236,1278.498,303.795,57.462,0,0,0,0,2723.863,2723.863,0,516.431,388.277,128.154,665.135,1425.265,945.606,0,86891.327,83919.657,411.522,1069.988,357.925,1132.235,86891.327,34015.359,14901.279,37974.689,86891.327,10321.575,33670.883,723.528,2293.292,39840.054,41.995,20195.957,9388.34,9354.769,9354.769,0,0,0,33.95,-0.379,10807.617,12219.5,100,0,3500,1590,7029.5,-1411.883,-1400.52,102351.494,14218.491,17257.555,69963.98,678.316,233.152,102351.494,5413.294,113.467,3873.317,77039.085,15912.331,8310.573,6887.042,105.716,1198.748,0,1198.748,0,119.067,5228.494,4802.285,27.901,390.862,7.446,299.852,493.489,42.326,0,0,0,0,75.132,-219.644,0,-38.26,0,0,-12.583,-40.608,259.839,1296.01,289.365,330.741,0,-1034.974,-343.282,-278.021,0,0,0,0,0,0,0,0,0,0,0,0,67.87,57.777,81.027,0,0,0,3.088,0,-71.154,0,0,0,-2.868,2255.214,15.428,1172.904,1004.504,79.362,5.079,0,83.959,483.102,166.208,316.894,0,96.394,0,0,487.386
12,2017,0,0,0,101324.328,23483.431,8034.862,14080.321,8042.712,5851.546,0,186.063,5191.002,36845.324,35193.145,1365.313,236.43,50.436,0,0,0,0,2178.595,2178.595,0,592.823,478.303,114.52,788.241,1025.557,9104.172,0,101324.328,98578.105,447.793,884.448,352.827,1061.155,101324.328,46678.797,12353.685,42291.846,101324.328,10781.632,39745.089,680.462,1470.616,48586.979,59.55,20020.106,9458.122,9425.292,9425.292,0,0,0,32.83,0,10561.984,12066.568,0,0,6000,75,5991.568,-1504.584,-1504.584,117539.697,15630.465,21803.131,79182.383,565.493,358.225,117539.696,5660.62,106.316,4597.749,87606.899,19568.112,8950.649,7544.254,232.227,1064.833,0,1064.833,0,109.335,6282.831,5796.571,63.64,397.505,25.115,331.194,502.461,41.857,0,0,0,0,74.77,-204.162,0,-44.151,0,0,-10.314,-29.267,227.832,1617.017,216.063,103.295,0,-1350.704,-278.912,-78.927,0,0,0,0,0,62.621,62.705,0,-0.463,0,0.379,0,431.11,441.114,241.958,0,0,0,15.66,0,-216.939,0,0,0,-50.683,2206.068,8.253,1261.055,1061.228,81.017,19.897,0,98.913,448.982,138.422,310.56,241.477,114.043,43.756,0,88.502
12,2018,0,0,0,104042.577,23201.062,3098.023,16850.946,12851.828,3560.262,0,438.856,4547.471,44834.101,43278.061,1293.868,192.739,69.433,0,0,0,0,3377.228,3377.228,0,677.782,453.267,224.515,4728.136,1686.072,1041.756,0,104042.577,101494.865,626.702,848.445,118.178,954.387,104042.577,45507.726,9070.565,49464.286,104042.577,7135.782,38784.964,519.344,936.659,56443.615,222.213,14901.977,10275.074,10234.382,10234.382,0,0,0,175.94,-135.248,4626.903,6762.998,200.612,0,1000,75,5487.386,-2136.095,-2136.095,118693.869,17366.984,23385.275,77315.309,488.188,138.113,118693.869,4517.976,102.249,3977.884,85560.166,24535.594,9933.493,8896.666,358.779,584.934,0,584.934,0,93.114,6726.598,6565.776,140.513,9.802,10.507,346.658,559.547,40.312,0,0,0,0,83.732,-250.965,0,-46.612,0,0,-11.553,-27.803,269.073,2176.003,342.532,79.112,0,-1750.802,-515.454,-62.318,0,0,0,0,0,-116.033,18.148,0,-8.629,0,-125.552,0,225.57,203.125,104.229,0,0,0,19.616,0,-97.045,0,0,0,-4.355,2900.904,8.875,1507.232,1270.497,85.803,36.627,0,114.305,458.873,137.016,321.857,301.126,122.678,391.457,0,110.663
12,2019,0,0,0,113254.792,30494.494,3507.882,18933.564,14180.403,4182.043,0,571.118,5687.635,43280.795,42403.898,549.11,257.501,70.286,0,0,0,0,2909.913,2909.913,0,549.539,290.991,258.548,4998.948,1612.444,1279.578,0,113254.792,110711.628,609.993,973.397,144.79,814.984,113254.792,56278.754,8458.249,48517.789,113254.792,6902.056,46549.805,751.868,221,58562.59,267.473,14540.461,8702.135,8632.327,6056.959,0,2350,225.368,234.023,-164.215,5838.326,8017.64,2108.512,0,1400,75,4434.128,-2179.314,-2179.314,139278.464,18345.274,30034.219,90175.109,542.785,181.077,139278.464,7516.063,61.344,4332.653,99900.618,27467.786,11305.756,10048.336,477.3,657.427,0,657.427,0,122.693,8085.39,7963.686,116.267,0,5.437,383.536,650.845,39.71,0,0,0,0,120.996,-287.269,0,-56.941,0,0,-7.458,-76.347,364.541,2543.255,982.975,161.611,0,-2382.066,-824.398,-116.836,0,0,0,0,0,229.058,170.849,0,-10.421,0,68.63,0,284.128,194.159,442.281,0,0,0,10.351,0,-353.224,0,0,0,-9.439,2700.748,13.49,1655.878,1432.111,91.158,15.882,0,116.727,467.504,159.402,308.102,320.808,130.558,26.551,0,85.959
12,2020,0,0,0,100767.406,30011.64,3472.549,18106.229,14140.19,3327.162,296.496,342.381,5855.697,9923.068,0,0,215.209,48.632,113.68,0,5885.772,3659.775,3122.171,2648.046,474.125,471.673,224.43,247.243,26818.307,1751.728,1234.344,0,100767.406,97454.387,778.564,159.488,479.162,1895.805,100767.406,55430.494,6640.322,38696.59,100767.406,5160.229,44564.94,297.482,264.74,50212.378,267.637,15967.304,7711.142,7641.254,1462.31,0,5002.455,1176.489,234.023,-164.135,8256.162,9073.142,6665.661,0,300,75,2032.481,-816.98,-816.98,133917.74,18605.465,113626.63,0,561.256,1124.389,133917.74,5865.713,51.05,4991.513,88948.379,34061.085,10818.893,9872.296,202.823,624.523,0,624.523,0,119.251,7505.157,7477.024,14.202,0,13.931,467.956,836.957,37.055,0,19.039,0,0,90.99,-416.498,-32.083,-60.08,0,0,-4.307,-3.117,398.614,4014.065,1058.966,201.963,0,-3678.679,-1064.645,-133.056,0,0,0,0,0,55.408,66.653,0,-16.012,0,4.767,0,206.024,172.987,47.31,0,0,0,25.43,0,-30.007,0,0,0,-9.696,2438.684,23.262,1468.998,1266.297,92.834,0,0,109.867,474.267,154.355,319.912,323.759,137.584,10.814,0,0
12,2021,0,0,0,114674.63,39150.456,3936.161,20185.804,16622.315,2652.756,269.122,641.611,6147.052,9648.96,0,0,183.749,57.151,99.026,0,4918.686,4390.348,3639.399,2534.309,1105.09,294.542,63.036,231.506,28695.485,1301.447,1675.324,0,114674.63,111422.034,1005.3,326.126,564.576,1356.594,114674.63,71982.187,4222.135,38470.308,114674.63,4381.464,52468.538,243.063,260.596,57041.028,279.941,15880.578,7228.361,7141.543,0,0,6301.144,840.399,212.868,-126.05,8652.217,8652.217,8577.217,0,0,75,0,0,0,137373.791,20526.786,115677.221,0,628.878,540.906,137373.791,5583.332,71.972,5583.332,91284.195,34850.96,10084.491,9135.906,167.321,642.53,0,642.53,0,138.734,6560.189,6555.057,4.213,0,0.919,432.865,818.375,39.981,0,12.467,0,0,81.79,-409.162,-39.885,-65.837,0,0,-4.818,-0.046,394.214,5714.512,2082.356,95.774,0,-5815.065,-1629.386,-53.977,0,0,0,0,0,99.397,85.067,0,-24.246,0,38.576,0,253.832,247.063,12.005,0,0,0,11.536,0,-7.74,0,0,0,-9.032,2514.159,4.4,1562.23,1312.818,124.757,29.844,0,94.811,491.21,144.741,346.469,334.66,132.473,-10.814,0,0
12,2022,,,,130505.614,49248.099,5438.352,18706.314,16267.117,1962.108,346.186,130.903,13528.536,35975.509,19943.997,0,210.757,63.038,164.819,0,10019.378,5573.52,2294.997,1991.496,303.501,301.332,74.97,226.362,2933.217,1266.802,812.456,0,130505.614,126818.432,1340.522,264.618,450.518,1631.524,130505.614,85147.755,2952.728,42405.131,130505.614,2908.179,52717.958,200.424,46.041,73897.359,735.653,16074.579,1968.722,1900,0,0,1900,0,212.868,-144.146,14105.857,14105.857,7030.857,0,7000,75,,,,148614.571,20276.509,127369.539,0,487.989,480.534,148614.571,7240.782,55.948,4341.469,100888.763,36087.609,12170.179,10996.401,570.897,484.911,0,484.911,0,117.97,6578.208,6521.074,56.347,0,0.787,513.815,919.704,42.475,0,7.128,0,0,149.68,-463.665,-51.186,-81.263,0,0,-8.988,-0.07,606.104,3063.386,513.035,134.774,0,-2334.873,-672.993,-97.225,0,0,0,0,0,87.55,165.112,0,-53.537,0,-24.025,0,482.982,469.632,37.728,0,0,0,23.502,0,-35.184,0,0,0,-12.696,3475.409,6.316,2181.15,1883.488,143.101,34.866,0,119.695,539.94,140.056,399.884,572.353,132.658,42.992,0,0
12,2023,,,,140448.924,50226.337,5832.431,20800.533,18534.986,1340.075,277.268,648.204,13223.694,42457.766,17105.295,0,217.491,73.046,174.366,0,19397.375,5490.193,2068.571,1754.909,313.662,300.092,92.109,207.983,2538.319,1087.397,1913.784,0,140448.924,134883.009,1839.055,446.225,1412.553,1868.082,140448.924,100281.143,2103.507,38064.274,140448.924,3557.163,54585.649,223.098,518.101,81047.699,517.214,6983.29,3560.083,3500,0,0,3500,0,212.868,-152.785,3423.207,3438.77,2563.77,0,800,75,,,,156329.168,24670.283,130542.492,0,489.733,626.66,156329.168,7325.524,0,5386.948,100536.124,43080.572,14699.192,13383.521,921.1,311.571,0,311.571,0,83,10102.088,10045.815,23.318,23.218,9.737,514.3,1153.175,0,0,0,93.508,0,146.931,-770.613,0,-102.593,0,0,0,-6.108,485.92,7576.054,1702.192,38.332,0,-7161.703,-1656.107,-12.848,0,0,0,0,0,121.282,145.486,0,-0.002,0,-24.202,0,835.079,854.461,0,0,0,35.529,40.566,0,0,0,-50.633,0,-44.844,3140.808,6.016,1731.432,1426.668,156.343,58.232,0,90.189,656.777,194.189,462.588,403.867,146.885,0,0,195.831
12,2024,,,,165154.897,53078.314,4834.445,17272.499,15693.598,1271.797,307.104,0,13126.601,19130.327,0,0,223.542,0,248.776,0,18658.009,0,5696.344,4993.717,702.627,360.766,138.784,221.982,9333.666,1303.278,6445.399,7848.453,165154.897,159302.56,1671.528,450.668,758.237,2971.904,165154.897,100977.722,10853.25,53323.925,165154.897,1956.355,71987.506,267.399,455.916,89861.88,625.841,29119.18,13344.418,13293.73,693.518,0,10400.029,2200.183,212.868,-145.679,15774.762,15849.762,11474.762,0,4300,75,,,,167447.644,22699.471,59530.968,83197.293,1352.742,667.17,167447.644,6814.701,0,4069.437,0.113519746,156563.392480254,13234.075,11402.314,1085.95,689.747,0,689.747,0,56.064,7310.55,6973.403,115.313,218.068,3.766,1080.3,1288.263,0,0,0,754.664,0,122.94,-968.709,0,-107.16,0,0,0,-9.698,673.796,7430.858,697.107,53.948,0,-6701.709,-792.326,-14.082,0,0,0,0,0,-68.479,5.402,0,-5.049,0,-68.832,0,947.108,834.202,175.197,0,0,61.981,7.683,0,0,0,-76.509,0,-55.446,3400.146,37.421,1866.829,1520.053,169.047,177.729,0,0,769.807,249.372,520.435,386.506,150.047,0,0,189.536
13,2015,0,0,0,28091.32,2181.748,44.638,3273.728,2792.553,73.272,0,407.903,1063.861,197.368,0,0,0,0,0,0,0,197.368,2746.19,2640.168,106.022,0,0,0,9795.579,317.184,342.698,8128.326,28091.32,25412.927,1720.279,92.388,182.632,683.094,29091.32,9495.2,10518.573,9077.547,28091.32,2444.696,17786.447,65.591,217.183,7577.403,0,0,0,0,0,0,0,0,0,0,0,0,0,0,0,0,0,0,0,62615.688,11593.269,50699.448,0,232.937,90.034,62615.688,0,0,0,39515.39,23100.298,0,0,0,0,0,0,0,0,0,0,0,0,0,0,0,0,0,0,0,0,0,0,0,0,0,0,0,0,0,0,0,0,0,0,0,0,0,0,0,0,0,0,0,0,0,0,0,0,0,0,0,0,0,0,0,0,0,0,0,0,0,0,0,0,0,0,0,0,0,0,0,0,0,0,0,0,0
13,2016,97.043,0,164.014,35118.872,0,15.391,340.126,0,0,0,340.126,0,19933.146,0,0,0,0,0,0,0,19933.146,488.576,0,488.576,276.284,0,276.284,11756.914,157.749,535.759,1614.927,35118.872,32832.172,1456.333,81.464,72.948,675.955,35118.872,12709.051,14738.66,7671.161,35118.872,1069.757,22807.506,163.455,204.252,10873.902,0,0,0,0,0,0,0,0,0,0,0,0,0,0,0,0,0,0,0,57586.806,11490.153,45749.124,0,233.424,114.105,57586.806,2091.353,58.506,866.843,43651.374,10918.73,6347.548,3223.485,55.022,2866.897,0,2866.897,0,202.144,4094.906,3151.113,493.446,319.1,131.247,93.035,212.197,2.476,0,10.739,0,0,21.86,-154.237,0,0,0,0,0,0,13.492,163.307,583.42,0.536,0,-53.853,-679.832,-0.086,0,-5.575,0,-14.383,8.808,602.609,663.737,0,-167.663,0,106.535,0,0,0,0,0,0,0,0,0,0,0,0,0,0,1897.097,35.931,813.338,717.768,45.686,0.364,0,49.52,381.631,103.148,278.483,599.101,60.328,6.768,0,0
13,2017,65.995,0,127.927,36212.703,0,309.356,487.205,0,209.987,0,277.218,2585.028,10186.386,0,0,0,0,0,0,0,10186.386,730.833,77.265,653.568,431.695,0,431.695,12223.165,148.381,718.736,8391.918,36212.703,34418.047,988.266,130.88,35.179,640.331,36212.703,17333.702,10691.691,8187.31,36212.703,1195.377,24890.142,225.648,179.695,9721.841,0,44901.863,36846.035,36070.745,24525.765,0,5446.816,6098.164,870.436,-95.146,8055.828,9319.142,0,0,0,0,9319.142,-1263.314,-1263.314,56848.515,11490.153,44977.733,0,264.873,115.756,56848.515,2838.401,52.502,464.252,39312.326,14181.034,6123.339,3333.386,97.932,2334.49,0,2334.49,0,357.531,4521.262,3094.119,521.623,578.303,327.217,136.523,285.237,5.454,0,0.755,0,0,32.91,-187.833,0,0,0,0,0,0,65.208,135.493,426.014,0.041,0,-141.222,-355.115,-0.003,0,32.367,27.55,-0.222,5.039,1029.818,1370.252,0,-338.616,0,-1.818,0,381.383,64.645,205.133,0.197,0,0,193.526,0,-1.89,-0.002,0,0,-80.226,2923.739,39.747,943.388,839.809,51.023,37.2,0,15.356,400.529,104.556,295.973,1029.111,66.961,444.003,0,0
13,2018,51.921,0,127.927,48762.243,6241.647,1022.254,2114.019,0,1290.173,0,823.846,2771.981,0,0,0,0,0,0,0,0,0,0,0,0,0,0,0,19512.395,167.106,798.085,16134.756,48762.243,46365.153,931.188,185.203,38.181,1242.518,48762.243,24947.585,11864.038,11950.62,48762.243,2540.007,33197.377,301.593,163.402,12559.864,0,40695.552,38264.28,37952.493,25141.36,0,6446.078,6365.055,401.132,-89.345,2431.272,3313.919,0,0,0,0,3313.919,-882.647,-882.647,63528.77,13272.952,49751.79,0,443.298,60.73,63528.77,6165.325,112.261,768.97,40000.753,16481.461,7511.446,3490.748,173.954,2742.316,0,2742.316,0,1104.428,4609.175,3238.234,662.955,584.782,123.204,271.586,362.96,8.464,0,45.93,0,0,45.718,-153.38,0,0,0,0,0,-38.106,209.414,375.069,642.941,0.033,0,-64.344,-744.283,-0.002,0,-14.406,0,-0.332,-14.074,720.912,1450.618,0,-735.507,0,5.801,0,590.444,318.993,12.108,39.537,0,0,289.435,0,-0.218,0,0,0,-69.411,2923.739,44.905,1198.076,1069.732,62.27,41.168,0,24.906,431.664,99.34,332.324,738.13,66.961,444.003,0,0
13,2019,55.796,0,127.927,63594.389,7478.907,412.402,2688.804,0,2574.534,0,114.27,3358.092,7478.907,5563.197,876.774,1038.936,0,0,0,0,0,829.923,251.33,578.593,986.884,0,986.884,15039.733,167.789,2167.3,22985.648,63594.389,61221.054,1072.893,151.287,167.823,981.332,63594.389,32302.659,13563.027,17728.703,63594.389,3254.061,40649.654,431.439,184.093,19059.192,15.95,45635.747,44436.192,43174.073,27108.574,0,11717.364,4348.135,1397.987,-135.868,1199.555,1533.388,0,0,0,0,1533.388,-333.833,-333.833,80872.643,15891.92,64160.239,0,781.829,38.655,80872.643,5026.863,236.226,1641.29,49461.507,24506.757,8594.805,5087.071,301.018,2565.585,0,2565.585,0,641.131,5532.701,3892.016,800.612,789.292,50.781,569.778427,577.554,7.989,0,69.594,0,0,146.369,-231.68,0,0,0,0,0,-0.047573,155.449,259.094,906.358,0,0,-89.33,-920.673,0,0,3.447,0,-0.428,3.875,150.457,928.435,0,-731.456,0,-46.522,0,778.838,479.676,69.556,0,0,0,380.827,0,0,0,0,0,-151.221,2502.184,70.368,1453.705,1299.481,73.365,45.526,0,35.333,470.635,94.079,376.556,778.707,67.649,-338.88,0,0
13,2020,21.05,0,39.287,79340.579,10190.245,273.999,5400.405,0,4706.923,0,693.482,7279.461,22189.148,22189.148,0,0,0,0,0,0,0,957.711,246.885,710.826,2626.868,0,2626.868,9020.505,213.36,4185.717,17003.16,79340.579,76801.294,981.639,295.721,394.154,867.771,79340.579,36622.806,19676.969,23040.804,79340.579,3819.969,52768.469,488.473,74.52,22189.148,0,55676.927,55676.927,55216.842,35288.667,0,14306.287,5621.888,628.572,-168.487,0,0,0,0,0,0,0,0,0,87510.188,23326.844,61881.847,0,2250.132,51.365,87510.188,6067.775,247.867,1504.752,44574.531,35115.263,10019.692,6515.438,115.231,2914.094,0,2914.094,0,474.929,5197.303,4029.926,508.488,604.763,54.126,820.67,548.174,6.923,0,137.744,0,0,446.448,-273.855,0,0,0,0,0,-44.764,269.999,242.425,1335.862,0,0,-75.5,-1232.788,0,0,-8.433,0,-62.327,53.894,560.927,1957.151,0,-1362.176,0,-34.048,0,716.739,471.329,1.924,0.051,0,0,448.529,0,0,-4.958,0,0,-200.136,3585.922,64.998,2088.008,1869.684,137.079,44.555,0,36.69,491.825,95.298,396.527,811.598,74.898,54.595,0,0
13,2021,23.487,0,39.287,101562.609,11229.059,681.673,7402.174,0,7125.61,0,276.564,14175.548,26557.255,26557.255,0,0,0,0,0,0,0,719.298,297.192,422.106,2664.604,0,2664.604,12136.094,199.411,2809.632,22987.861,101562.609,98632.895,1160.921,344.979,469.21,954.604,101562.609,48627.296,24599.699,28335.614,101562.609,5212.202,69413.869,356.06,21.777,26557.254,1.447,48226.133,48226.133,48257.483,27398.852,0,17819.946,3038.685,0,-31.35,0,0,0,0,0,0,0,0,0,94616.419,32268.015,60709.924,0,1526.91,111.57,94616.419,7745.788,17.323,1636.219,46790.488,38426.601,10338.591,7588.621,77.311,1792.785,0,1792.785,0,879.874,4122.347,3057.616,341.605,690.695,32.431,2873.439,665.04,5.681,0,1853.101,0,0,724.626,-219.923,-9.008,0,0,0,0,-146.078,382.764,474.96,1471.177,0,0,-40.854,-1522.519,0,0,2.031,0,-0.406,2.437,349.636,2039.698,0,-1327.199,0,-362.863,0,0,0,0,0,0,0,0,0,0,0,0,0,0,3931.913,63.724,2397.659,2175.598,146.976,1.113,0,73.972,526.152,96.967,429.185,877.583,67.159,-0.364,0,0
13,2022,21.675,,39.287,120643.542,13496.639,656.19,11465.979,0,10315.04,0,1150.939,11207.188,37563.927,37563.927,0,0,0,0,0,0,0,935.181,165.387,769.794,4259.915,0,4259.915,10386.69,151.226,1446.536,29074.071,120643.542,116900.964,1673.825,616.555,442.851,1009.347,120643.542,51830.929,27862.422,40950.191,120643.542,3830.917,78936.306,286.082,26.31,37563.927,0,31534.742,31534.742,31554.087,16577.065,0,12397.637,2579.385,,-19.345,,,,,,,,,,117120.779,34736.911,80625.545,0,1586.379,171.944,117120.779,0,0,0,59945.116,57175.663,13252.114,10270.547,228.547,2030.171,0,2030.171,0,722.849,4930.323,3404.093,845.561,625.349,55.32,1112.464,830.289,3.466,0,269.218,0,0,502.128,-264.189,-11.195,0,0,0,0,-217.253,1000.441,999.045,4367.22,0,0,-180.454,-4185.37,0,0,-2.028,0,-0.216,-1.812,683.122,1894.599,0,-1223.482,0,12.005,0,-422.996,448.922,1.762,1.039,0,0,309.276,0,0,-0.002,-0.024,0,-1183.969,4427.964,81.597,2647.866,2341.959,174.963,58.635,0,72.309,574.742,103.323,471.419,1055.338,66.303,2.118,0,0
13,2023,,,,149145.386,20930.667,2346.262,8679.518,0,8346.872,0,332.646,13105.715,41286.931,41286.931,0,0,0,0,0,0,0,1199.561,91.464,1108.097,4087.884,0,4087.884,13163.399,188.876,7281.125,36875.448,149145.386,142221.856,2642.701,1032.207,1441.28,1807.342,149145.386,67725.38,43819.385,37600.621,149145.386,6215.455,101362.039,253.713,26.219,41286.931,1.029,37880.373,37880.373,37897.49,22572.105,0,13800,1525.385,,-17.117,,,,,,,,,,132350.131,33317.559,97229.772,0,1440.993,361.807,132350.131,0,0,0,75587.588,56762.543,18951.085,15112.494,749.702,1970.187,0,1970.187,0,1118.702,9762.57,7608.989,1457.534,644.767,51.28,1597.025,919.218,1.955,0,443.318,0,0,653.482,-224.734,-9.091,0,0,0,0,-187.123,1072.237,1201.639,4958.575,0,0,-171.232,-4916.745,0,0,-12.705,0,-30.317,17.612,511.812,821.095,0,-311.511,0,2.228,0,-99.528,169.516,0,0.177,0,0,440.476,0,0,0,-0.064,0,-709.633,4812.331,87.993,2838.027,2498.722,215.854,59.186,0,64.265,639.932,100.262,539.67,1150.713,95.736,-0.07,0,0
13,2024,,,,178278.251,25544.327,629.627,6259.792,0,5083.131,0,1176.661,15786.992,47929.388,47929.388,0,0,0,0,0,0,0,772.591,445.206,327.385,7984.989,0,7984.989,17153,448.558,5669.152,50099.835,178278.251,171403.474,2153.536,773.19,1004.586,2943.465,178278.251,66114.974,61516.726,50646.551,178278.251,4148.354,126132.329,47.946,20.234,47929.388,0,65569.856,65569.856,65604.781,42993.384,0,21711.012,900.385,,-34.925,,,,,,,,,,154612.451,38536.725,113765.922,0,1570.442,739.362,154612.451,0,0,0,79204.689,75407.762,18681.257,13156.939,739.544,2401.874,0,2401.874,0,2382.9,8438.193,5749.485,1962.713,690.506,35.489,1354.055,778.93,2.152,0,121.131,0,0,932.58,-243.612,-7.959,0,0,0,0,-229.167,1055.874,1925.669,4862.457,0,0,-217.687,-5514.565,0,0,-0.478,0,-0.478,0,273.491,468.389,0,-177.09,0,-17.808,0,1292.234,0,0,0,0,0,1869.859,0,0,0,0,0,-577.625,5229.935,92.586,2901.85,2523.672,228.952,59.741,0,89.485,803.478,101.057,702.421,1317.058,109.952,5.011,0,0
14,2015,0,0,0,47777.031,14244.798,1464.689,0,0,0,0,0,1163.937,0,0,0,0,0,0,0,0,0,8532.452,8532.452,0,0,0,0,0,0,0,22371.155,47777.031,46270.139,517.716,135.25,98.039,755.887,47777.031,17053.419,15095.351,15628.261,47777.031,4359.455,18402.691,1977.253,648.142,22389.49,0,26451.598,23258.551,23388.818,18666.461,0,1278.83,3443.527,0,-130.267,3193.047,3757.699,0,0,42.38,0,3715.319,-564.652,-564.652,53303.964,10743.451,42365.234,0,104.429,90.85,53303.964,0,0,0,27984.745,25319.219,4794.299,3142.193,116.564,1488.629,0,1488.629,0,46.913,2450.185,2081.631,347.905,0,20.649,166.103,136.679,4.098,0,2.974,0,0,135.164,-62.683,-6.573,-14.03,-1.734,0,-14.493,-13.299,-10.503,1823.697,524.741,0,0,-1943.681,-415.26,0,0,0,0,0,0,88.991,95.935,0,-0.63,0,-6.314,0,320.353,107.711,0,0,0,37.91,255.341,0,0,0,-72.879,0,-7.73,1765.24,24.05,867.559,750.361,86.179,8.141,0,22.878,472.27,86.5,385.77,366.466,34.895,0,0,0
14,2016,0,0,0,60179.583,17199.902,1700.373,0,0,0,0,0,2813.527,0,0,0,0,0,0,0,0,0,11523.48,11523.48,0,0,0,0,0,0,0,26942.301,60179.583,58180.238,449.626,40.543,167.933,1341.243,60179.583,19945.724,18772.48,21461.379,60179.583,4575.18,24347.643,1824.434,1103.567,28328.759,0,28698.369,26778.478,26916.591,17862.228,0,1810.613,7243.75,0,-138.113,1919.891,2664.875,0,0,42.38,0,2622.495,-744.984,-744.984,59260.842,11021.818,48049.367,0,82.036,107.621,59260.842,0,0,0,30605.463,28655.379,5291.792,3793.705,36.892,1395.938,0,1395.938,0,65.257,2665.553,2407.351,246.757,1.591,9.854,255.637,172.92,4.088,0,2.472,0,0,211.832,-84.829,-8.21,-17.943,0,0,-10.464,-14.229,24.814,57.68,261.363,0,0,0,-294.229,0,0,0,0,0,0,149.445,157.439,0,-0.149,0,-7.845,0,317.281,134.095,0,0,0,13.93,197.215,0,0,0,-24.459,0,-3.5,2092.628,31.005,1118.077,953.725,98.922,9.72,0,55.71,475.807,89.714,386.093,427.547,40.192,0,0,0
14,2017,0,0,0,79864.22,19787.655,1474.003,0,0,0,0,0,3042.694,0,0,0,0,0,0,0,0,0,4598.279,4598.279,0,0,0,0,0,0,0,50961.589,79864.22,76833.988,921.544,103.631,97.531,1907.526,79864.22,18349.147,21888.863,39626.21,79864.22,4630.664,19783.774,3726.689,1015.418,50707.675,0,25609.896,24734.804,24893.365,12452.281,0,6680.584,5760.5,0,-158.561,875.092,1570.47,0,0,42.38,0,1528.09,-695.378,-695.378,68377.753,11143.445,57013.431,0,158.083,62.794,68377.753,0,0,0,41693.951,26683.802,7252.564,5457.726,48.159,1642.608,0,1642.608,0,104.071,3796.588,3137.521,319.016,338.565,1.486,406.891,218.653,4.494,0,1.011,0,0,370.016,-114.872,0,-22.725,-1.494,0,-26.655,-21.537,-62.888,16.01,111.956,0,0,0,-190.854,0,0,0,0,0,0,161.34,181.813,0,-0.025,0,-20.448,0,126.763,131.176,0,0,0,20.943,8.856,0,0,0,-29.412,0,-4.8,2334.457,24.42,1324.02,1132.6,126.316,13.505,0,51.599,548.913,90.903,458.01,378.055,48.37,10.679,0,0
14,2018,0,0,0,96138.735,16818.945,1592.815,0,0,0,0,0,2587.311,0,0,0,0,0,0,0,0,0,3274.619,3274.619,0,0,0,0,0,0,0,71865.045,96138.735,92543.983,1173.101,242.532,386.23,1792.889,96138.735,14516.45,24226.138,57396.147,96138.735,3173.578,18665.272,3123.877,60.385,71115.623,0,28577.76,28535.38,28676.423,15700.272,0,8416.151,4560,0,-141.043,42.38,42.38,0,0,42.38,0,0,0,0,84862.629,12126.6,72437.102,0,194.092,104.835,84862.629,0,0,0,57772.237,27090.392,10085.843,8059.783,51.878,1774.903,0,1774.903,0,199.279,5260.35,4154.13,510.256,576.6,19.364,734.745,335.239,4.709,0,1.772,239.888,0,445.326,-155.685,0,-29.408,-4.245,0,-80.189,-22.662,-25.871,64.875,79.388,0,0,0,-170.134,0,0,0,0,0,0,35.757,34.364,0,-0.424,0,1.817,0,0,0,0,0,0,0,0,0,0,0,0,0,0,2689.716,26.926,1639.419,1639.419,0,0,0,0,548.387,0,548.387,409.256,66.565,-0.837,0,0
14,2019,0,0,0,129199.808,21876.792,1937.654,0,0,0,0,0,1595.774,0,0,0,0,0,0,0,0,0,2537.965,2537.965,0,0,0,0,0,0,0,101251.623,129199.808,125224.676,1438.59,406.826,372.158,1757.558,129199.808,21504.645,26399.499,81295.664,129199.808,1969.703,20430.116,1729.936,46.287,105023.766,0,27841.993,27799.613,27882.169,9774.078,0,15089.591,3018.5,0,-82.556,42.38,42.38,0,0,0,0,42.38,0,0,122357.044,13669.515,108318.827,0,311.532,57.17,122357.044,0,0,0,90715.621,31641.423,13861.218,11572.591,136.972,1767.553,0,1767.553,0,384.102,7648.003,6250.636,491.107,890.054,16.206,1797.3,552.324,4.406,0,1.902,1111.629,0,567.922,-217.901,0,-41.047,-18.089,0,-139.726,-24.12,-121.708,30.928,235.993,0,0,0,-388.629,0,0,0,0,0,0,37.147,79.257,0,-0.597,0,-41.513,0,224.362,240.856,0,0,0,38.862,7.835,0,0,0,-62.335,0,-0.856,3437.1,31.176,2276.053,2276.053,0,0,0,0,620.637,0,620.637,406.275,93.967,8.992,0,0
14,2020,0,0,0,169520.235,28640.644,2050.751,0,0,0,0,0,1738.857,0,0,0,0,0,0,0,0,0,1819.126,1819.126,0,0,0,0,0,0,0,135270.857,169520.235,164034.824,2527.966,566.114,796.884,1594.447,169520.235,35797.729,25381.291,108341.215,169520.235,2666.622,26000.259,438.991,33.759,140380.604,0,41465.854,41423.474,41411.474,11694.9,0,27984.574,1732,12,-94,42.38,42.38,0,0,0,0,42.38,0,0,150349.095,17885.854,132051.936,0,351.05,60.255,150349.095,0,0,0,108001.008,42348.087,17437.106,15471.322,84.207,1838.665,0,1838.665,0,42.912,8940.999,7180.106,308.973,1428.824,23.096,2388.675,891.415,4.767,0,1.736,1217.277,0,836.784,-292.436,0,-57.395,-8.695,-25.912,-161.526,-17.34,20.789,88.929,191.03,0,0,0,-259.17,0,0,0,0,0,0,25.24,126.017,0,-97.316,0,-3.461,0,282.762,214.138,0,0,0,52.214,95.936,0,0,0,-79.085,0,-0.441,4464.872,32.432,3232.366,3232.366,0,0,0,0,702.733,90.422,612.311,374.117,130.767,-7.543,0,0
14,2021,,,,201516.754,29155.532,1523.922,0,0,0,0,0,3027.172,0,0,0,0,0,0,0,0,0,1921.844,1921.844,0,0,0,0,0,0,0,165888.284,201516.754,191557.743,5288.853,1747.352,1603.696,1319.11,201516.754,53900.142,21702.85,125913.762,201516.754,4468.007,21496.971,755.959,23.888,174771.929,0,44737.181,44695.119,44714.514,6851.259,100.109,35177.146,2586,0,-19.4,42.062,42.38,0,0,0,0,42,0,0,173564.89,27953.339,145314.424,0,160.087,137.04,173564.89,0,0,0,114493.397,59071.493,20975.011,19150.412,165.316,1627.775,0,1627.775,0,31.508,9158.864,7093.1,277.644,1762.384,25.736,2741.952,1247.291,0,0,0,1196.06,0,1077.349,-404.677,0,-132.08,-13.371,-37.37,-174.369,-16.881,-86.748,106.602,161.927,0,0,0,-355.277,0,0,0,0,0,0,196.796,221.997,0,-91.985,0,65.774,1.01,220.99,215.358,0,0,0,43.713,21.333,0,0,0,-50.766,0,-8.648,5281.843,38.637,3593.892,3593.892,0,0,0,0,942.461,117.749,824.712,499.743,158.915,48.195,0,0
14,2022,,,,231944.016,7677.151,234.343,9085.351,7151.325,1471.782,64.83,397.414,1535.921,204012.797,0,0,36.038,36.954,155.326,0,203356.464,428.015,1773.849,1659.163,114.686,917.418,399.82,517.598,1995.786,1230.298,3481.102,0,231944.016,216102.238,10154.939,1540.756,1709.696,2436.387,231944.016,66863.592,18345.796,146734.628,231944.016,3732.889,19610.801,862.656,14.799,207721.897,0.974,40278.72,40236.658,40250.383,5887.731,0,32532.652,1830,,-13.725,42.062,42.38,0,0,0,0,42,0,0,200123.94,27290.753,172559.966,0,204.45,68.771,200123.94,0,0,0,139054.165,61069.775,27509.339,24931.846,773.71,1753.906,0,1753.906,0,49.877,12546.784,9714.026,808.73,1978.962,45.066,3188.381,2109.874,0,0,0,1302.9,0,1116.196,-760.216,0,-213.889,-1.338,-150.665,-193.753,-20.728,-275.032,504.098,390.073,0,0,-434.768,-734.435,0,0,0,0,0,0,-175.843,58.556,0,-240.069,0,5.67,0,354.882,376.831,0,0,0,14.335,17.2,0,0,0,-50.013,0,-3.471,6197.114,58.809,4082.383,4082.383,0,0,0,0,1210.368,144.843,1065.525,669.316,176.203,0.035,0,0
14,2023,,,,266345.545,9155.453,552.157,17311.707,13400.505,2639.419,80.133,1191.65,1958.665,221677.009,0,0,39.999,25.504,160.468,0,221173.672,277.366,2175.998,1932.668,243.33,909.529,362.07,547.459,1673.708,1198.526,9732.793,0,266345.545,243146.729,14824.225,2479.317,3697.136,2198.138,266345.545,102695.749,15123.396,148526.4,266345.545,5272.638,35366.132,905.449,0.033,224800.918,0.375,60988.364,60954.778,60956.278,12262.48,0,47968.798,725,,-1.5,33.586,42.38,0,42.38,0,0,,-8.794,,236577.266,31229.736,204957.937,0,333.686,55.907,236577.266,0,0,0,170334.685,66242.581,35567.669,30951.168,632.057,3939.794,0,3939.794,0,44.65,18207.116,15189.678,1483.083,1492.131,42.224,3326.781,2359.965,0,0,0,879.783,0,1561.549,-1010.707,0,-154.51,-10.542,-102.879,-175.303,-20.575,548.47,411.784,1115.821,0,0,-214.733,-764.402,0,0,0,0,0,0,129.73,187.808,0,-61.827,0,12.225,-8.476,791.614,692.749,0,0,0,59.265,98.2,0,0,0,-28.332,0,-30.268,6610.743,58.069,4350.225,4350.225,0,0,0,0,1290.219,165.965,1124.254,708.544,203.686,0,0,0
14,2024,,,,324009.713,23755.78,875.303,25712.204,19648.895,3935.354,133.07,1994.885,3402.17,233697.77,0,0,74.935,42.897,298.338,0,233183.844,97.756,9806.074,9208.267,597.807,2023.26,735.418,1287.842,5695.936,1354.475,17686.741,0,324009.713,301905.639,10730.56,2305.497,2670.58,6397.437,324009.713,142051.273,20244.697,161713.743,324009.713,7776.642,58132.149,3514.605,0,254572.871,13.446,50344.312,50344.312,50345.812,9933.479,0,39862.333,550,,,,42.38,,,,,,-42.38,,276308.322,38534.487,237300.951,0,399.777,73.107,276308.322,0,0,0,194754.588,81553.734,32442.938,28688.072,1090.191,2616.09,0,2616.09,0,48.585,15692.526,12696.554,1849.522,1112.775,33.675,1765.459,2401.066,0,0,0,447.037,0,354.824,-960.341,0,-135.448,-48.853,-56.682,-176.27,-59.874,500.968,538.06,1442.68,0,0,-348.962,-1130.81,0,0,0,0,0,0,247.967,421.004,0,-139.451,0,0,-33.586,1300.5,1247.253,0,0,0,215.834,55.577,0,0,0,-187.066,0,-31.098,7211.292,66.023,4708.481,4708.481,0,0,0,0,1390.001,186.535,1203.466,804.696,242.091,0,0,0
15,2015,,,,,,,,,,,,,,,,,,,,,,,,,,,,,,,,,,,,,,,,,,,,,,,,,,,,,,,,,,,,,,,,,,,,,,,,,,,,,,,,,,,,,,,,,,,,,,,,,,,,,,,,,,,,,,,,,,,,,,,,,,,,,,,,,,,,,,,,,,,,,,,,,,,,,,,,,,,
15,2016,0,0,0,38506.723127255,7477.511264479,1031.544287444,5825.956496989,3935.300125478,1723.322582858,24.827860063,142.50592859,6685.725355014,5650.879713813,0,31.485489495,91.993399225,66.824910903,518.520327297,82.248262279,764.488449226,4095.318875388,3922.05074463,3840.181843741,81.868900889,448.907850855,156.923563029,291.984287826,5095.014436111,1773.339155025,595.793822895,0,38506.723127255,36936.966661835,894.257113257,105.821757194,94.852415726,474.825179243,38506.723127255,12095.557076751,12024.517781788,14386.648268716,38506.723127255,958.896771694,21885.968321229,266.101855796,342.513199055,15052.657929491,0.58504999,0,0,0,0,0,0,0,0,0,0,0,0,0,0,0,0,0,0,43063.985057813,42920.84022912,0,0.018518216,143.126310477,0,43063.985057813,3130.292652285,8629.687960365,471.079035003,28387.354960661,2445.570449499,4040.605954179,2973.233452454,82.868762684,926.970871305,,926.970871305,0,57.532867736,2379.925934113,2178.051689656,154.998261545,13.862208862,33.01377405,97.511130746,23.546097658,2.936920093,0,0,5.606304661,0,100.221753771,-9.801431653,-0.866399926,-0.56090884,-0.092541906,0,-12.420424304,-11.058238808,-3.005136267,59.267760788,51.754784464,0.33182112,0,-36.526199103,-77.12728768,-0.706015856,0,0,0,0,0,-0.261534284,85.887897169,0,-93.341931453,0,7.1925,0,0,0,0,0,0,0,0,0,0,0,0,0,0,1041.027008638,4.035702801,324.21074573,241.823383275,46.33242799,1.283726955,0,34.77120751,239.685647198,45.610746707,194.074900491,440.475000058,32.619912851,0,0,0
15,2017,0,0,0,48182.976683825,9023.110531137,1454.348605296,8134.737634094,6266.890246931,1681.79602249,35.685394872,150.365969801,8581.262527231,8523.688900749,0,13.1308034,168.097487091,61.113364199,573.05325019,76.703026665,2149.160880875,5482.430088329,4094.852618078,4020.617311962,74.235306116,360.184967361,264.871644297,95.313323064,4423.443894553,2779.1780424,808.168962926,0,48182.976683825,46732.0672874,586.335354898,162.410019608,130.311394024,571.852627895,48182.976683825,15392.983584209,15009.729045392,17780.264054224,48182.976683825,187.479066152,26216.500555388,3296.11280161,114.564863588,18368.319397087,0,16446,16093,16093,14558,0,1109,361,66,-57,411,411,0,0,0,0,728,-317,-317,53205.792395177,4966.280391653,48047.642915305,0,181.159202651,10.709885568,53205.792395177,3389.733387371,14.421803203,783.478670361,33871.371955526,15146.786578716,5612.708027276,4276.621612777,143.44988664,1120.39547854,,1120.39547854,0,72.241049319,3211.564137126,2882.59513073,132.257858894,149.450050923,47.261096579,195.619962173,36.211127769,4.708738735,0,0,19.91084408,0,176.683856162,-12.368932461,-0.501702462,-1.285880633,-0.776781502,0,-15.11673265,-11.844574865,46.999721794,75.61248978,127.753947034,0.034454791,0,-8.631745964,-147.667851792,-0.101572055,0,14.777345406,14.777345406,0,0,48.694519051,252.310922379,0,-159.484775342,0,-44.131627986,0,0,0,0,0,0,0,0,0,0,0,0,0,0,1445.884669813,4.014641242,417.75686289,307.877201066,56.796836185,1.119554614,0,51.963271025,248.88597537,47.681122767,201.204852603,731.022747216,42.748305813,1.456137282,0,0
15,2018,0,0,0,56316.351513938,9514.45006505,1636.215801634,10278.547233701,8295.940610844,1982.606622857,0,0,7541.376156172,12621.457855801,0,0,0,0,777.71278213,0,5243.371304445,6600.373769226,3990.453081898,3990.453081898,0,0,0,0,4902.282783502,2463.215755169,1001.011985322,2367.340795689,56316.351513938,54162.864382633,865.159943794,432.4938684,180.204614472,675.628704639,56316.351513838,16777.356077909,17813.808266357,21725.187169572,56316.351513938,1244.095616376,31772.150973106,700.953124061,253.965834413,22345.185965982,0,24387.912715695,24387.912715695,24378.468921372,17551.490161668,0,5343.359057241,1483.619702463,65.554809147,-56.111014824,0,0,0,0,0,0,0,0,0,60362.575007,7751.734108825,52253.311518345,0,192.313217498,165.216162332,60362.575007,2837.744856989,17102.847671641,1757.743126164,36742.077630215,1922.161721991,7656.988766889,6053.100876972,228.195550916,1118.35143158,,1118.35143158,0,257.340907421,4221.019182442,3541.912874381,105.050590261,445.766766727,128.288951073,337.762358314,46.412356678,4.1427699,0,0,252.45840485,0,85.077850621,-18.256155227,-2.627336303,-0.606346733,-0.291818182,0,-2.437508895,-26.109858395,83.519035834,623.026205324,124.129520053,2.541828079,0,-523.868467642,-142.26832597,-0.04172401,0,24.327463984,24.327463984,0,0,939.235020184,937.343603984,0,-0.217611,0,2.1090272,0,194.893759741,119.157439779,148.7992495,62.371852822,12.547917428,0,8.463221491,0,-136.997488812,-0.196877474,0,0,-19.251554993,1869.767287781,0,623.416923074,470.483643911,106.056208843,1.961384273,0,44.915686047,291.970117935,61.078817972,230.891299963,911.065635039,51.059777641,-11.89,0,4.144834092
15,2019,496.581,496.581,0,71090.741071723,14203.471615622,2217.735433422,13071.65365988,7092.594962215,5979.058697665,0,0,7780.281474101,9895.458037079,0,0,0,0,625.049334334,0,7490.663357287,1779.745345458,5268.849858822,5268.849858822,0,0,0,0,5154.589033775,8242.987547895,2761.840363975,2493.874047152,71090.741071723,68538.435812901,1243.068444191,351.415095527,225.490821722,732.330897382,71090.741071723,19514.534127296,20459.094866511,31117.112077916,71090.741071723,1223.80019366,39795.347104579,618.122978114,104.776210979,29348.694584391,0,22873.713733332,22873.713733332,22868.572619583,14907.201876123,0,6500.008456155,1461.362287305,65.554809147,-60.413695398,0,0,0,0,0,0,0,0,0,69142.056294441,7934.611627064,60709.781127574,0,366.777814106,130.885725697,69142.056294441,2575.797821516,19297.504189261,1698.652215592,42741.28029494,2828.821773132,9638.359257256,7721.296727481,296.329892204,1336.425499524,,1336.425499524,0,284.307138047,5537.196484058,4226.45116444,351.978708157,717.750231634,241.016379827,545.797223084,55.421719644,3.220065075,0,0,387.293840092,0,171.462811402,-13.877986255,-1.011477566,-1.223721525,-1.099848519,0,-8.052801221,-46.335378043,114.400929022,66.45715537,220.182989882,0.382052674,0,-1.84994789,-170.769939856,-0.001381158,0,-6.424930001,-6.424930001,0,0,1093.550271643,1097.852952217,0,0,0,2.05619472,-6.358875294,764.452196124,230.238369106,41.203908455,40.51126135,0,0,506.838100527,0,-33.87606336,-3.169443787,0,0,-17.293936167,2449.236101393,0,794.934868878,613.418280007,116.784645693,3.833955043,0,60.897988135,368.972375236,83.09011985,285.882255386,1215.516513885,57.009399667,9.897812695,0,2.905131032
15,2020,929.4095,929.4095,0,89237.886166154,18794.596486211,2099.663011741,16379.864716691,7066.592576041,9313.27214065,0,0,9391.398251043,7537.781217861,0,0,0,0,735.299382465,0,5504.36413308,1298.117702316,7117.525860046,7117.525860046,0,0,0,0,6268.194676278,11230.993688104,2331.879699991,8085.988558188,89237.886166154,85018.855999477,2710.560469524,488.697139883,322.577135849,697.195421421,89237.886166154,21960.097717666,23864.544098978,43413.24434951,89237.886166154,1237.77194092,55173.04276313,548.965930397,86.33883295,32191.766698757,0,33588.023036072,33588.023036072,33541.63661864,24438.185983398,0,8494.190520404,609.260114838,65.554809147,-19.168391715,0,0,0,0,0,0,0,0,0,87171.375610769,10103.367889847,76712.467098124,0,310.898869483,44.641753315,87171.375610769,3985.463405062,29683.30152133,3019.050952189,46041.388074251,4442.171657937,10793.397261084,8834.045881483,157.333183634,1317.980389586,,1317.980389586,0,484.037806381,5811.686078906,4523.310334071,259.128930278,888.070985059,141.175829498,840.561444289,60.845921819,2.874652803,0,0,616.651775087,0,239.081362456,-11.009168587,-1.38706969,-0.964854553,-4.177210461,0,-2.245248941,-59.108715644,94.975111343,129.527222006,205.391860938,1.320410792,0,-22.467664145,-218.796718248,0,0,130.76895,132.63145,-1.8625,0,1751.95086409,1872.939586918,0,-162.234026511,0,41.245303683,0,210.997438677,157.003803154,83.521994999,0.002724964,0,0,83.202965035,0,-38.057490869,0,0,0,-74.676558606,2330.118602224,2.319426686,1550.209010147,1381.24054327,109.431859351,2.24764289,0,57.288964636,354.535082594,92.286802544,262.24828005,358.847047713,64.274805816,-0.066770732,0,0
15,2021,4565.00002,4565.00002,0,102050.733038455,22828.912786394,2327.239980365,17268.012857066,8072.388937232,9195.623919834,0,0,9440.80836935,7017.681723482,0,0,0,0,939.794836732,0,5200.487481312,877.399405438,6845.87635778,6845.87635778,0,0,0,0,9130.381959034,14556.254303636,6054.164780172,6581.399921176,102050.733038455,98364.606862235,2336.585998893,325.97316127,290.448984366,733.118031691,102050.733038455,24848.820191651,23358.567091763,53843.345755041,102050.733038455,921.945555317,62220.394336928,551.651754695,230.71448758,38126.026903935,0,40968.392205017,40968.392205017,40914.873991767,25766.658328877,0,13604.894216973,1543.321445917,65.554809147,-12.036595897,0,0,0,0,0,0,0,0,0,98804.612775544,14920.387866325,83181.526520755,0,565.733092452,136.965296012,98804.612775544,3483.172140363,36488.959217597,4852.715171151,50781.982337987,3197.783908446,11720.10126815,9665.515933612,88.669768484,1387.567770977,,1387.567770977,0,578.347795077,5954.516274613,4629.497793777,245.913643184,965.958104776,113.146732876,784.500726282,69.510723985,2.493849397,0,0,351.749752734,0,443.986022793,-10.943648218,-0.953026694,-0.979259164,-2.41875,0,-14.08077429,-53.864164261,99.732528303,217.844185844,199.757816307,0.330721426,0,-42.832765907,-275.365725765,-0.001703602,0,123.818226554,187.1349055,-63.316678946,0,1744.618886811,1834.520224933,0,-97.03313394,0,7.131795818,0,400.897681604,133.087089496,0.888813636,0,0,0,429.535839826,0,-0.677205507,0,0,0,-161.936855847,2402.923565171,2.521043925,1584.030955013,1410.204650164,113.784298441,0.426959674,0,59.615046734,374.599267142,97.024064734,277.575202408,371.503765301,70.934635791,-0.666102001,0,0
15,2022,142.8375,142.8375,,119802.569762625,26717.023325927,2138.5464771,16751.126325564,6158.529645742,10592.596679822,0,0,11921.364043605,9277.856286864,0,0,0,0,711.42870397,0,7622.417635892,944.009947002,8261.253579734,8261.253579734,0,0,0,0,13058.855033539,19104.610086186,1861.347068583,10710.587535523,119802.569762625,114097.472965814,3034.114928596,670.539465956,625.718716589,1374.72368567,119802.569762625,26277.220130612,22404.039156612,71121.310475401,119802.569762625,716.682310965,67695.927965795,2008.300492053,104.5065055,49276.945688312,0.2068,37333.104826049,37333.104826049,37301.811064784,20050.384534651,0,14262.304919754,2989.121610379,65.554809147,-34.261047882,,,,,,,,,,102203.189310223,10826,90831,0,313.047546474,232.057556135,102203.189310223,1839.720483137,25718.252260652,9801.909857288,62173.391453488,2669.915255658,14067.732085064,11844.124962969,418.826269921,1335.93745788,0,1335.93745788,0,468.843394294,7120.149043887,5387.07277364,397.252117334,1162.321877858,173.502275055,1014.174306465,70.000476772,4.17311212,0,0,432.510995595,0,617.895825001,-11.12507489,-2.314195505,-0.937931202,0,0,-24.357686364,-71.671215062,145.113883664,360.041202217,440.233831434,0.171316336,0,-208.999621636,-446.287949285,-0.044895402,0,-77.26501775,49.32635225,-126.59137,0,-140.196342607,190.259400906,0,-308.231291528,0,-22.224451985,0,644.161627316,351.078636811,0.232775204,0.232775204,0,0,432.117668544,0,-0.595784581,0,0,0,-138.904443866,3076.802357805,5.417610744,2030.006109354,1819.400972627,133.364781365,0.834267462,0,76.4060879,411.791512218,98.438354804,313.353157414,552.496210602,77.090914887,0,0,0
15,2023,,,,147206.466215571,33499.204836459,2472.096207549,18647.002079641,5913.009935955,12733.992143686,0,0,9363.793514185,8850.4824167,0,0,0,0,560.882454002,0,6999.9567564,1289.643206298,8846.534398858,8846.534398858,0,0,0,0,12532.556029515,16722.57201745,912.176268705,35360.048446509,147206.466215571,137184.721927528,3138.545588757,967.259763141,1255.63881917,4660.300116975,147206.466215571,38033.766274271,28064.635883567,81108.064057733,147206.466215571,463.495698638,90531.169704276,1754.825566491,94.645741098,54362.329505068,0,40291.755021791,40291.755021791,40265.842911369,23171.492258634,0,13938.53010301,3155.820549725,65.554809147,-39.642698725,,,,,,,,,,125945.932418559,15029.688541614,42266.684275056,68304.48875716,308.794452844,36.276391885,125945.932418559,2133.792134453,33409.026312307,10522.114401701,76763.595304632,3117.404265466,18126.740691299,15213.404380869,591.907050032,1905.76076477,0,1905.76076477,0,415.668495628,11361.222432425,8315.620304956,489.525234668,2368.162591912,187.914300889,882.062943945,59.217979068,1.672052424,0,0,197.182841756,0,739.430818992,-12.24943956,-0.997012664,-0.924118037,0,0,-3.124292713,-98.145885321,389.064968099,136.045782571,714.231353738,0.716786432,0,-6.658543081,-455.270411561,0,0,1.4963475,1.4963475,0,0,646.561649571,731.155077296,0,-79.211776882,0,-5.381650843,0,253.422391053,86.690315928,0.311713634,0,0,0,1412.973095467,0,-1.196848633,0,0,0,-1245.355885343,3171.42503856,3.384466924,1939.838578351,1701.608988298,153.085837915,4.945886707,0,80.197865431,496.478499699,103.741071791,392.737427908,633.346741724,98.376751862,0,0,0
15,2024,,,,170844.469638663,40809.797227319,4214.788033892,21401.253146546,9430.489967418,11970.763179128,0,0,6521.603613929,8302.025761512,0,0,0,0,523.463806362,0,6364.752796998,1413.809158152,13541.295798436,13541.295798436,0,0,0,0,28851.442834099,17402.254475969,435.927395983,29364.081350978,170844.469638663,161502.376407449,3933.969784987,1075.77680531,1710.943603143,2621.403037774,170844.469638663,49564.199330061,34385.606526892,86894.66378171,170844.469638663,326.116983634,110986.667867195,1496.462341275,121.482008412,57913.740438147,0,52589.033787156,52589.033787156,52570.05571831,19132.716627953,0,29050.157917998,4387.181172359,65.554809147,-46.576740301,,,,,,,,,,142459.763487912,20520.449982806,40144.91162652,81103.678377792,414.488189426,276.235311368,142459.763487912,2073.746792397,38487.393896214,8029.101082926,90599.696796955,3269.82491942,17954.213013236,14660.428140607,1166.102458984,1553.849222694,0,1553.849222694,0,573.833190951,9347.544341743,6788.976901608,415.233839435,2102.810498978,40.523101722,930.981459789,69.975062323,1.429274311,0,0,193.826733064,0,808.233648384,-16.300772986,-1.104051718,-1.991694822,0,0,-2.098543589,-120.988195178,310.954000786,282.756681069,564.703623624,0.548129618,0,-4.9558737,-532.092581539,-0.005978286,0,2.25003,2.25003,0,0,-188.421795033,129.460854582,0,-310.948608039,0,-6.934041576,0,406.650545083,211.356985356,45.664732665,0,0,0,764.949028484,0,-12.722531785,0,0,0,-602.597669637,3803.760652156,3.925714188,2261.241024089,1992.858256291,181.066395543,0.932763041,0,86.383609214,593.65610041,211.239994481,382.416105929,823.085967928,121.851845541,0,0,0
16,2015,0,0,0,79676.162,0,1578.507,8313.716,2421.711,4480.821,101.202,1309.982,19426.457,23770.719,3092.202,0,10.97,168.279,68.689,9.169,20292.955,128.455,1044.085,945.514,98.571,111.419,23.985,87.434,9009.211,0,373.155,16048.893,56164.794,55045.532,576.589,108.688,45.832,388.153,56164.794,13311.72,26519.807,16333.267,56164.794,6571.177,33098.04,22.732,358.612,16110.014,4.219,32159.897,29789.817,28955.122,16816.526,0,3006.634,5189.844,872.042,-37.347,2370.08,2680.135,0,0,0,0,2680.135,-310.055,-310.055,110984.894,45745.23,65002.138,0,164.869,72.657,110984.894,0,68060.185,0,42924.709,0,6968.76,4360.214,430.296,2126.617,0,2126.617,0,51.633,4348.857,3943.201,115.232,7.304,283.12,6.045,37.213,0,0,5.887,0,0,35.443,-30.508,0,0,0,0,0,-41.99,-10.469,113.008,166.176,0,0,-107.687,-181.966,0,0,0,0,0,0,10.959,6.863,0,-4.336,0,8.432,0,-138.491,0,0.458,0,0,0,16.299,0,0,0,0,-62.17,-93.078,1563.456,55.792,679.507,555.487,70.129,0.887,0,53.004,414.902,145.254,269.648,365.924,44.901,0,0,2.43
16,2016,0,0,0,79676.162,7764.46,2564.1,11046.969,4666.27,5027.774,153.926,1198.999,23554.905,20678.56,0,0.043,10.97,168.279,68.689,9.169,20292.955,128.455,1481.181,1412.788,68.393,111.419,23.985,87.434,9009.211,3092.202,373.155,0,79676.162,77802.729,985.89,160.52,109.998,617.025,79676.162,20909.75,42115.885,16650.527,79676.162,340.706,52572.305,16.348,385.008,26357.639,4.156,33246.425,32230.114,31624.67,15426.872,0,13703.798,2494,872.042,-266.598,1016.311,1553.047,0,0,0,0,1553.047,-536.736,-536.736,110984.894,45745.23,65002.138,0,164.869,72.657,110984.894,0,0,0,42924.709,68060.185,8907.851,6342.591,254.385,2264.574,2264.574,0,0,46.301,4884.081,4158.817,169.834,202.322,353.108,76.064999999,48.837,0,0,20.156,0,0,95.183999999,-46.697,0,0,0,0,0,-41.415,137.810999999,201.908,252.182,0,0,-61.925,-254.354000001,0,0,0,0,0,0,-222.44,33.73,0,-13.877,0,-242.293,0,-143.237,0,0.553,0,0,0,4.812,0,0,0,0,-126.478,-22.124,2031.488,67.79,1023.221,869.775,79.247,0.748,0,73.451,454.633,163.029,291.604,429.634,52.997,0,0,3.213
16,2017,0,0,0,100621.236,0,3703.349,12187.907,4840.41,5848.497,195.979,1303.021,26525.023,30730.439,0,0,206.706,921.293,137.664,6.027,29458.749,0,2895.715,2859.236,36.479,621.451,323.376,298.075,11703.282,0,969.468,11284.602,100621.236,97662.286,1885.061,189.204,154.283,730.402,100621.236,26585.887,51384.071,22651.278,100621.236,8202.562,54172.034,11.888,173.855,38048.342,12.555,31863.91,30896.172,30062.218,15834.836,0,11727.432,2499.95,872.042,-38.088,967.738,1715.663,0,0,0,0,1715.663,-747.925,-747.925,128275.377,36412.964,91554.384,0,266.461,41.568,128275.377,0,0,0,59528.778,68746.599,11509.779,9119.891,108.963,2236.356,0,2236.356,0,44.569,6282.936,5119.84,237.743,442.32,483.033,64.88,0,68.13,0,34.674,0,0,87.28,0,-69.25,0,0,0,0,-55.954,5.659,76.866,173.621,0,0,-30.341,-214.487,0,0,0,0,0,0,370.117,153.952,0,-9.533,0,225.698,0,-578.634,0,8.188,0,0,0,24.981,0,0,0,0,-483.636,-128.167,2813.096,75.391,1506.146,1285.366,106.436,0.308,0,114.036,565.216,194.299,370.917,593.638,67.758,0,0,4.947
16,2018,0,0,0,119193.424,0,4499.177,14156.994,6918.55,5980.515,168.792,1089.137,28303.886,39844.301,0,0,329.172,2716.075,166.765,2.476,36419.69,210.123,3457.826,2939.413,518.413,1007.852,683.117,324.735,13051.904,0,0,14871.484,119193.424,116079.083,1433.886,501.728,233.61,945.117,119193.424,36078.919,56910.191,26204.314,119193.424,7877.057,61962.01,28.885,133.704,49158.529,33.239,35665.848,35128.089,34749.258,17656.721,0,15314.188,1778.349,431.113,-52.282,537.759,1175.212,0,0,0,0,1175.212,-637.453,-637.453,124948.075,22719.344,101937.653,0,274.919,16.159,124948.075,28658.457,21.926,280.685,76030.818,19956.189,13856.32,11480.033,128.767,2193.191,0,2193.191,0,54.329,8840.534,7291.472,185.664,653.689,709.709,152.825,0,113.267,0,86.151,0,0,131.74,0,-97.381,0,0,0,0,-80.952,6.914,151.72,143.551,0,0,-3.322,-285.035,0,0,0,0,0,0,-4.683,81.594,0,-66.368,0,-19.909,0,-291.397,0,5.882,0,0,0,52.318,0,0,0,0,-321.69,-27.907,3048.068,92.731,1620.343,1331.332,138.442,0.486,0,150.083,662.755,235.196,427.559,487.796,109.73,0,0,74.713
16,2019,0,0,0,140522.626,0,5995.308,13968.976,7790.904,5165.018,267.189,745.865,25363.537,54871.699,0,0,418.186,8362.743,4695.967,2622.957,38573.361,198.485,4976.678,3755.422,1221.256,2479.954,1265.225,1214.729,7986.088,0,0,24880.386,140522.626,136969.744,1522.545,279.874,324.179,1426.284,140522.626,43149.269,65687.71,31685.647,140522.626,7011.535,77640.34,11.69,122.932,55702.863,33.266,34796.118,34611.957,34351.206,20157.9,0,13833.311,359.995,431.113,-170.362,184.161,359.343,0,0,0,0,359.343,-175.182,-175.182,136847.259,19684.437,116936.659,0,184.349,41.814,136847.259,31832.468,27.495,574.48,86180.767,18232.049,16259.848,13816.657,169.516,2224.569,0,2224.569,0,49.106,10198.972,7680.265,321.37,1392.564,804.773,393.411,0,165.538,0,272.983,0,0,153.962,0,-122.142,0,0,0,0,-76.93,63.982,99.44,303.712,0,0,-42.276,-296.894,0,0,4.07,4.07,0,0,-53.806,23.797,0,-3.915,0,-73.688,0,37.787,0,12.035,0,0,0,78.876,0,0,0,0,0,-53.124,4032.18,94.536,1864.881,1556.561,158.303,0.569,0,149.448,726.329,239.834,486.495,1144.726,126.409,0,0,75.299
16,2020,279,0,0,176621.536,0,9208.73,19738.414,13874.231,4893.446,574.28,396.457,24320.61,65495.23,0,0,585.854,9292.412,4743.932,2801.154,47653.037,418.841,4760.346,3550.012,1210.334,15090.848,5166.342,9924.506,3495.247,0,0,34512.111,176621.536,172777.892,1316.295,404.729,356.353,1766.267,176621.536,56199.575,81581.195,38840.766,176621.536,6278.928,93880.756,0,131.234,76279.13,51.488,33360.012,33360.012,32943.215,23508.65,2656,6376,402.612,431.113,-14.316,0,0,0,0,0,0,0,0,0,174525.987,25281.802,148969.339,0,252.861,21.985,174525.987,43970.163,7.426,1110.799,106265.748,23171.851,17869.155,15724.389,75.214,2036.835,0,2036.835,0,32.717,11148.984,8187.26,135.83,1961.186,864.708,626.801,0,201.901,0,458.029,0,0,199.893,0,-138.509,0,0,0,0,-94.513,62.043,69.094,340.052,0,0,-67.331,-279.772,0,0,33.65,33.65,0,0,137.734,62.901,0,-26.538,0,101.371,0,190.412,135.023,9.606,0,0,0,112.459,0,0,0,0,0,-66.676,4645.147,103.59,2239.354,1892.102,186.579,0.517,0,160.156,810.693,257.567,553.126,1268.976,145.93,0,0,76.604
16,2021,232.521,0,0,208954.136,0,13470.163,25884.095,16862.684,4535.069,3685.765,800.577,22122.535,68394.834,0,0,410.519,7921.959,6742.539,1562.237,51256.686,500.894,6440.891,5423.936,1016.955,9081.251,3300.602,5780.649,1018.201,0,0,62542.166,208954.136,204089.692,2000.99,460.296,1069.63,1333.528,208954.136,70667.278,92483.21,45803.648,208954.136,5092.309,106559.826,0,124.109,97147.593,30.299,38689.486,38689.486,38275.693,25003.99,0,13196.903,74.8,431.113,-17.319,0,0,0,0,0,0,0,0,0,180273.213,17843.308,162156.84,0,263.984,9.081,180276.346,48282.184,17.391,973.892,115085.412,15917.467,20925.551,19093.098,106.258,1694.722,0,1694.722,0,31.473,11908.392,8985.045,101.041,1945.335,876.971,857.882,0,207.883,0,660.064,0,0,245.949,0,-160.784,0,0,0,0,-95.23,138.787,512.956,350.58,0,0,-63.702,-661.047,0,0,4.543,4.625,-0.082,0,-1.384,34.404,0,-30.367,0,-5.421,0,33.702,162.114,12.768,0,0,0,24.151,0,0,0,0,0,-165.331,5090.421,108.199,2737.169,2345.285,205.835,0.782,0,185.267,855.389,273.136,582.253,1179.131,170.195,0,0,40.338
16,2022,566.28,0,,235506.871,0,18225.025,20981,16893.51,3707.662,178.952,200.876,44511.469,71719.988,0,0,376.457,14998.363,1585.087,12.971,54006.469,740.641,1742.802,1672.054,70.748,2477.942,1695.501,782.441,3911.365,15287.303,290.832,56359.145,235506.871,228513.627,3566.426,1069.695,1004.566,1352.557,235506.871,88471.294,100339.749,46695.828,235506.871,3692.104,114770.55,0,75.614,116942.677,25.926,42007.29,42007.29,42007.289,27915.448,0,14091.841,0,,,,,,,,,,,,215888.025,18760.984,196966.597,0,139.663,20.781,215888.025,53622.557,23.106,4013.522,139353.905,18874.935,25225.644,22696.143,583.502,1868.956,0,1868.956,0,77.043,13325.675,10242.271,356.843,1903.706,822.855,1661.862,216.823,0,0,1623.724,0,0,255.965,-190.804,0,0,0,0,0,-243.846,10.463,448.513,1222.39,0,0,-475.913,-1184.527,0,0,-2.769,0,-2.769,0,345.762,343.379,0,-14.302,0,16.685,0,201.147,298.26,8.816,0,0,0,27.251,0,0,0,0,0,-133.18,5306.893,118.935,3038.695,2563.451,237.687,1.183,0,236.374,884.358,282.836,601.522,1072.013,181.642,2.166,0,9.084
16,2023,580.44,0,0,275430.884,0,21381.814,32762.956,23272.541,9280.687,101.788,107.94,40917.258,73282.213,0,0,267.549,23386.552,1157.097,0,47821.301,649.714,9347.575,1539.252,7808.323,279.179,67.805,211.374,13982.476,23618.699,286.343,59572.371,275430.884,268630.841,3111.392,812.753,1706.597,1169.301,275430.884,114751.09,117315.182,43364.612,275430.884,3615.55,156541.575,0,40.03,115176.261,57.468,46844.368,46844.368,46844.367,27708.77,0,19135.597,,,,,,,,,,,,,237391.609,22919.137,214351.072,0,117.514,3.886,237391.609,46149.076,17.244,221.379,174069.549,16934.361,32353.651,28449.092,1121.923,2254.66,0,2254.66,0,527.976,21150.522,16700.017,178.172,3064.227,1208.106,3565.627,182.265,32.528,0,2689.397,0,0,1001.799,-181.982,-0.855,0,0,0,0,-157.525,435.098,363.617,1613.915,0,0,-83.867,-1458.567,0,0,30.208,30.208,0,0,-5.254,1.464,0,-6.718,0,0,0,347.152,376.721,16.163,0,0,0,97.64,-63.874,0,0,0,0,-79.498,5759.872,156.982,3233.81,2793.324,271.746,3.868,0,164.872,1023.185,253.705,769.48,1097.649,236.979,0.351,0,10.916
16,2024,,,,331606.315,0,26522.985,43940.044,30163.735,13457.532,209.745,109.032,31582.281,76975.774,0,0,186.24,20109.512,466.779,0,55515.387,697.856,11771.602,4275.751,7495.851,223.407,39.47,183.937,10136.979,30837.424,652.977,98962.842,331606.315,323148.343,3259.329,855.049,1921.132,2422.462,331606.315,163195.414,120168.087,48242.814,331606.315,3373.718,187969.414,0.429,54.047,140188.718,19.989,58080.339,58080.339,58080.339,34258.078,0,23720.261,0,,,,,,,,,,,,283171.846,27721.935,255345.415,0,103.291,1.205,283171.846,47589.28,24.753,865.881,203367.205,31324.727,34137.034,29348.182,1855.404,2272.537,0,2272.537,0,660.911,18743.291,14949.435,181.01,2884.485,728.361,3210.999,173.346,37.941,0,565.37,0,0,2817.477,-181.576,-5.418,0,0,0,0,-196.141,273.305,526.341,1127.606,0,0,-278.192,-1102.45,0,0,43.021,43.021,0,0,-1.462,0.049,0,-1.511,0,0,0,937.807,945.522,118.655,0,0,0,182.096,-155.694,0,0,0,0,-152.772,5810.443,128.709,3150.672,2728.178,265.565,4.104,0,152.825,1173.005,224.79,948.215,1054.423,281.854,0.038,0,21.742
17,2015,0,0,0,42805.631,9315.656,1228.6,5973.982,3592.247,1005.574,32.774,1343.387,3166.33,13019.083,0,0,249.946,1274.912,593.803,94.825,6870.109,3935.488,2080.362,1957.236,123.126,1368.736,215.315,1153.421,3807.86,2631.86,213.162,0,42805.631,42006.501,187.692,438.473,29.83,143.135,42804.631,7193.69,20715.521,14895.42,42805.631,3486.255,27175.678,696.925,1267.301,9969.514,209.958,17525.52,11978.691,12002.991,4993.762,0,3517.303,3491.926,0,-24.3,5546.829,5659.934,0,0,0,319.364,5340.57,-113.105,-113.105,57018.437,6236.356,50600.617,0,157.806,23.658,57018.437,18033.602,478.973,622.463,33606.26,4277.139,4337.09,3074.575,172.424,998.762,0,998.762,0,91.329,3190.529,2634.825,295.911,244.5,15.293,40.503,35.133,2.635,0,0.009,0,0,63.486,-5.203,-4.627,0,0,0,0,-50.93,-22.678,44.82,4.19,0.011,0,-5.651,-65.843,-0.205,0,0.000163689,1.5063e-05,0.000148626,0,3.52,9.364,1.497,-7.341,0,0,0,0,0,0,0,0,0,0,0,0,0,0,0,0,967.923,26.841,373.381,326.749,24.843,0.325,0,21.464,246.791,45.724,201.067,163.689,29.24,0,0,127.981
17,2016,0,0,0,58988.895,12487.074,1238.341,10371.305,7444.362,1527.707,25.032,1374.204,3170.979,18301.647,0,0,270.779,4870.98,600.512,126.354,7447.422,4985.6,2223.753,2092.807,130.946,2624.489,239.146,2385.343,3778.208,4558.072,235.027,0,58988.895,57827.452,156.742,739.728,21.93,243.043,58988.895,10235.116,28384.397,20369.382,58988.895,4300.594,38452.647,1928.956,2374.947,11754.92,176.831,19731.935,15429.575,15446.564,8576.889,5519.675,1350,0,0,-16.989,4302.36,4897.11,0,0,0,319.364,4577.746,-594.75,-594.75,72130.806,6875.576,65100.639,0,79.491,75.1,72130.806,12789.146,340.168,1614.965,49183.49,8203.037,6149.615,4989.712,76.245,1023.753,0,1023.753,0,59.905,4306.583,3856.682,193.823,244.5,11.578,44.195,38.195,3.183,0,0,0,0,108.273,-9.194,-7.285,0,0,0,0,-88.977,-15.548,53.472,20.082,0.205,0,-39.124,-50.18,-0.003,0,0,0,0,0,36.589,46.867,0,-10.278,0,0,0,0,0,0,0,0,0,0,0,0,0,0,0,0,1119.317,18.521,436.915,384.684,26.558,0.358,0,25.315,284.106,50.509,233.597,169.931,55.449,0,0,154.395
17,2017,4460.342,4460.342,0,70525.51,10813.668,871.305,13046.035,7775.449,3469.337,13.506,1787.743,1562.693,24555.099,0,0,166.775,7419.081,562.411,75.996,10069.025,6261.811,2897.233,2827.899,69.334,4545.949,143.996,4401.953,5280.32,6815.451,137.757,0,70525.51,69807.692,123.079,203.597,116.282,274.86,70525.51,13898.736,30951.57,25675.204,70525.51,5507.532,47133.261,2927.944,1055.51,13764.053,137.21,22060.211,18227.918,18248.264,9340.171,0,5895.438,3012.655,0,-20.346,3832.293,4876.43,0,0,0,319.364,4557.066,-1044.137,-1044.137,80039.516,5810.77,74086.309,0,89.518,52.919,80039.516,12369.717,125.229,903.893,55931.669,10709.008,7371.235,5797.143,162.005,1323.889,0,1323.889,0,88.198,5398.816,4785.366,351.615,245.072,16.763,65.478,46.722,5.2,0,0,0,12.197,148.59,-13.633,-10.337,0,0,0,0,-123.261,7.57,152.61,237.7,0.285,0,-42.912,-339.895,-0.218,0,0,0,0,0,89.671,105.55,0,-12.523,0,-3.356,0,0,0,0,0,0,0,0,0,0,0,0,0,0,1268.553,21.966,547.997,506.32,34.648,0.489,0,6.54,311.47,57.046,254.424,158.746,72.394,2.768,0,153.212
17,2018,7221.868,7100.889,204.732,83910.159,16704.918,880.83,11086.873,7287.551,2317.98,2.088,1479.254,2304.334,30988.851,0,0,278.834,8851.162,414.97,7.356,15315.267,6121.262,2116.189,2007.518,108.671,4334.023,15.702,4318.321,5521.582,9672.004,300.555,0,83910.159,82497.315,147.091,355.356,537.625,372.772,83910.159,22718.658,35960.192,25231.309,84987.483,3792.916,61331.169,473.775,951.124,17899.837,538.662,20533.761,17826.583,17751.132,8084.233,0,5985.812,3681.087,88.373,-12.922,2707.178,3858.617,0,0,0,3858.617,0,-1151.439,0,84344.557,5696.931,78467.396,0,114.383,65.847,84344.557,12292.597,199.192,1413.889,59292.734,11146.145,8659.444,6855.331,97.755,1604.471,0,1604.471,0,101.887,6322.331,5415.133,357.99,481.932,67.276,185.851,67.105,19.584,0,0,0,83.08,131.255,-22.509,-13.188,0,0,0,0,-79.476,32.258,240.472,205.024,0.159,0,-5.207,-408.13,-0.06,0,49.672,84.869,-19.5,-15.697,184.706,286.712,0,-112.399,0,10.393,0,0,0,0,0,0,0,0,0,0,0,0,0,0,1632.86,26.798,791.029,743.01,41.277,0.697,0,6.045,334.558,59.074,275.484,375.005,84.134,3.535,0,17.801
17,2019,1262.704,1202.578,108.118,98613.839,24032.883,807.417,11095.47,7285.743,2341.238,0,1468.489,3959.003,31457.399,0,0,231.136,5063.3,0,0,16336.452,9826.511,4698.381,2991.103,1707.278,7362.971,3.359,7359.612,4851.996,9842.996,505.323,0,98613.839,96194.585,139.245,417.278,757.451,1105.28,98613.839,41016.971,30194.592,27402.276,98613.839,2645.596,72332.453,476.93,232.212,22886.783,39.865,20620.978,20334.918,20283.488,20283.488,0,0,0,84.733,-33.303,286.06,319.364,0,0,0,319.364,0,-33.304,0,95727.318,9774.501,83812.747,0,221.55,1918.52,95727.318,13285.409,552.284,683.655,65174.74,16031.23,10208.207,8439.055,129.873,1523.898,0,1523.898,0,115.381,7313.638,5807.484,492.12,940.21,73.824,335.486,151.254,5.611,0,0,235.576,0,130.789,-53.943,-13.703,0,0,0,0,-120.098,10.301,439.421,444.802,0.4,0,-10.503,-863.762,-0.057,0,171.124,210.998,-75.635,35.761,235.002,270.558,0,-15.174,0,-20.382,0,1533.706,0,0,0,0,144.916,1532.015,0,0,0,-112.098,0,-31.127,1988.35,28.475,1034.888,963.069,49.233,2.218,0,20.368,340.504,58.167,282.337,301.885,92.653,0,0,189.945
17,2020,2693.849,2683.659,22.261,108869.236,20055.213,386.188,9466.74,7679.934,1173.278,0,613.528,4893.402,42616.754,0,0,105.861,6586.426,0,0,19676.065,16248.402,7090.675,3594.541,3496.134,8587.202,10.157,8577.045,5875.123,9452.275,445.664,0,108869.236,106733.552,114.723,305.721,380.456,1334.784,108869.236,53146.83,30973.169,24749.237,108869.236,2026.03,82696.546,443.275,163.308,23366.417,173.66,32180.304,31863.335,31818.476,20800.896,0,5985.578,5032.002,82.661,-37.802,316.969,319.364,0,0,0,319.364,0,-2.395,0,113276.597,11094.48,101535.148,0,287.895,359.074,113276.597,15571.26,282.401,290.024,74574.823,22558.089,10695.78,8940.567,129.953,1484.305,0,1484.305,0,140.955,7634.064,6478.058,113.501,965.548,76.957,356.198,149.658,8.123,0,0,135.267,0,229.631,-55.884,-17.364,0,0,0,0,-93.233,74.729,692.217,534.132,0.632,0,-6.828,-1145.424,0,0,166.774,198.846,-67.993,35.921,171.671,255.836,0,-77.272,0,-6.893,0,748.293,0,0,0,0,267.81,884.588,0,0,0,-191.832,0,-212.273,2177.375,24.061,1177.906,1096.557,55.773,0.293,0,25.283,353.709,67.355,286.354,327.22,107.923,0,0,186.556
17,2021,13082.63,13094.009,0,127588.159,21195.602,186.674,10603.723,7857.069,1563.952,0,1182.702,4597.966,52659.911,0,0,119.426,7585.494,0,0,29234.563,15720.428,11236.149,8615.412,2620.737,7994.75,4.19,7990.56,5845.064,10969.642,2298.678,0,127588.159,125274.231,209.319,345.515,331.68,1427.414,127588.159,72328.675,27424.345,27835.139,127588.159,4553.227,93142.603,437.743,191.559,29234.563,28.464,16819.782,16158.955,16117.832,6705.572,0,3954.856,5457.404,82.054,-40.931,660.827,663.222,0,0,0,663.222,0,-2.395,0,109784.637,8500.025,100050.199,0,883.787,350.626,109784.637,15311.521,391.654,955.081,66614.614,26511.767,11804.488,9720.976,165.613,1751.934,0,1751.934,0,165.965,6618.395,5820.082,153.714,538.819,105.78,1145.887,184.938,5.411,0,0,249.392,0,1079.378,-59.645,-18.29,0,0,0,0,-295.297,148.886,1182.391,486.641,2.606,0,-77.748,-1444.547,-0.457,0,58.462,378.64,-320.869,0.691,306.197,400.539,0,-91.213,0,-3.129,0,180.514,0,0,0,0,294.62,142.934,0,0,0,-197.763,0,-59.277,2529.414,78.802,1316.617,1232.748,61.287,0.486,0,22.096,413.182,74.921,338.261,409.085,112.083,0,0,199.645
17,2022,3987.085,3987.085,,153955.992,22605.524,141.735,14000.912,11390,1326.144,0,1284.768,6340.235,64212.31,0,0,104.328,9874.313,0,0,37065.184,17168.485,14169.501,9871.501,4298,9809,0,9809,7332.956,12035.54,3308.279,0,153955.992,150926.694,569.193,453.553,219.567,1786.985,153955.992,75809.545,45686.603,32459.844,153955.992,4344.697,111820.525,493.395,183.942,37065.183,48.25,8646.945,7949.429,7869.25,3168.253,0,4450.997,250,82.054,-1.875,697.516,715.458,0,0,0,715.458,,-17.942,,115547.271,10755.314,103955.144,0,426.301,410.512,115547.271,21853.799,344.397,783.568,70742.334,21823.173,15149.8,13426.778,760.564,746.306,0,746.306,0,216.152,8143.873,6494.356,556.747,972.85,119.92,1367.317,325.607,6.971,0,0,533.564,0,776.556,-83.524,-21.384,0,0,0,0,-170.473,223.886,1399.358,950.759,4.774,0,-38.655,-2087.171,-5.179,0,228.111,371.161,-154.429,11.379,621.173,813.819,0,-216.155,0,23.509,0,192.896,0,0,0,0,295.649,119.867,0,0,0,-201.012,0,-21.608,3403.523,36.804,1800.099,1661.091,90.619,0.166,0,48.223,568.183,93.021,475.162,643.637,100.038,0,0,254.762
17,2023,8353.236,8353.236,,179751.893,27394.555,348.709,18194.134,15341.45,1594.262,0,1258.422,7461.319,72624.578,0,0,81.756,14454.873,5736.5,0,36857.784,15493.665,18100.261,12859.261,5241,10748.3,1.3,10747,8886.123,12507.611,3486.303,0,179751.893,174248.56,2020.336,383.457,864.311,2235.229,179751.893,63303.785,88769.906,27678.202,179751.893,4851.083,137500.197,400.056,135.313,36857.784,7.46,14286.766,14033.67,13953.491,10764.582,0,2938.909,250,82.054,-1.875,253.096,350.458,0,0,0,350.458,,-97.362,,144840.006,15794.593,128138.764,0,495.975,410.674,144840.006,19285.771,116.808,678.669,89077.488,35681.27,19718.49,17336.233,1376.487,754.167,0,754.167,0,251.603,12647.771,9770.507,1558.062,1214.618,104.584,1307.857,1014.792,3.718,0,0,173.661,0,338.82,-89.796,-19.372,0,0,0,0,-113.966,602.47,1438.78,1395.077,2.337,0,-51.608,-2182.111,-0.005,0,109.18,580.265,-471.085,0,128.66,364.808,0,-156.728,0,-79.42,0,190.721,0,0,0,0,234.65,97.695,0,0,0,-128.654,0,-12.97,3607.148,41.292,1856.595,1715.013,112.363,0.177,0,29.042,671.177,126.456,544.721,653.26,117.411,0,0,267.413
17,2024,8866.716,8868.966,,209354.643,33489.746,200.642,20618.57,17705.332,1563.68,0,1349.558,10463.95,81181.204,0,0,83.628,15489.724,8017.345,0,45013.587,12576.92,19305.518,13593.541,5711.977,12028.991,2.083,12026.908,9949.817,14386.765,7729.44,0,209354.643,204036.375,1358.912,202.862,695.091,3061.403,209354.643,104496.969,73586.267,31271.407,209354.643,4072.447,159634.535,533.608,69.759,45013.591,30.703,19632.455,17555.894,17473.84,10340,0,3283.476,3850.364,82.054,,2076.561,2427.019,2000,0,0,427.019,,-350.458,,168320.164,31560.724,135664.655,0,714.913,379.872,168320.164,19856.042,88.428,1038.783,92768.783,54568.128,20716.605,18031.205,1678.542,729.057,0,729.057,0,277.801,10750.195,7884.456,1596.459,939.258,330.022,1111.695,496.228,3.608,0,0,235.083,0,614.364,-106.004,-18.295,0,0,0,0,-113.289,570.581,781.86,776.351,1.533,0,-39.027,-950.082,-0.054,0,-172.141,1242.784,-1412.675,-2.25,321.407,1000.236,0,-427.608,0,-251.221,0,609.602,592.417,0,0,0,164.141,46.008,0,0,0,-172.56,0,-20.404,4130.218,108.046,2113.46,1954.954,120.948,0.379,0,37.179,774.028,139.134,634.894,705.592,135.804,-0.903,0,294.191
18,2015,,,,,,,,,,,,,,,,,,,,,,,,,,,,,,,,,,,,,,,,,,,,,,,,,,,,,,,,,,,,,,,,,,,,,,,,,,,,,,,,,,,,,,,,,,,,,,,,,,,,,,,,,,,,,,,,,,,,,,,,,,,,,,,,,,,,,,,,,,,,,,,,,,,,,,,,,,,
18,2016,,,,,,,,,,,,,,,,,,,,,,,,,,,,,,,,,,,,,,,,,,,,,,,,,,,,,,,,,,,,,,,,,,,,,,,,,,,,,,,,,,,,,,,,,,,,,,,,,,,,,,,,,,,,,,,,,,,,,,,,,,,,,,,,,,,,,,,,,,,,,,,,,,,,,,,,,,,
18,2017,,,,,,,,,,,,,,,,,,,,,,,,,,,,,,,,,,,,,,,,,,,,,,,,,,,,,,,,,,,,,,,,,,,,,,,,,,,,,,,,,,,,,,,,,,,,,,,,,,,,,,,,,,,,,,,,,,,,,,,,,,,,,,,,,,,,,,,,,,,,,,,,,,,,,,,,,,,
18,2018,,,,77185.148,4461.678,3299.326,10805.782,6521.571,2936.017,320.971,1027.223,4866.845,42528.477,0,0,111.149,395.002,295.579,0,38990.527,2736.22,5776.86,3539.708,2237.152,261.237,221.729,39.508,4715.957,468.986,0,0,77185.148,74732.049,1591.765,295.942,242.441,322.951,77185.148,17367.653,24545.522,35271.973,77185.148,2780.78,34861.727,41.533,314.284,38990.04,196.784,24899.523,24461.684,24326.174,13120.203,0,6136.615,5069.356,315.169,-179.659,437.839,801.215,0,0,0,44.7,756.515,-363.376,-363.041,76138.062,13825.712,61575.281,0,704.349,32.72,76138.062,2078.843,14.778,2133.36,40705.911,31205.17,9373.839,6449.812,327.83,2032.818,0,2032.818,0,563.379,4996.062,3987.784,453.756,351.672,202.85,676.185,268.234,5.289,0,0,371.708,0,219.48,-131.499,-18.185,-26.144,-1.388,0,0,-11.31,81.31,213.573,489.07,0,0,-119.569,-501.764,0,0,0,0,0,0,351.959,418.482,0,-21.913,0,-44.61,0,139.569,30.974,0.297,0,0,0,117.999,0,-0.828,0,0,0,-8.873,2846.688,0.652,1509.599,1384.634,68.642,9.848,0,46.475,352.708,88.818,263.89,909.609,52.745,21.375,0,0
18,2019,,,,95643.7,5660.944,4500.14,13114.592,7605.312,3853.95,384.71,1270.62,6908.052,54260.097,0,0,128.553,414.821,373.852,0,51627.588,1715.283,6306.356,3976.252,2330.104,287.731,219.823,67.908,4220.688,385.1,0,0,95643.7,92479.838,1928.827,480.956,305.467,448.612,95643.7,24089.782,26198.123,45355.795,95643.7,3015.68,40739.082,0.733,171.782,51568.181,148.242,26075.064,26030.699,25823.935,5608.261,0,15434.453,4781.221,315.169,-108.405,44.365,44.7,0,0,0,44.7,0,-0.335,0,92439.495,14340.219,77168.735,0,927.646,2.895,92439.495,2366.172,16.263,2069.646,47874.5,40112.914,11850.763,8916.46,325.887,1781.69,0,1781.69,0,826.726,6217.441,4590.451,606.327,634.24,386.423,1173.945,420.202,4.387,0,0,688.175,0,354.282,-207.989,-24.635,-46.967,-12.949,0,0,-0.561,43.861,474.283,585.113,0,0,-378.32,-637.215,0,0,0,0,0,0,910.692,904.842,0,-65.404,0,71.254,0,707.643,62.069,0.265,0,0,0,964.671,0,0,0,0,0,-319.362,3303.325,0.388,1816.921,1642.402,85.03,10.074,0,79.415,480.184,147.218,332.966,930.279,60.245,15.308,0,0
18,2020,,,,119990.991,7256.439,6518.128,18043.043,11264.294,4994.533,362.683,1421.533,7502.514,64176.606,0,0,96.805,306.319,336.268,0,59840.06,3597.154,7742.008,5601.945,2140.063,203.026,128.812,74.214,8112.076,437.151,0,0,119990.991,116947.32,1623.222,661.225,330.799,428.425,119990.991,35328.32,29601.337,55061.334,119990.991,3618.069,55963.501,410.777,128.75,59869.894,0,48095.142,48050.777,48107.236,20673.971,0,16172.639,11260.626,90.1,-146.559,44.365,44.7,0,0,0,44.7,0,-0.335,0,115903.526,21201.387,93444.094,0,1256.617,1.428,115903.526,2967.046,22.002,845.871,56063.22,56005.387,14828.235,11192.942,172.062,2591.931,2591.931,0,0,871.3,7209.178,5166.52,394.936,1181.703,466.019,937.033,566.441,5.77,0,0,575.909,0,391.73,-301.448,-15.181,-82.975,-5.044,0,0,-198.169,408.138,686.546,675.245,0,0,-304.394,-649.259,0,0,0,0,0,0,710.68,850.76,0,-101.926,0,-38.154,0,694.281,138.506,0.001,0,0,0,958.129,0,0,0,0,0,-402.355,4197.293,0.195,2254.907,2052.293,110.359,10.99,0,81.265,702.215,211.559,490.656,1127.922,73.58,38.474,0,0
18,2021,,,,141227.857,9034.877,7222.086,18442.613,11427.319,5414.112,257.923,1343.259,7765.761,79937.407,0,0,81.769,338.16,386.305,0,76272.243,2858.93,8171.5,7224.515,946.985,449.594,232.436,217.158,9762.749,441.27,0,0,141227.857,137993.967,2077.054,510.516,348.89,297.43,141227.857,36990.602,29931.933,74305.322,141227.857,3511.069,60914.129,402.373,96.367,76219.942,83.977,62404.684,62360.319,62554.995,18849.337,0,25128.995,18576.663,180.2,-374.876,44.365,44.7,0,0,0,44.7,0,-0.335,0,139562.262,30774.996,107067.53,0,1700.029,19.707,139562.262,6820.28,35.129,445.274,61687.299,70574.28,17426.817,13361.893,43.824,2955.947,2955.947,0,0,1065.153,7480.768,5059.22,356.603,1456.974,607.971,1542.466,703.007,6.473,0,0,955.483,0,594.726,-304.174,-18.009,-116.895,-3.361,0,0,-274.784,373.374,772.655,909.189,0,0,-364.8,-943.67,0,0,0,0,0,0,1409.742,1791.644,0,-153.585,0,-228.317,0,245.777,247.956,0.166,1.296,0,0,246.343,0,0,0,0,0,-249.984,4570.696,0.996,2537.952,2323.22,123.597,10.983,0,80.152,816.441,257.062,559.379,1126.074,88.23,1.003,0,0
18,2022,,,,160992.963,9482.537,7511.886,18148.668,11859.776,4784.79,271.017,1233.085,10423.584,96607.2,0,0,148.164,390.558,286.964,0,93897.292,1884.222,7623.308,7017.374,605.934,459.054,262.049,197.005,10165.315,571.411,0,0,160992.963,156544.301,3091.212,385.026,467.003,505.421,160992.963,42359.769,29000.877,89632.317,160992.963,2334.211,64132.241,561.187,56.552,93853.775,54.997,74376.644,74332.279,74340.473,24326.689,0,28390.133,21623.651,180.2,-188.394,44.365,44.7,0,0,0,44.7,0,-0.335,0,194959.921,32525.186,159778.007,0,2613.839,42.889,194959.921,10255.03,82.864,460.065,89974.361,94187.601,21811.015,16420.009,156.992,4079.043,4079.043,0,0,1154.971,10424.418,7092.18,1208.644,1321.453,802.141,2691.98,1829.389,6.307,0,0,876.552,0,884.053,-411.466,-17.35,-158.98,-2.34,0,0,-314.185,410.216,1058.757,987.733,0,0,-621.826,-1014.448,0,0,0,0,0,0,426.255,545.507,0,-305.734,0,186.482,0,702.141,622.037,0.629,0,0,0,702.283,0,-0.041,0,0,0,-622.767,5945.257,0.915,3201.585,2919.946,150.35,14.03,0,117.259,1023.737,310.816,712.921,1613.285,104.26,1.475,0,0
18,2023,,,,205262.092,10872.346,8399.094,21859.726,13976.647,4991.892,0,2891.187,17170.358,120330.392,0,0,0,0,0,0,108378.242,11952.15,12007.915,10384.611,1623.304,0,0,0,14622.261,0,0,0,205262.092,195297.952,5763.793,1659.094,1426.187,1115.066,205262.092,81998.643,32031.909,91231.54,205262.092,1288.023,94197.276,586.959,58.031,108371.153,760.65,65335.805,65300.38,65211.352,18483.207,0,34571.946,12156.199,180.2,-91.172,35.425,44.7,0,0,0,44.7,0,-9.275,0,208261.56,44038.415,161027.834,0,3181.042,14.269,208261.56,10241.694,212.489,3307.782,106757.017,87742.578,28562.417,21962.162,162.633,4345.306,4345.306,0,0,2092.316,16134.589,12750.126,1582.975,784.038,1017.45,2279.248,1364.618,9.442,0,0,377.011,0,1427.394,-516.74,-17.7,-161.225,-5.242,0,0,-198.31,779.153,876.668,1883.642,0,0,-534.009,-1447.148,0,0,0,0,0,0,855.841,948.019,0,-180.46,0,88.282,0,-105.313,303.664,0.484,0,0,0,568.142,0,0,0,0,0,-977.603,6701.533,0.983,3787.673,3494.529,177.952,17.945,0,97.247,1137.44,345.552,791.888,1641.595,138.933,-5.091,0,0
18,2024,,,,250331.368,23288.538,3912.189,28708.053,24118.782,4109.73,0,479.541,20427.101,136600.11,0,0,0,0,0,0,122422.807,14177.303,16039.997,14249.743,1790.254,0,0,0,21355.38,0,0,0,250331.368,242098.053,4430.059,1502.788,1188.627,1111.841,250331.368,100727.851,42581.021,107022.496,250331.368,1486.424,125631.194,679.244,102.271,122419.191,13.044,59472.044,59472.044,59279.067,15573.947,0,33395.333,10309.787,270.3,-77.323,0,44.7,0,0,0,44.7,0,-44.7,0,242805.789,50724.387,188872.858,0,3181.888,26.656,242805.789,30594.327,376.111,5000.918,127099.133,79735.3,25948.638,20426.098,286.272,3201.291,3201.291,0,0,2034.977,13041.982,8638.048,1118.375,1820.682,1464.877,3363.61,1655.928,4.708,0,0,368.429,0,2357.229,-650.703,-20.784,-151.663,-2.439,0,0,-197.095,318.932,814.786,996.936,0,0,-476.565,-1016.225,0,0,0.18,1.2,-1.02,0,1094.914,1675.598,0,-559.108,0,-21.576,0,353.935,669.54,0.251,0,0,492.885,66.568,0,-0.136,0,-416.631,0,-458.542,6278.857,1.456,3506.951,3231.348,167.437,15.356,0,92.81,1159.277,340.039,819.238,1438.397,172.776,0,0,0
19,2015,0,0,0,30915.308,4143.761,1390.685,4286.276,2267.457,1998.834,0,19.985,3854.794,153.015,0.281,0,89.486,0,0,0,19.384,43.864,931.442,931.442,0,223.53,223.53,0,1325.846,594.925,103.512,13907.522,30915.308,29848.664,317.291,77.417,77.144,594.792,30915.308,14776.882,7375.118,8763.308,30915.308,973.101,18516.854,380.797,518.049,10523.349,3.158,0,0,0,0,0,0,0,0,0,0,0,0,0,0,0,0,0,0,47529.915,10278.399,36924.616,0,326.9,0,0,0,0,0,0,0,4089.097,2886.144,157.426,926.31,0,926.31,0,119.217,2441.841,1925.121,516.684,0,0.036,57.557,77.89,4.396,0,5.691,0,0,66.979,-6.381,0,0,-0.674,0,-1.588,-88.756,63.679,349.65,36.7,0,0,-276.393,-46.278,0,0,0,0,0,0,131.697,126.929,0,-4.147,0,8.915,0,0,0,0,0,0,0,0,0,0,0,0,0,0,1190.073,1.029,538.052,474.305,21.563,42.184,0,0,262.372,75.094,187.278,0,27.084,0,0,361.536
19,2016,0,0,0,39796.167,6117.851,1356.65,4969.074,1955.286,2913.984,68.784,31.02,5430.775,2369.579,0,0,102.317,249.376,3.73,0,22.943,1991.213,1508.391,1302.186,206.205,376.294,268.67,107.624,1402.195,651.75,598.751,15014.857,39796.167,38374.953,400.879,165.416,183.624,671.295,39796.167006963,17719.633006963,9190.337,12886.197,39796.167,1015.769,22270.982,511.9,857.562,14991.524,148.43,0,0,0,0,0,0,0,0,0,0,0,0,0,0,0,0,0,0,51524.592,10224.981,40685.084,0,173.108,441.419,0,0,0,0,0,0,4489.011,3329.139,37.492,895.452,0,895.452,0,226.928,2663.061,2335.357,317.628,8.329,1.747,137.052,95.519,4.139,0,6.72,0,0,124.708,-7.81,-14.078,0,-0.81,0,0,-71.336,113.012,356.674,99.483,0,0,-299.937,-43.208,0,0,2.121,2.236,-0.115,0,165.162,173.769,0,-5.742,0,-2.865,0,0,0,0,0,0,0,0,0,0,0,0,0,0,1299.207,0,615.529,541.382,37.452,24.404,0,12.291,304.751,75.974,228.777,0,0,0,0,378.927
19,2017,0,0,0,47902.493,5689.647,628.898,7658.592,4200.452,3252.229,135.607,70.304,6818.557,1736.73,0,0,96.952,23.705,85.812,0,15.93,1514.331,1167.396,1063.153,104.243,200.483,120.915,79.568,2787.212,705.305,855.006,19654.667,47902.493,45973.603,601.866,172.679,222.058,932.287,47902.493,22308.137,8267.143,17327.213,47902.493,1820.3,25562.702,475.348,338.441,19654.667,51.035,0,0,0,0,0,0,0,0,0,0,0,0,0,0,0,0,0,0,57897.88,12179.501,45148.041,0,479.496,90.842,57897.88,12377.016,14323.261,405.416,29767.526,1024.661,5390.187,4209.103,136.824,904.778,0,904.778,0,139.482,3208.348,2834.062,264.524,100.628,9.134,186.296,111.658,4.562,0,16.533,0,0,168.517,-9.214,-16.506,0,-0.767,0,0,-88.487,103.886,315.161,223.222,0,0,-281.033,-153.464,0,0,0,0,0,0,195.408,237.295,0,-13.84,0,-28.047,0,0,0,0,0,0,0,0,0,0,0,0,0,0,1603.068,1.954,732.587,637.306,44.061,27.336,0,23.884,356.695,79.792,276.903,0,37.617,88.062,0,386.153
19,2018,0,0,0,52184.147,6767.306,493.021,8046.962,3709.984,3852.6,121.392,362.986,7355.455,1836.152,0,0,143.351,28.933,83.582,0,224.665,1355.621,936.379,872.341,64.038,208.758,101.999,106.759,2699.262,1043.486,291.056,22506.31,52184.147,50210.955,988.962,142.084,189.921,652.225,52184.147,26361.314,6367.488,19455.345,52184.147,2478.798,26547.034,472.711,158.063,22506.31,21.231,21151.186,18411.845,18417.714,13106.023,0,1461.588,3850.103,2.4,-8.269,2739.341,3670.5,273.984,0,0,1010.389,2386.127,-931.159,-904.209,62259.884,11342.439,50360.543,0,508.688,48.214,62259.884,11818.344,15164.001,522.652,30624.249,4130.638,5478.075,4428.3,95.171,855.523,0,855.523,0,99.081,3439.575,3035.326,252.049,152.174,0.026,333.819,120.132,4.886,0,7.223,0,0,335.545,-21.738,-19.935,0,-2.151,0,-3.53,-86.613,196.175,249.126,249.119,0,0,-87.251,-214.819,0,0,8.508,7.008,0,1.5,372.078,379.048,0,-14.684,0,7.714,0,-38.287,17.729,29.016,0.893,0,0,23.846,-6.292,-26.112,-2.624,0,-4.241,-70.502,1670.432,1.728,795.374,687.403,63.265,33.065,0,11.641,376.903,76.916,299.987,392.984,43.541,-4.581,0,64.483
19,2019,0,0,0,56802.965,6588.253,877.071,8138.531,3620.498,4184.261,263.334,70.438,7755.198,27428.531,25081.051,0,201.087,47.092,69.011,0,28.986,2001.304,1422.667,1304.567,118.1,183.561,109.257,74.304,3175.653,1012.415,221.085,0,56802.965,54803.342,687.244,291.751,423.449,597.179,56802.965,27625.361,6595.698,22581.906,56802.965,2366.544,28699.097,409.967,174.976,25081.051,71.33,16472.167,14968.775,14998.65,7694.932,0,1617.04,5686.678,11.3,-41.175,1503.392,1867.538,73.639,0,320,385,1088.899,-364.146,-364.146,69574.328,7873.924,60490.785,0,342.33,867.289,69574.328,15766.975,17.882,1093.886,35522.959,17172.626,6525.9,5053.677,155.164,1185.794,0,1185.794,0,131.265,4047.648,3516.527,257.294,271.933,1.894,193.464,175.871,5.141,0,33.7,26.96,0,113.406,-69.294,-20.536,-17.582,-3.389,0,-4.859,-45.954,195.817,122.56,362.01,0,0,-29.08,-259.673,0,0,0,0,0,0,578.759,612.417,0,-27.702,0,-32.906,26.95,190.401,34.847,125.233,85.496,13.206,0,56.619,-6.926,-111.552,0,0,-2.173,-4.349,1870.98,1.869,877.938,758.955,73.498,0,0,45.485,420.484,87.441,333.043,0,45.208,41.496,0,483.985
19,2020,2001.253,2001.459,0,63293.151,9889.335,2930.688,9144.902,4679.662,4263.982,128.872,72.386,8451.744,25148.072,0,4.334,193.982,98.367,285.505,51.214,20407.838,4106.832,1803.631,1542.503,261.128,463.087,206.495,256.592,3104.656,916.874,1440.162,0,63293.151,60931.045,1038.32,208.448,493.346,621.992,63293.151,33646.693,5276.153,24370.305,63293.151,1930.535,31566.266,417.46,123.673,29222.971,32.246,16685.823,14995.542,15001.31,2314.947,0,7048.398,5637.965,11.3,-17.068,1690.281,1970.387,23.293,50,0,385,1512.094,-280.106,-278.343,72508.223,12498.186,59138.174,0,387.671,484.192,0,0,0,0,0,0,6684.626,5597.336,58.867,885.763,0,885.763,0,142.66,4303.08,3963.6,157.99,181.49,0,193.827,182.84,4.864,0,6.365,47.236,0,142.087,0,-73.156,-22.88,-7.157,0,-5.584,-80.788,302.089,278.787,463.323,0,0,-30.314,-409.707,0,0,6.504,6.724,-0.014,-0.206,757.624,855.444,0,-120.164,0,24.107,-1.763,143.921,119.364,1.047,21.426,0,46.734,0,-37.196,0,0,0,-6.023,-1.431,1858.323,1.78,928.879,806.3,72.204,15.126,0,35.249,472.511,92.088,380.423,0,53.356,16.654,0,385.143
19,2021,4875.651,4876.884,0,68983.999,9858.107,2358.286,9391.743,5256.347,3964.64,95.733,75.023,8454.937,30077.644,0,17,167.217,111.599,265.488,44.601,24367.601,5104.138,1384.603,1177.453,207.15,412.799,161.453,251.346,2503.504,659.272,3883.104,0,68983.999,65372.339,1994.898,334.497,418.614,863.651,68983.999,38180.558,4770.771,26032.67,68983.999,1748.046,33657.216,352.213,44.138,33154.317,28.069,17011.398,15282.483,15344.448,1983.586,0,4942.308,8418.554,2.4,-64.365,1728.915,1981.37,0,50,0,1107.558,823.812,-252.455,-245.442,67839.732,11075.462,56251.538,0,441.075,71.657,67839.732,3156.443,40.376,1386.63,32075.367,31180.916,6467.259,5472.048,48.42,806.18,0,806.18,0,140.611,3402.696,3068.231,93.527,240.844,0.094,352.239,293.921,4.091,0,6.207,41.011,0,265.846,-117.135,-19.574,-24.826,-12.859,0,-16.602,-67.841,412.046,1409.615,624.918,0,0,-199.135,-1423.352,0,0,249.184,267.373,-17.162,-1.027,202.878,273.881,0,-18.456,0,-47.297,-5.25,170.693,182.675,1.949,29.212,0,0,21.298,-37.524,0,0,0,-24.147,-2.77,1829.863,1.529,991.083,875.468,69.208,11.986,0,34.421,494.552,89.243,405.309,247.048,50.527,1.562,0,43.562
19,2022,134.799,134.799,,82010.652,10362.786,2894.481,8538.207,4933.636,3332.524,97.675,174.372,11539.18,40832.999,0,7,178.386,80.61,264.109,33.97,32149.677,8119.247,1441.12,1007.4,433.72,401.491,162.627,238.864,2101.955,623.508,3274.925,0,82010.652,77986.208,1658.835,540.524,420.714,1404.371,82010.652,41749.322,9175.791,31085.539,82010.652,1495.726,36791.231,473.977,17.153,43216.382,16.183,17437.307,16781.742,16817.811,9137.436,0,2871.13,4809.245,2.4,-38.469,655.565,659.385,0,0,0,659.385,,-3.82,,84124.615,9991.258,73430.177,0,471.118,232.062,84124.615,4623.635,34.995,1507.998,55606.675,22351.312,8160.575,6740.676,358.935,839.584,0,839.584,0,221.38,4395.195,3831.132,154.274,409.759,0.03,232.042,661.846,0,0,5.724,4.552,0,259.695,-282.998,-27.946,-30.084,-12.689,-240.419,-32.867,-72.772,192.865,1545.854,1404.325,0,0,-240.124,-2517.19,0,0,-56.174,48.831,-106.238,1.233,-21.343,5.668,0,-56.1,0,29.089,0,346.636,345.889,1.175,7.993,0,0,20.281,-10.035,0,0,0,-13.098,-5.569,2006.536,2.885,1038.874,901.389,80.278,20.599,0,36.608,518.873,88.41,430.463,327.154,52.416,-11.044,0,77.378
19,2023,871.942,871.942,,98107.189,10900.993,3515.622,7846.846,5130.997,2605.254,67.197,43.398,11005.389,56977.235,0,7,133.338,58.539,211.871,53.344,44650.738,11862.405,805.295,670.434,134.861,349.817,108.649,241.168,2931.594,278.41,3495.988,0,98107.189,93640.274,1609.75,732.173,1089.785,1035.207,98107.189,56970.02,17905.207,23231.962,98107.189,1356.287,37595.767,441.442,11.82,58692.118,9.755,18404.913,15351.903,15375.269,8988.566,0,3564.95,2821.753,,,3053.01,3275.068,0,0,0,554.11,2720.958,-222.058,0,100034.291,11237.895,88433.155,0,351.396,11.845,100034.291,2159.077,246.327,1284.898,71323.752,25020.237,10464.069,8394.444,964.535,783.241,0,783.241,0,321.849,7705.863,6729.205,227.847,618.468,130.343,748.954,1097.222,1.742,0,0.196,160.454,0,389.34,-728.366,-21.094,-34.518,-24.156,0,-9.562,-82.304,228.453,617.473,1070.736,0,0,-76.944,-1382.812,0,0,5.038,8.066,-3.028,0,117.442,225.894,0,-90.819,0,12.703,-30.336,379.983,376.296,0.613,8.191,0,0,20.773,-0.062,0,0,0,-13.453,-12.375,2252.222,5.677,1246.455,1107.748,89.525,13.354,0,35.828,574.631,95.228,479.403,279.688,85.961,27.184,0,32.626
19,2024,118.272,118.272,,,,,,,,,,7681,,,,,,,,,,,,,,,,6971,,,,98738.175,93607.645,1439.319,630.133,954.041,2107.037,98738.175,58571.029,19110.583,21056.563,98738,1020,53894,496,6,43320,0,20922,17727,17725,9358,0,3435,4971,,,3195,3195,,,,150,4023,-828,,90719.121,10996,79293.873,0,416.515,12.733,90719,,,,64121,,9027.696,7009.031,1169.112,548.256,0,548.256,0,301.297,5992.437,4941.857,88.071,962.346,0.163,0,0,0,0,0,0,0,0,0,0,0,0,0,0,0,0,0,0,0,0,0,0,0,0,3.386,6.408,-3.022,0,109.475,290.92,0,-51.36,0,-130.085,0,0,0,0,0,0,0,0,0,0,0,0,0,0,2338.384,2.096,1215.138,1080.029,86.139,14.983,0,33.987,598.63,106.383,492.247,408.56,94.408,19.552,0,0
20,2015,97.681,0,121.187,0,0,0,0,0,0,0,0,0,0,0,0,0,0,0,0,0,0,0,0,0,0,0,0,0,0,0,0,41754.607,41413.873,47.914,5.581,7.984,279.255,41754.607,13674.755,21643.18,6436.672,41754.607,0,7347.878,0,11.951,34394.727,0.051,14980.757,14401.064,14419.064,8205.469,0,5371.027,842.568,0,-18,579.693,625.875,0,0,0,0,625.875,-46.182,-46.182,52895.602,489.755,52375.007,0,30.838,0.002,0,0,0,0,0,0,4737.688,3434.537,69.417,1227.608,1227.608,0,0,6.126,3654.073,3590.141,4.313,56.524,3.095,3.441,7.52,0.418,0,12.053,0,0,6.033,-5.69,-1.56,0,-1.889,0,0,-13.444,-16.27,82.993,0,0,0,-99.263,0,0,0,-0.158,0,-0.158,0,45.438,109.449,0,-64.011,0,0,0,61.962,0,0,0,0,0,78.774,0,0,0,0,0,-16.812,579.541,3.229,239.967,198.967,17.662,2.282,0,21.056,123.467,35.41,88.057,142.371,70.507,0,0,0
20,2016,104.963,0,128.469,48102.315,2166.101,23670.131,6016.586,5341.456,132.759,20.526,521.845,8388.665,3161.906,0,0,188.111,300.726,35.248,2.658,1822.149,813.014,1757.914,1471.156,286.758,307.49,300.588,6.902,955.267,1289.582,388.673,0,48102.315,47667.434,44.693,3.153,5.242,381.793,48102.315,13573.478,24855.283,9673.554,48102.315,0,10428.777,0,12.489,37661.049,0,17231.308,16768.01,16786.01,11067.118,0,5179.786,539.106,0,-18,463.298,611.95,0,0,0,0,611.95,-148.652,-148.652,59156.703,721.012,58412.418,0,23.271,0.002,0,0,0,0,0,0,5637.737,4461.197,88.876,1074.514,1074.514,0,0,13.15,4303.825,4227.99,11.525,47.464,16.846,3.545,21.78,0.38,0,1.202,0,0,4.235,-7.24,-1.714,0,-2.983,0,0,-12.115,17.331,72.983,0,0,0,-55.652,0,0,0,0,0,0,0,4.042,50.321,0,-46.279,0,0,0,28.016,0,0,0,0,0,41.216,0,0,0,0,0,-13.2,704.966,13.237,335.924,284.523,19.764,5.309,0,26.328,128.097,33.808,94.289,147.128,80.58,0,0,0
20,2017,1110.918,1000,135.82,55487.573,4914.278,17464.98,13369.369,12803.216,0.637,107.913,457.603,9475.962,5924.257,0,0,3.67,249.322,64.665,0.193,2284.331,3322.076,1774.339,1295.081,479.258,847.556,842.898,4.658,238.279,900.129,578.424,0,55487.573,55093.807,42.154,5.004,9.209,337.399,55487.573,20231.85,16394.035,18861.688,55487.573,0,13721.645,0,2.672,41763.256,0,18112.279,17792.674,17810.674,10166.763,0,7475.808,168.103,0,-18,319.605,595.725,0,0,0,0,595.725,-276.12,-276.12,63415.099,762.285,62631.938,0,20.871,0.005,0,0,0,0,0,0,6812.157,5029.583,341.378,1392.992,1392.992,0,0,48.204,5154.239,4956.064,36.139,124.143,37.893,61.695,24.976,0.511,0,4.157,0,0,45.91,-6.838,-1.857,-3.934,-0.374,0,0,-0.856,25.476,132.083,0,0,0,-106.607,0,0,0,0,0,0,0,2.384,37.23,0,-33.45,0,-1.396,0,25.829,0,32.544,0,0,0,34.519,0,-32.689,0,0,0,-8.545,748.903,4.087,367.116,308.181,21.368,3.135,0,34.432,131.154,33.848,97.306,156.655,88.844,1.047,0,0
20,2018,2099.151,1970,129.151,63979.415,4489.815,15428.179,23840.168,20506.854,1.215,2573.233,758.866,6692.063,8416.951,0,0.74,530.499,251.123,56.678,0.65,3544.091,4033.17,1820.702,1358.679,462.023,1857.365,1842.509,14.856,846.666,219.361,368.145,0,63979.415,63451.15,40.19,251.322,7.448,229.305,63979.415,27251.471,12758.26,23969.684,63979.415,0,17912.158,0,3.385,46063.872,0,15695.965,15498.63,15498.63,8778.17,0,6720.46,0,0,0,197.335,487.355,0,0,0,0,487.355,-290.02,-290.02,72534.422,751.244,71752.183,0,30.99,0.005,0,0,0,0,0,0,7588.025,5949.57,250.009,1191.12,1191.12,0,0,197.326,5889.353,5613.563,1.829,86.735,187.226,73.004,24.165,0.531,0,1.615,0,0,66.499,-7.458,-2.722,0,0,0,0,-9.626,16.686,137.237,0,0,0,-120.551,0,0,0,4.749,0,0,4.749,80.201,123.614,0,-43.413,0,0,0,98.073,0,0,0,0,0,103.93,0,0,0,0,0,-5.857,879.857,3.988,496.096,409.073,43.433,1.589,0,42.001,141.37,29.542,111.828,165.148,94.258,-21.003,0,0
20,2019,3136.5,3000,136.5,72933.312,4764.033,15445.036,27479.443,24009.353,2.456,2622.654,844.98,6783.157,13346.468,0,0.598,564.852,249.178,68.955,7.176,5782.706,6673.003,1863.214,1442.333,420.881,1763.534,1741.508,22.026,914.79,204.146,369.491,0,72933.312,72385.261,48.025,264.743,17.576,217.707,72933.312,31383.29,13876.856,27673.166,0,0,0,0,0,0,0,14729.864,14629.381,14636.506,8266.224,0,6370.282,0,0,-7.125,100.483,473.078,0,0,0,0,473.078,-372.595,-372.595,76163.271,1352.82,74741.607,0,65.363,3.481,0,0,0,0,0,0,8936.134,7407.561,273.075,1212.778,1212.778,0,0,42.72,6969.579,6670.185,0.513,263.89,34.991,72.725,22.779,0.819,0,0.473,0,0,83.108,-9.31,-2.822,0,-9.526,0,0,-12.796,30.655,88.127,0,0,0,-57.472,0,0,0,0,0,0,0,25.974,59.066,0,-25.967,0,-7.125,0,81.18,66.212,0,0,0,0,22.667,0,0,0,0,0,-7.699,1103.592,4.901,631.317,504.092,55.152,2.531,0,69.542,163.603,31.777,131.826,195.059,109.274,-0.562,0,0
20,2020,7836.5,7700,136.5,79440.423,5250.881,15167.324,30808.873,27083.418,52.086,2743.149,930.22,5634.051,18051.405,0,5.315,455.113,302.082,60.777,18.372,6224.724,10985.022,1512.917,1384.963,127.954,1666.534,1637.081,29.453,924.045,191.313,233.08,0,79440.423,78768.014,44.409,23.123,271.073,333.804,79440.423,35650.639,14393.929,29395.855,79440.423,0,25968.126,0,15,53457.297,0,13218.57,13218.57,13232.445,8254.249,3121,1858,0,0,-13.875,0,0,0,0,0,0,0,0,0,86442.223,1409.379,84986.92,0,45.225,0.699,1.4e-08,0,0,1.4e-08,0,0,9824.59,8244.882,174.669,1309.962,1309.962,0,0,95.077,7793.519,7184.19,0.219,522.476,86.634,59.762,24.37,0.935,0,24.059,0,0,41.779,-9.685,-2.488,0,-7.279,0,0,-11.929,23.782,98.861,0,0,0,-75.079,0,0,0,0,0,0,0,46.735,73.946,0,-20.461,0,-6.75,0,64.951,75.775,0,0,0,0,5.613,0,0,-0.22,0,0,-16.217,1240.389,5.179,723.402,576.812,57.942,2.4,0,86.248,174.426,32.459,141.967,217.307,120.075,0,0,0
20,2021,8528.001,8528.001,0,84598.379,6367.877,16424.267,32845.36,28014.383,1308.117,2561.865,960.995,5113.759,18468.746,0,3.138,72.922,262.892,49.083,21.428,8098.265,9961.018,1236.33,1098.889,137.441,1494.47,1474.078,20.392,2103.057,389.914,154.599,0,84598.379,83787.699,155.377,61.465,40.122,553.716,84598.379,39677.845,13994.574,30925.96,84598.379,0,25682.945,0,10.956,58904.403,0.075,11865.78,11865.78,11745.78,3896.028,0,5649.752,2200,136.5,-16.5,0,0,0,0,0,0,0,0,0,93440.398,3047.94,90318.704,0,73.727,0.027,,,,,,,9458.828,8334.105,53.241,980.452,337.269,643.183,0,91.03,7341.6,6926.726,0,334.053,80.821,64.859,26.67,0.922,0,37.655,0,0,24.826,-9.465,-3.04,0,-5.621,0,0,-7.088,29.597,103.959,0,0,0,-74.362,0,0,0,0,0,0,0,169.409,173.982,0,-1.948,0,-2.625,0,81.017,75.775,0,0,0,0,84.477,0,0,0,0,0,-79.235,1312.134,6.754,756.394,619.813,66.138,5.29,0,65.153,184.159,35.882,148.277,22.86,127.218,13.813,0,200.936
20,2022,4768.29,4768.29,,94120.6,9131.067,17415.144,36544.29,31919.032,1232.737,2049.771,1342.75,5082.162,16591.103,0,3.506,21.213,253.358,91.374,19.56,5681.901,10520.191,1301.404,1223.428,77.976,1289.969,1256.763,33.206,5458.137,98.246,1209.078,0,94120.6,92989.575,617.146,42.18,49.635,422.064,94120.6,43530.839,14211.964,36377.797,94120.6,0,31251.388,0,35.642,62833.57,0,12948.408,12948.408,12839.884,3882.099,0,5227.636,3730.149,136.5,-27.976,,,,,,,,,,96904.601,6976.087,89849.374,0,79.111,0.029,,,,,,,10342.019,9112.68,16.494,1052.15,296.327,755.823,0,160.695,7828.82,7464.176,0,364.504,0.14,91.13,29.226,1.193,0,67.18,0,0,29.337,-10.695,-4.036,0,-9.344,0,0,-11.731,51.64,172.255,0,0,0,-120.615,0,0,0,0,0,0,0,107.476,142.285,0,-23.332,0,-11.477,0,97.324,140.507,0,0,0,0,16.191,0,0,0,0,0,-59.374,1716.333,5.69,1084.319,908.619,83.278,4.014,0,88.408,200.433,42.258,158.175,43.083,133.735,4.154,0,244.919
20,2023,,,,99853.975,10435.166,17785.384,40551.276,36859.001,1209.83,1678.733,803.712,5552.264,17552.988,0,1.53,24.261,257.997,127.114,14.987,5090.988,12036.111,837.647,762.787,74.86,964.208,938.861,25.347,5630.557,131.807,412.678,0,99853.975,98002.661,935.647,170.642,229.532,515.493,99853.975,47552.306,14446.715,37854.954,99853.975,0,31527.411,0,30.199,68296.365,0,10548.824,10548.824,10433.819,4127.43,0,3440.39,2865.999,136.5,-21.495,,,,,,,,,,118476.923,5127.37,113228.407,0,121.119,0.027,,,,,,,13384.284,11132.791,144.663,1931.148,1101.656,829.492,0,175.682,10995.013,10534.871,1.773,457.61,0.759,104.852,27.743,1.28,0,62.645,0,0,46.106,-14.052,-4.062,0,-0.468,0,0,-14.34,115.346,263.523,0,0,0,-148.177,0,0,0,0,0,0,0,319.652,317.251,0,-4.08,0,6.481,0,89.553,92.723,0,0,0,0,6.483,0,0,0,0,0,-9.653,1832.911,22.885,1099.871,832.943,107.941,0.593,0,158.394,248.944,46.447,202.497,16.689,144.229,0.348,0,299.945
20,2024,,,,109552.804,12608.32,20183.435,39401.592,36207.536,1107.28,1281.571,805.205,6257.916,21770.67,0,0.268,40.972,259.685,111.237,0,5753.121,15605.387,1006.375,924.127,82.248,941.623,885.08,56.543,6557.89,617.362,207.621,0,109552.804,107804.232,389.411,194.36,270.901,893.9,109552.804,51798.983,15368.916,42384.905,109552.804,0,35598.696,0,15.161,73938.794,0.153,9380.559,9380.559,9264.055,3695.935,0,2902.018,2666.102,136.5,,,,,,,,,,,122549.687,3433.196,118967.213,0,149.251,0.027,122549.687,209.185,2.767,21.408,117228.056,5088.271,11812.113,10250.733,133.09,1397.651,1108.781,288.87,0,30.639,8490.903,7927.056,0.211,563.206,0.43,105.581,34.75,1.241,0,41.951,0,0,72.072,-18.985,-4.508,0,-2.434,0,0,-18.506,-68.252,300.698,0,0,0,-368.95,0,0,0,0,0,0,0,283.676,314.178,0,-32.001,0,1.499,0,6.11,15.029,0,0,0,0,12.263,0,0,0,0,0,-21.182,2249.272,8.561,1403.176,1103.231,118.355,0.367,0,181.223,268.834,50.998,217.836,30.928,172.443,1.635,0,363.695
21,2015,,,,,,,,,,,,,,,,,,,,,,,,,,,,,,,,,,,,,,,,,,,,,,,,,,,,,,,,,,,,,,,,,,,,,,,,,,,,,,,,,,,,,,,,,,,,,,,,,,,,,,,,,,,,,,,,,,,,,,,,,,,,,,,,,,,,,,,,,,,,,,,,,,,,,,,,,,,
21,2016,0,0,0,20994.294,3002.054,962.91,2590.186,1932.698,587.132,38.771,31.585,2840.954,2604.508,0,0,535.247,121.317,137.997,0,1673.731,136.216,1195.703,857.872,337.831,29.914,13.631,16.283,6330.923,993.356,443.786,0,20994.294,20473.095,254.595,76.032,74.172,116.4,20994.294,8080.649,4748.15,8165.495,20994.294,491.038,8352.54,0,0,11922.963,227.753,0,0,0,0,0,0,0,0,0,0,0,0,0,0,0,0,0,0,24610.095,1369.177,23197.607,0,40.877,2.434,24610.095,629.788,10.707,82.66,20013.223,3873.717,1993.149,1493.854,42.361,425.779,0,425.779,0,31.155,1443.526,1388.219,54.197,0.923,0.187,-4.921,13.7,6.508,0,0,0,0,2.24,-12.24,-4.544,0,0,0,0,-10.585,17.345,41.639,84.81,0,0,-21.784,-87.32,0,0,0,0,0,0,51.663,54.093,0,-4.434,0,2.004,0,0,0,0,0,0,0,0,0,0,0,0,0,0,602.972,0.529,269.213,234.144,30.467,1.56,0,3.042,161.193,35.325,125.868,127.81,18.44,24.102,0,1.685
21,2017,,,,,,,,,,,,,,,,,,,,,,,,,,,,,,,,,,,,,,,,,,,,,,,,,,,,,,,,,,,,,,,,,,,,,,,,,,,,,,,,,,,,,,,,,,,,,,,,,,,,,,,,,,,,,,,,,,,,,,,,,,,,,,,,,,,,,,,,,,,,,,,,,,,,,,,,,,,
21,2018,,,,,,,,,,,,,,,,,,,,,,,,,,,,,,,,,,,,,,,,,,,,,,,,,,,,,,,,,,,,,,,,,,,,,,,,,,,,,,,,,,,,,,,,,,,,,,,,,,,,,,,,,,,,,,,,,,,,,,,,,,,,,,,,,,,,,,,,,,,,,,,,,,,,,,,,,,,
21,2019,0,0,0,33994.686,9123.825,1088.312,3142.675,2598.284,427.919,62.928,53.544,5801.389,4817.32,0,86.357,328.824,52.999,249.728,11.469,3829.185,258.758,1136.298,872.134,264.164,153.722,95.083,58.639,0,0,586.011,8145.134,33994.686,32706.678,435.26,139.354,154.649,558.745,33994.686,16902.936,5699.078,11392.672,33994.686,425.671,16653.451,1.199,274.921,16633.928,5.516,3854.322,3581.993,3582.523,2499.666,0,602.857,480,11.299,-11.829,272.329,377.437,0,0,0,0,377.437,-105.108,-105.108,35218.568,1408.22,4796.136,28833.993,96.741,83.478,35218.568,456.727,2.121,286.623,29987.517,4485.58,3799.434,3341.338,116.329,280.721,0,280.721,0,61.046,2867.058,2765.698,49.946,50.76,0.654,38.202,67.875,6.819,0,0,0,0,2.775,-18.795,-6.135,0,0,0,0,-14.337,26.826,23.535,122.736,0,0,-6.671,-112.774,0,0,0,0,0,0,101.296,100.574,0,-1.265,0,1.987,0,28.9,0,0,0,0,0,33.101,0,0,0,0,0,-4.201,859.223,0.586,403.891,336.74,41.564,2.234,0,23.353,234.235,57.408,176.827,186.369,42.244,-8.302,0,0.2
21,2020,0,0,0,39832.796,10811.9,2118.852,3862.169,2895.649,894.645,37.226,34.649,7038.274,5097.507,0,0,344.362,74.865,227.201,8.865,4144.348,297.866,1270.537,943.137,327.4,405.251,205.43,199.821,0,0,679.877,8548.429,39832.796,38353.367,367.843,133.635,217.778,760.173,39832.796,21898.532,5085.419,12848.845,39832.796,305.309,19146.979,1.195,236.826,20139.406,3.081,4702.998,4702.998,4697.688,3391.209,0,1018.479,288,11.299,-5.989,0,0,0,0,0,0,0,0,0,41372.546,1936.419,39240.756,0,78.935,116.436,41372.546,387.686,2.488,302.172,33037.672,7642.528,4323.598,3982.279,67.861,215.391,0,215.391,0,58.067,3218.923,2849.318,24.718,343.655,1.232,60.218,103.154,5.149,0,0,0,0,2.051,-31.029,-5.77,0,0,0,0,-13.337,36.957,55.356,81.362,0,0,-18.552,-81.209,0,0,0,0,0,0,163.883,177.785,0,-19.742,0,5.84,0,49.943,0,27.619,0,0,0,26.686,0,-0.488,0,0,-0.972,-2.902,867.461,0.707,427.953,361.964,43.582,1.955,0,20.452,233.393,59.551,173.842,154.788,50.03,0,0,0.59
21,2021,0,0,0,46389.215,12140.648,2944.635,4097.705,3232.537,730.952,24.025,110.191,6884.411,7098.356,0,0,384.56,216.792,241.144,6.962,5684.012,564.886,1380.848,999.558,381.29,273.088,52.861,220.227,7267.088,3566.478,735.958,0,46389.215,44630.469,582.817,166.103,185.524,824.302,46389.215,25828.707,5730.167,14830.341,46389.215,342.483,19647.981,1.547,12.814,26189.034,195.356,9050.568,9050.568,9043.706,7425.667,0,1598.039,20,7.774,-0.912,0,0,0,0,0,0,0,0,0,45244.577,2875.409,42173.511,0,111.841,83.816,45244.577,398.984,5.754,314.423,35683.774,8841.642,4586.594,4287.901,45.626,184.166,0,184.166,0,68.901,3151.732,2574.329,27.472,549.01,0.921,71.002,135.977,5.436,0,0,0,0,2.468,-41.582,-5.728,0,0,0,0,-25.569,32.94,142.339,42.018,0,0,-93.614,-57.803,0,0,0,0,0,0,141.903,146.303,0,-8.006,0,3.606,0,52.296,0,0.274,0,0,0,58.47,0,-0.067,0,0,-4.473,-1.908,1051.415,0.568,554.33,471.892,49.525,2.663,0,30.25,259.772,62.097,197.675,170.009,53.215,13.168,0,0.353
21,2022,,,,50859.39,17222.732,3463.289,4338.228,3658.547,534.524,25.831,119.326,5308.501,7791.254,0,0,378.423,78.472,1001.464,4.569,5733.383,594.943,892.093,557.635,334.458,161.775,52.718,109.057,7313.302,3600.135,768.081,0,50859.39,48214.197,1226.634,149.08,407.771,861.708,50859.39,31326.569,4591.037,14941.784,50859.39,226.751,18890.99,0.999,13.7,31522.021,204.929,11282.618,11144.413,11144.413,8953.968,0,2190.445,0,,138.205,138.205,138.205,0,0,0,,,,,50129.097,3021.713,46900.239,0,100.157,106.988,50129.097,240.734,5.132,343.654,41919.775,7619.802,5541.744,4986.814,173.241,299.644,0,299.644,0,82.045,3827.878,2953.48,123.358,747.049,3.991,99.768,194.153,6.234,0,0,0,0,19.542,-59.354,-7.888,0,0,0,0,-52.919,42.9,216.283,197.371,0,0,-298.654,-72.1,0,0,0,0,0,0,-4.78,10.052,0,-15.132,0,0.3,0,65.484,25.631,1.471,0,0,0,43.664,0,-0.422,0,0,-2.454,-2.406,1236.838,0.916,638.297,537.041,56.054,3.113,0,42.089,281.007,65.434,215.573,228.947,57.599,29.631,0,0.441
21,2023,,,,57768.233,26339.708,4753.925,2521.178,1985.65,457.478,24.15,53.9,4558.37,8268.49,0,0,284.924,75.843,822.783,1.199,6495.668,588.073,485.202,450.321,34.881,89.624,29.475,60.149,7465.813,2852.663,433.26,0,57768.233,54664.525,1189.12,311.311,584.346,1018.931,57768.233,39522.043,4145.913,14100.277,57768.233,69.321,16771.009,0.649,127.767,40799.187,0.3,12067.336,7704.617,7704.617,7455.243,0,249.374,,,4362.719,4362.719,1493.71,0,1502.539,0,,1366.47,0,,57138.791,3264.438,53641.163,0,67.602,165.588,57138.791,244.605,0.679,318.902,48681.07,7893.535,6938.79,6263.278,215.043,363.904,0,363.904,0,96.565,5460.172,4524.865,149.245,781.163,4.899,54.414,213.254,4.488,0,0,0,0,17.964,-94.63,-6.701,-16.347,0,0,-8.849,-54.765,22.314,116.516,115.19,0,0,-41.939,-167.453,0,0,0,0,0,0,122.144,126.133,0,-3.989,0,0,0,77.546,77.429,2.384,0,0,0,29.85,0,-1.895,0,0,-1.683,-28.539,1406.915,0.777,719.307,555.296,62.248,3.762,0,98.001,336.256,68.711,267.545,281.197,69.378,0,0,0
21,2024,,,,68063.408,28499.543,5305.988,2811.418,2374.736,373.9,23.285,39.497,4186.731,10429.048,0,1.4,167.928,50.151,650.147,0.853,8670.769,887.8,533.204,516.067,17.137,54.197,16.609,37.588,11406.598,3821.708,1014.973,0,68063.408,65067.613,889.837,269.589,519.414,1316.955,68063.408,43874.555,5658.346,18530.507,68063.408,33.893,19898.885,9.6,99.255,48012.925,8.85,13094.664,9233.763,9233.763,8984.31,0,249.453,,,3860.901,4073.911,1754.452,0,546.836,0,,1772.623,-213.01,-213.01,67389.45,4415.472,62822.298,0,110.885,40.795,67389.45,622.428,0.752,297.104,58800.439,7668.727,6485.719,5703.468,384.608,288.847,0,288.847,0,108.796,4179.472,3546.369,118.948,510.665,3.49,37.546,248.319,7.537,0,0,0,0,19.826,-117.756,-9.92,0,0,0,0,-110.46,45.937,172.638,38.164,0,0,-5.741,-159.124,0,0,0,0,0,0,26.752,30.242,0,-3.49,0,0,0,61.106,49.721,0,0,0,0,15.273,0,0,0,0,-0.792,-3.096,1475.161,1.115,796.544,618.086,79.367,3.99,0,95.101,362.736,73.598,289.138,234.511,79.397,0.858,0,0
22,2015,0,0,0,20431.441,1770.978,377,1866.76,1485.51,314.296,0,66.954,7812.359,6110.303,1579.176,0,115.289,0,0,34.629,0,4381.209,1477.077,1477.077,0,392.362,226.617,165.745,0,615.102,9.5,0,20431.441471031,19422.339410654,569.884753948,156.676181973,29.277860353,253.263264103,20431.441471031,7494.87663382,6984.459402907,5952.105434304,0,0,0,0,0,0,0,10046.019,4466.278,4466.278,4466.278,0,0,0,0,0,5579.741,5579.741,0,0,0,,5579.741,0,0,34030.972378659,1570.054586874,32346.919969771,0,113.783945905,0.213876109,34030.972378659,930.925610542,4070.442871245,103.680856132,28925.92304074,0,2751.28379496,2126.57087202,88.607063999,504.831071454,504.831071454,0,0,31.274787487,1988.405153595,1889.730333766,79.00098369,2.070208448,17.603627691,3.624015891,16.140666019,1.631208451,0,0,0,0,11.763037864,-4.147301869,-3.171473133,0,0,0,0,-18.592121441,-15.50584737,172.807382671,26.95244149,0.396095462,0,-173.902146177,-39.620786246,-2.13883457,0,0,0,0,0,20.03720916,30.366184865,0,-10.328975705,0,0,0,-7.252,0,0,0,0,0,23.152,0,0,0,0,0,-30.404,655.264159274,8.939647077,279.215152743,238.594276323,22.33139646,1.589001472,0,16.700478488,129.87221047,20.188270724,109.683939746,203.396024044,33.236174667,0,0,0.604950273
22,2016,0,0,0,25352.217,1348.705,0,1021.24,492.61,528.63,0,0,8376.886,13545.492,0,0,42.982,0,0,0,3690.514,9811.996,421.929,421.929,0,0,0,0,0,632.546,5.419,0,25352.217,23493.409,1482.433,150.144,22.298,203.933,25352.217,8079.758,8855.917,8416.542,0,0,0,0,0,0,0,19105.82,11233.021,11233.021,10183.021,0,1050,0,0,0,7872.799,7892.799,0,0,0,,7892.799,-20,-20,41791.705,2276.865,39320.096,0,194.528,0.216,41791.705,955.768,5693.031,23.928,35118.978,0,3561.013,2727.173,66.039,626.934,0,626.934,0,140.867,2608.149,2465.309,84.571,13.455,44.814,3.558,18.661,1.883,0,0,0,0,17.678,-4.642,-2.997,0,0,0,0,-27.025,-60.346,259.555,162.29,0.03,0,-292.454,-189.737,-0.03,0,0,0,0,0,28.007,150.89,0,-122.883,0,0,0,126.416,0,0,0,0,0,165.87,0,0,0,0,0,-39.454,863.133,10.382,404.811,353.139,31.677,1.343,0,18.652,175.386,24.473,150.913,229.825,42.729,0,0,0
22,2017,0,0,0,32110.586,1408.482,107.139,1233.156,1233.156,0,0,0,6473.261,9817.556,0,0,58.935,0,0,0,7320.258,2438.363,7274.38,7274.38,0,1.14,1.14,0,0,868.928,4926.544,0,32110.586,30440.139,1178.136,118.105,90.58,283.626,32110.586,13415.05,8790.499,9905.037,0,0,0,0,0,0,0,15470.182,7461.419,7461.419,4461.35,0,3000.069,0,0,0,8008.763,8101.727,0,0,0,,8101.727,-92.964,-92.964,45719.622,3661.325,41870.807,0,150.044,37.446,45719.622,2843.085,1307.448,29.096,37774.498,3765.495,4437.486,3456.136,70.946,766.585,0,766.585,0,143.819,3319.98,2921.705,141.522,220.71,36.043,18.182,27.519,1.912,0,0,0,0,26.744,-5.602,-5.051,0,0,0,0,-27.34,-26.857,832.264,872.169,0.724,0,-771.987,-959.665,-0.362,0,0,0,0,0,110.022,175.443,0,-65.421,0,0,0,6.353,0,0,0,0,0,146.938,0,0,0,0,0,-140.585,959.55,2.315,421.589,360.637,31.894,3.836,0,25.222,203.367,36.618,166.749,279.198,53.081,0,0,0
22,2018,0,0,0,35674.111,1177.741,91.485,1095.271,1095.271,0,0,0,8008.597,12504.791,0,0,51.038,0,0,0,9612.323,2841.43,6710.582,6710.582,0,0.77,0.77,0,0,949.973,5134.901,0,35674.111,33734.193,1344.159,124.077,168.193,303.489,35674.111,14856.703,9781.943,11035.465,0,0,0,0,0,0,0,16132.945,8864.536,8864.536,5928.452,0,2936.084,0,0,0,7268.409,7353.896,0,0,0,,7353.896,-85.487,-85.487,47148.818,4020.291,42921.43,0,181.905,25.192,47148.818,3230.787,78.402,31.422,38113.055,5695.152,4738.865,3754.135,47.785,765.99,0,765.99,0,170.955,3757.692,2840.199,77.441,831.9,8.152,25.421,32.557,2.245,0,0,0,0,30.545,-6.154,-6.872,0,0,0,0,-26.9,-21.786,508.123,154.201,0,0,-495.722,-188.388,0,0,0,0,0,0,261.243,1064.822,0,-803.579,0,0,0,0,0,0,0,0,0,0,0,0,0,0,0,0,999.842,1.097,443.811,386.494,31.665,3.306,0,22.346,248.67,40.172,208.498,241.995,61.269,3,0,0
22,2019,0,0,0,0,0,0,0,0,0,0,0,0,0,0,0,0,0,0,0,0,0,0,0,0,0,0,0,0,0,0,0,37910.603,35805.825,1374.689,128.597,133.338,468.154,37910.603,14598.969,8833.341,14478.293,0,0,0,0,0,0,0,13195.518,6913.703,6913.703,5697.452,0,1216.251,0,0,0,6281.815,6366.102,0,0,0,,6366.102,-84.287,-84.287,59095.308,4729.576,54182.218,0,172.49,11.024,59095.308,0,0,0,50978.754,8116.554,5291.273,4194.081,72.328,595.329,0,595.329,0,429.535,4132.865,3717.643,29.105,385.553,0.564,50.745,33.567,1.759,0,0,0,0,67.648,-5.611,-8.575,0,-3.252,0,0,-34.791,-3.189,326.572,323.7,0,0,-271.821,-381.64,0,0,0,0,0,0,0,0,0,0,0,0,0,0,0,0,0,0,0,0,0,0,0,0,0,0,862.619,5.174,415.72,367.475,29.132,2.479,0,16.634,204.627,40.071,164.556,169.698,67.364,0.036,0,0
22,2020,0,0,0,40313.272,779.146,38.256,743.667,743.667,0,0,0,10413.057,16641.577,0,0,35.107,0,0,0,9244.302,7362.168,2734.682,2734.682,0,0.065,0.065,0,0,482.995,8479.827,0,40313.272,39121.555,582.885,55.841,87.573,465.418,40313.272,11294.357,14096.459,14922.456,0,0,0,0,0,0,0,13295.52,7656.115,7656.115,7028.515,0,627.6,0,0,0,5639.405,5866.923,0,0,0,,5866.923,-227.518,-227.518,72084.752,6163.218,65717.151,0,195.475,8.908,72084.752,2108.698,1.187,210.645,62497.542,7266.68,5958.774,4762.434,42.514,530.542,0,530.542,0,623.284,4525.032,4275.066,5.671,208.253,36.042,44.789,28.124,1.535,0,0,0,0,84.892,-5.674,-5.596,0,0,0,0,-58.492,13.641,244.928,312.39,0,0,-209.26,-334.417,0,0,0,0,0,0,158.541,271.972,0,-113.431,0,0,0,4.21,0,0,0,0,0,120.308,0,0,0,0,0,-116.098,802.677,9.183,394.13,347.734,30.258,0.627,0,15.511,191.995,42.207,149.788,129.759,77.61,0,0,0
22,2021,0,0,0,41615.019,768.102,38.256,695.851,695.851,0,0,0,13241.001,16535.551,0,0,30.442,0,0,0,8711.658,7793.451,1989.976,1989.976,0,0,0,0,0,435.964,7910.318,0,41615.019,37210.764,3154.827,603.033,181.534,464.861,41615.019,11372.276,15507.953,14734.79,,,,,,,,10108.282,4814.463,4814.463,4814.463,0,0,0,,,5293.819,5699.462,0,0,0,,5699.462,-405.643,-406,64520.093,5869.463,58430.909,0,218.939,0.782,64520.093,0,0,0,55586.814,8933.279,5542.515,4424.64,43.043,330.512,0,330.512,0,744.32,4283.296,4077.243,2.661,198.754,4.638,143.632,28.219,1.41,0,0,0,0,213.776,-8.026,-3.244,0,-3.99,0,0,-84.513,-18.199,432.046,225.238,0,0,-381.814,-293.669,0,0,0,0,0,0,0,0,0,0,0,0,0,0,0,0,0,0,0,0,0,0,0,0,0,0,950.593,1.315,508.49,449.784,34.089,1.245,0,23.372,195.971,39.723,156.248,152.62,92.197,0,0,0
22,2022,,,,47722.273,4412.914,94.043,1793.886,1793.886,0,0,0,16574.708,22394.444,0,0,0.788,0,0,0,19229.664,3163.992,557.891,557.891,0,0,0,0,0,1292.787,601.6,0,47722.273,36546.154,2619.629,1027.743,4248.162,3280.585,47722.273,15945.165,16597.448,15179.66,,,,,,,,11452.483,5934.53,5934.53,5634.53,0,300,,,,5517.953,5949.596,0,0,0,,5949.596,-431.643,-431.643,71350.329,6243.58,64733.457,0,372.49,0.802,71350.329,2198.301,0.953,47.874,61922.098,7181.103,4763.294,4408.672,77.449,147.202,0,147.202,0,129.971,3831.517,3634.992,3.828,188.867,3.83,132.842,43.693,1.598,0,0,0,0,229.739,-11.869,-4.044,0,0,0,0,-126.275,83.813,711.819,553.893,0,0,-585.206,-596.693,0,0,0,0,0,0,166.748,194.425,0,-27.677,0,0,0,21.814,0,0,0,0,0,59.238,0,0,0,0,0,-37.424,1027.681,1.249,594.18,543.335,32.42,0.322,0,18.103,195.555,38.841,156.714,151.668,85.029,0,0,0
22,2023,,,,55344.259,3492.15,312.596,3044.725,3044.725,0,0,0,22482.468,20419.426,18917.083,0,0,0,1474.32,0,0,28.023,798.752,0,798.752,0,0,0,0,719.091,100,3975.051,55344.259,36737.199,2138.081,276.539,2527.379,13665.061,55344.259,20767.054,21059.422,13517.783,,,,,,18917,,13112,7736,7737,3737,,4000,,,,5375,5375,,,,,5652,-278,-278,76850.214,4586.717,71984.138,0,279.076,0.283,76850.214,1639.614,1.19,27.285,70743.654,4438.471,6433.619,5731.074,82.4,472.33,0,472.33,0,147.815,5976.39,5773.609,0.768,193.032,8.981,33.518,62.258,0.945,0,0,0,0,39.147,-18.491,-3.334,0,0,0,0,-47.007,202.454,240.752,350.944,0,0,-197.995,-191.247,0,0,0,0,0,0,160.484,183.422,0,-22.938,0,0,0,-134.533,0,0,0,0,0,82.286,0,0,0,0,0,-216.819,1238.721,6.583,652.446,583.614,35.352,1.206,0,32.274,236.877,50.931,185.946,227.699,95.846,19.27,0,0
22,2024,,,,71174.72,3883.557,718.772,1990.505,1990.505,0,0,0,28306.905,25036.614,20262,0,0,0,4774.614,0,0,109.527,799.147,0,799.147,0,0,0,0,2722.327,45.918,7560.896,71174.72,55935.874,1331.532,280.96,438.642,13187.712,71174.72,22385.41,30409.105,18380.205,,,,,,20262,,18718.304,4550.275,4550.275,1990.275,0,2560,0,,,14168.029,14325.518,0,0,0,,14325.518,-157.489,-157.489,96117.186,9083.078,86781.912,0,251.908,0.288,96117.186,1948.689,14.91,16.014,87022.296,7115.277,2928.691,2371.635,105.447,292.124,0,292.124,0,159.485,4710.884,4433.452,15.616,260.009,1.807,74.968,118.141,1.209,0,0,0,0,46.088,-29.417,-5.309,0,0,0,0,-55.744,125.512,2112.723,386.055,0,0,-1898.379,-474.887,0,0,0,0,0,0,131.422,137.077,0,-5.655,0,0,0,-22.207,0,0,0,0,0,67.669,0,0,0,0,0,-89.876,3392.048,17.443,955.516,881.971,34.046,0.855,0,38.644,330.871,45.541,285.33,256.489,118.06,1713.669,0,0
23,2015,0,0,0,16217.984,3058.92,4055.294,279.939,279.939,0,0,0,1485.836,6788.385,6788.385,0,0,0,0,0,0,0,2.542,2.542,0,0,0,0,0,545.268,0,1.8,16217.984,15928.922,106.5,31.282,30.197,121.083,16217.984,10367.647,4335.935,1514.402,16217.984,0,3964.576,0,86.071,12167.337,0,3479.751,3139.027,2616.838,2616.838,0,0,0,524.75,-2.561,340.724,416.461,0,0,0,0,416.461,-75.737,0,20080.836,397.256,1056.452,18623.28,3.848,0,20080.836,0,5.515,0,18827.864,1247.457,2109.696,1929.947,53.368,124.269,0,124.269,0,2.112,1287.136,1150.32,3.185,0,133.631,9.047,6.498,0.726,0,0,0,0,6.372,-3.35,0,0,0,0,0,-1.199,-11.064,27.425,0.027,0,0,-17.68,-20.836,0,0,0,0,0,0,8.644,0.921,0,0,0,7.723,0,13.334,4.175,0.416,0,14.556,0,5.149,0,-0.235,0,0,-10.707,-0.02,571.923,11.927,316.943,274.807,23.151,0,0,18.985,110.902,39.758,71.144,108.354,23.797,0,0,0
23,2016,0,0,0,19766.439,1981.725,4278.163,360.251,326.798,6.379,0.774,26.3,975.973,6923.655,0,0,120.06,11.832,0.555,0,3136.471,3654.737,307.019,305.112,1.907,38.735,38.735,0,3146.391,339.477,1415.05,0,19766.439,19422.503,134.286,35.559,23.71,150.381,19766.439,11934.907,4654.083,3177.449,19766.439,0,5862.806,0,204.067,13699.566,0,2923.124,2335.915,1811.165,1811.165,0,0,0,524.75,0,587.209,715.408,319.944,0,0,0,395.464,-128.199,-128.199,22889.16,479.41,774.029,21628.943,6.778,0,22889.16,0,6.583,0,21891.745,990.832,2294.005,2110.401,28.206,152.213,0,152.213,0,3.185,1508.068,1330.517,11.912,0,165.639,24.981,9.892,0.902,0,0,0,0,21.018,-4.327,0,0,0,0,0,-2.504,6.483,13.874,0,0,0,-7.391,0,0,0,0,0,0,0,66.112,63.551,0,0,0,2.561,0,34.658,3.756,12.176,0,14.632,0,19.052,0,-3.477,0,0,-9.173,-2.308,681.68,16.451,375.114,324.965,27.506,0,0,22.643,137,47.941,89.059,124.348,28.767,0,0,0
23,2017,0,0,0,24685.503,2095.745,5319.804,310.363,298.329,9.309,1.575,1.15,996.083,10242.138,0,0,145.703,7.404,0.114,0,5828.269,4260.648,217.525,215.068,2.457,2.971,2.971,0,2489.589,350.044,2661.241,0,24685.503,24366.385,112.008,33.115,23.136,150.859,24685.503,11516.015,6658.546,6510.942,24685.503,0,7313.897,0,143.722,17227.884,0,2154.674,1659.409,1152.286,1152.286,0,0,0,522.196,-15.073,495.265,636.789,266.426,0,0,0,370.363,-141.524,-141.524,26124.192,766.333,898.096,24450.877,8.886,0,26124.192,0,0.763,0,24842.78,1280.649,2908.703,2726.028,91.771,87.575,0,87.575,0,3.329,1867.071,1741.665,15.44,0,109.966,48.102,16.028,1.016,0,0,0,0,43.013,-7.541,0,0,0,0,0,-4.414,3.633,13.756,0,0,0,-10.123,0,0,0,0,0,0,0,-4.133,10.94,0,0,0,-15.073,0,37.475,5.309,20.852,0,18.256,0,8.835,0,0,0,0,-12.901,-2.876,806.203,19.577,440.189,385.856,28.617,0,0,25.716,171.565,64.655,106.91,138.913,33.896,2.063,0,0
23,2018,0,0,0,29471.994,2172.107,6220.714,325.42,320.565,2.245,1.6,1.01,1321.688,12649.045,0,0,135.111,1.434,0.114,0,7469.464,5042.922,546.167,496.371,49.796,12.782,12.782,0,3731.623,318.31,2174.138,0,29471.994,28904.562,289.714,63.407,44.399,169.912,29471.994,16566.294,5139.22,7766.48,29471.994,0,8326.148,0,51.284,21094.562,0,1460.5,0,0,0,0,0,0,0,0,1460.5,1553.963,1401.464,0,0,0,152.499,-93.463,-93.463,29206.157,918.22,1654.174,26624.617,9.146,0,29206.157,0,16.51,0,27080.759,2108.888,3171.636,2981.052,132.962,51.07,0,51.07,0,6.552,2196.765,2020.549,11.373,0.678,164.165,55.959,22.011,0,0,1.1,0,0,50.758,-9.285,0,0,0,0,0,-8.625,11.626,19.339,0.494,0,0,-6.25,-1.957,0,0,0,0,0,0,116.79,103.618,0,-1.901,0,15.073,0,0,0,0,0,0,0,0,0,0,0,0,0,0,928.436,22.983,502.088,436.437,34.704,0,0,30.947,198.47,69.854,128.616,164.905,37.928,2.062,0,0
23,2019,0,0,0,33479.645,2263.51,7136.529,372.08,369.285,2.295,0,0.5,854.898,16259.596,0,0,0.474,0.843,0.114,0,9123.291,7134.874,553.079,531.321,21.758,11.525,11.525,0,3579.345,308.12,2140.963,0,33479.645,32988.647,149.042,37.763,65.241,238.952,33479.645,19476.752,5058.137,8944.756,33479.645,0,8406.87,0,22.167,25050.608,0,830.764,0,0,0,0,0,0,0,0,830.764,830.764,830.764,0,0,0,0,0,0,32920.772,1506.97,2042.001,29356.374,15.427,0,32920.772,0,1.854,0,30129.991,2788.927,3897.868,3668.04,168.411,52.077,0,52.077,0,9.34,2889.998,2451.137,27.172,37.806,373.883,76.456,30.713,1.079,0,0,20.518,0,41,-13.124,-3.73,0,0,0,0,0,28.631,51.761,22.49,0,0,-17.075,-28.545,0,0,0,0,0,0,61.938,61.938,0,0,0,0,0,27.079,16.637,8.572,0,2.903,0,7.175,0,0,0,0,-4.331,-3.877,1041.601,21.395,577.443,502.488,41.872,0,0,33.083,221.296,70.77,150.526,180.875,40.592,0,0,0
23,2020,0,0,0,34716.197,1894.865,7514.497,395.173,392.893,1.78,0,0.5,301.01,18294.821,0,0,1.31,0.974,0.084,0,9649.677,8642.776,698.79,697.953,0.837,11.152,11.152,0,3338.633,299.712,0,1967.544,34716.197,32694.51,138.883,51.165,49.953,1781.686,34716.197,20921.172,5172.107,8622.918,34716.197,0,8551.749,0,29.276,26135.172,0,3381.781,3381.781,3381.781,3281.781,0,100,0,0,0,3381.781,3381.781,3281.781,0,100,0,0,0,0,42017.697,1356.564,2321.453,38322.075,17.605,0,42017.697,0,590.883,0,1020.673,40406.141,3932.611,3741.155,101.643,72.186,0,72.186,0,17.627,2980.182,2691.786,17.043,104.376,166.977,86.979,39.361,0,0,0,27.109,0,36.983,-13.738,0,0,0,0,0,-2.736,25.237,92.973,36.773,0,0,-13.408,-91.101,0,0,0,0,0,0,77.167,77.167,0,0,0,0,0,98.575,40.666,0,0,0,0,66.7,0,0,0,0,-4.94,-3.851,1085.478,19.207,627.372,544.978,47.718,34.676,0,0,207.814,68.417,139.397,183.378,47.707,0,0,0
23,2021,0,0,0,38387.339,2049.933,7407.912,26.484,23.184,2.8,0,0.5,983.802,23201.265,0,0,3.035,0.524,0.084,0,11215.74,11981.882,654.336,653.914,0.422,10.805,10.805,0,3362.115,203.287,487.4,0,38387.339,37454.982,206.181,98.389,95.906,531.881,38387.339,29245.568,2588.08,6553.691,38387.339,0,12259.239,0,3.323,26124.777,0,7087.66,1635.528,1641.484,447.177,0,400,794.307,0,0,5452.132,5452.132,5152.132,0,300,0,0,0,0,51397.605,7949.405,3797.222,39637.231,13.747,0,51397.605,0,15.205,0,40979.232,10403.168,5449.139,5114.354,87.932,195.543,0,195.543,0,51.31,3518.179,2756.11,3.051,39.632,719.386,255.65,35.398,0,0,0.964,35.437,0,201.374,-13.84,0,0,0,0,0,-3.683,28.274,108.772,39.041,0,0,-8.681,-110.858,0,0,0,0,0,0,63.737,72.945,0,-3.252,0,-5.956,0,38.533,32.685,0,0,0,0,22.759,0,0,0,0,-13.014,-3.897,1227.211,16.046,761.402,680.024,50.766,30.612,0,0,205.471,67.472,137.999,158.519,60.594,25.179,0,0
23,2022,,,,44702.595,3162.642,7043.685,42.594,41.954,0.64,0,0,4667.549,26377.626,0,0,2,0.045,0.084,0,8172.209,18203.288,7.21,6.801,0.409,10.725,10.725,0,2928.243,192.321,270,0,44702.595,43501.787,355.793,75.282,121.976,647.757,44702.595,27619.454,10291.949,6791.192,44702.595,0,22360.449,0,2.36,22339.786,0,7584.875,1536.033,1541.999,348.597,0,397.8,795.602,,,6048.842,6048.842,6048.842,0,0,0,0,,,52195.871,2051.78,1871.935,48250.604,21.552,0,52195.871,0,4.549,0,49684.893,2506.429,5376.251,4893.529,196.275,271.729,0,271.729,0,14.718,3284.73,2682.993,165.954,14.299,421.484,396.044,304.891,0,0,0.64,64.554,0,52.61,-17.089,0,0,0,0,0,-9.562,34.981,381.855,106.132,0,0,-196.497,-256.509,0,0,0,0,0,0,7.818,29.234,0,-21.406,0,-0.01,0,82.914,83.647,2.429,0,0,0,2.489,0,0,0,0,-2.091,-3.56,1459.022,20.185,957.263,840.816,59.233,57.214,0,0,189.687,67.152,122.535,235.209,56.678,0,0,0
23,2023,,,,51783.052,7675.614,3951.514,154.956,153.55,0.661,0,0.745,8011.771,29495.596,0,0,0,0,0.56,0,4098.494,25396.542,181.939,180.339,1.6,0,0,0,2195.625,116.037,0,0,51783.052,50157.776,623.705,229.607,320.567,451.397,51783.052,30074.064,17963.067,3745.921,51783.052,0,37245.608,0,0,14537,0,3378.95,790.852,796.897,0,0,0,796.897,,,2588.098,2588.098,2588.098,0,0,0,,,,56897.722,3403.885,1889.81,51594.459,9.568,0,56897.722,0,0.628,0,53443.903,3453.191,7779.429,7142.696,305.47,241.413,0,241.413,0,89.85,5741.323,4967.122,337.726,96.721,339.754,512.733,491.902,0,0,0.353,36.343,0,27.714,-32.31,0,0,0,0,0,-11.269,59.196,169.085,131.824,0,0,-17.076,-224.637,0,0,0,0,0,0,82.45,125.698,0,-43.169,0,-0.079,0,89.919,91.328,0,0,0,0,4.436,0,0,0,0,-4.09,-1.755,1645.837,25.59,1023.502,879.468,69.901,74.133,0,0,199.696,72.486,127.21,316.115,80.934,0,0,0
23,2024,,,,61431.909,13209.112,4712.515,335.023,309.705,3.628,13.094,8.596,17515.81,16382.375,0,0,28.722,3.24,10.196,0,3921.624,12418.593,14.932,11.07,3.862,31.812,30.03,1.782,9108.693,121.637,0,0,61431.909,59540.582,719.435,198.46,152.078,821.354,61431.909,38555.215,19621.779,3254.915,61431.909,0,47338.323,0,0,14093.586,0,2973.962,1298.447,1298.447,1298.447,0,0,0,,,1675.515,1675.515,1675.515,0,0,0,0,,,63521.494,4076.478,2043.515,57392.005,9.496,0,63521.494,0,1.519,0,60036.869,3483.106,7111.246,6231.101,398.727,145.477,0,145.477,0,335.941,3920.02,3297.472,194.697,221.614,206.237,480.475,483.655,0,0,0.304,52.446,0,38.223,-34.391,0,-45.796,0,0,0,-13.966,42.009,333.936,98.163,0,0,-24.343,-365.747,0,0,0,0,0,0,25.608,27.209,0,-1.601,0,0,0,217.263,207.123,1.6,0,0,0,15.873,0,0,0,0,-5.329,-2.004,2021.575,26.385,1323.461,1168.016,76.665,78.78,0,0,259.851,81.639,178.212,257.669,84.157,70.052,0,0
24,2015,,,,,,,,,,,,,,,,,,,,,,,,,,,,,,,,,,,,,,,,,,,,,,,,,,,,,,,,,,,,,,,,,,,,,,,,,,,,,,,,,,,,,,,,,,,,,,,,,,,,,,,,,,,,,,,,,,,,,,,,,,,,,,,,,,,,,,,,,,,,,,,,,,,,,,,,,,,
24,2016,0,0,0,26312.741,1662.13,127.338,5312.826,181.958,0,0,5130.868,987.608,12398.803,11640.164,0,671.805,0,11.127,0,0,75.707,1022.416,1022.416,0,0,0,0,4340.898,296.763,101.32,62.639,26312.741,25685.429,181.375,82.088,103.518,260.331,26312.741,10827.712,4896.606,10588.423,26312.741,459.168,13491.38,448.054,291.52,11622.619,0,0,0,0,0,0,0,0,0,0,0,0,0,0,0,0,0,0,0,30182.134,1550.332,3448.257,25144.794,37.462,1.289,30182.134,849.693,3879.331,1.589,25451.521,0,2116.874,1803.588,148.055,143.648,143.648,0,0,21.583,1656.034,1651.311,1.562,0,3.161,2.752,10.089,0.669,0,0,0,0,0.833,-2.662,0,-3.326,0,0,-0.299,-2.552,31.845,35.463,16.001,0,0,-1.244,-18.375,0,0,0,0,0,0,53.021,16.905,0,-0.383,0,36.499,0,0,0,0,0,0,0,0,0,0,0,0,0,0,573.743,0.732,253.89,217.222,20.156,0,0,16.512,141.143,48.541,92.602,0,0.787,1.4,0,175.791
24,2017,0,0,0,28713.347,1320.059,91.163,7328.893,274.125,0,0,7054.768,49.193,14659.583,12829.577,0,1817.809,0,12.197,0,0,0,0,0,0,0,0,0,5261.072,0.983,0.868,1.533,28713.347,28127,198.923,30.162,71.724,285.538,28713.347,9510.048,3433.445,15769.854,28713.347,1436.654,13698.316,548.401,144.587,12826.539,58.85,0,0,0,0,0,0,0,0,0,0,0,0,0,0,0,0,0,0,31302.611,1582.115,29621.319,0,92.552,6.625,31302.611,535.574,2965.954,431.716,27303.063,66.304,2652.961,2285.321,62.105,286.223,0,286.223,0,19.312,1879.777,1872.845,3.589,0,3.343,16.769,17.883,1.701,0,0,0,0,7.205,-4.462,0,-3.791,0,0,0,-1.767,16.842,15.008,93.831,0,0,-25.217,-66.78,0,0,0,0,0,0,43.357,67.84,0,-47.347,0,22.864,0,0,0,0,0,0,0,0,0,0,0,0,0,0,799.283,0.724,418.386,349.872,37.22,0,0,31.294,147.21,48.849,98.361,0,0.85,0,0,232.113
24,2018,0,0,0,35495.274,2785.645,44.771,2470.89,1956.83,452.985,55.489,5.586,3080.772,18363.597,0,0,1338.822,2.439,554.311,0,16443.126,24.899,258.095,216.126,41.969,221.263,54.314,166.949,7563.108,462.206,244.927,0,35495.274,34688.64,362.999,40.597,34.425,368.613,35495.274,14187.602,6666.946,14640.726,35495.274,1041.246,16579.437,1275.648,12.531,16441.058,145.354,4219.19,1944.16,1944.16,921.262,0,1022.898,0,0,0,2275.03,2349.164,465.612,0,1141.563,500,241.989,-74.134,-74.134,39855.47,1566.745,2801.702,35419.907,61.919,5.197,39885.47,425.691,0.549,74.516,35953.023,3431.691,3441.395,3054.591,81.509,272.517,0,272.517,0,32.778,2396.937,2349.417,38.912,5.612,2.996,15.177,21.131,1.593,0,0,0,0,9.104,-5.262,0,-6.245,0,0,0,-5.144,1.422,22.351,37.762,0,0,-11.831,-46.86,0,0,0,0,0,0,192.379,210.623,0,-21.457,0,3.213,0,99.713,18.176,0,0,0,0,83.02,0,-0.573,0,0,0,-0.91,872.878,0,413.924,329.453,36.068,48.403,0,0,114.415,0,114.415,0,42.28,0,0,302.259
24,2019,0,0,0,40918.793,3945.935,62.567,3298.05,2698.872,534.621,42.424,22.133,1876.193,19249.156,0,0,1333.071,4.359,878.924,0,16993.131,39.671,296.608,272.063,24.545,191.79,25.842,165.948,11165.356,574.543,258.595,0,40918.793,40189.29,190.453,87.241,98.219,353.59,40918.793,17765.45,11308.019,11845.324,40918.793,929.026,21654.493,1247.624,62.165,16993.129,32.356,10601.097,3492.087,3492.194,1815.498,0,1676.696,0,0,-0.107,7109.01,7207.794,1728.565,0,4755.536,500,223.693,-98.784,-81.523,49446.57,2398.769,3217.063,43765.694,59.775,5.269,49446.57,69.409,1.126,85.989,44613.426,4676.62,4600.345,3926.824,0,482.582,0,482.582,0,190.939,3384.416,3224.176,49.277,108.2,2.763,48.291,34.245,1.37,0,0,0,0,27.949,-5.561,0,-3.624,0,0,0,-6.088,7.5,11.942,35.948,0,0,-4.254,-36.136,0,0,0,0,0,0,310.215,340.062,0,-12.479,0,-17.368,0,161.992,10.466,0,18.271,0,0,136.346,0,-0.987,0,0,0,-2.104,1076.884,1.221,566.719,440.908,44.419,81.392,0,0,220.11,133.661,86.449,0,54.891,29.734,0,204.209
24,2020,0,0,0,44801.916,5753.939,67.784,4538.694,3989.17,500.875,37.414,11.235,2642.814,20109.423,0,0,1362.573,4.273,938.558,0,17735.981,68.038,442.367,417.123,25.244,149.21,23.84,125.37,10053.486,636.708,407.491,0,44801.916,43306.012,711.169,94.334,91.316,599.085,44801.916,21736.848,9857.461,13207.607,44801.916,543.736,25102.511,1384.962,34.726,17735.981,0,27537.294,5140.943,5148.468,4937.979,0,210.489,0,0,-7.525,22396.351,22424.702,11076.091,0,7091.611,4257,0,-28.351,0,64537.15,2379.943,4014.011,58075.076,62.846,5.274,64537.15,199.84,396.503,116.304,59288.295,4536.208,5075.804,3959.64,0,970.725,0,970.725,0,145.439,4506.045,4224.34,41.193,237.675,2.837,62.505,42.399,1.46,0,0,0,0,41.499,-6.114,0,-1.444,0,0,0,-15.295,37.644,37.628,68.594,0,0,-11.124,-57.454,0,0,0,0,0,0,852.272,856.006,0,-13.577,0,-7.418,17.261,0,0,0,0,0,0,0,0,0,0,0,0,0,1252.588,1.077,626.023,519.737,50.353,55.933,0,0,328.952,95.295,233.657,0,71.436,0,0,225.1
24,2021,0,0,0,50530.156,5337.407,0,4072.484,4072.484,0,0,0,3215.48,23199.67,0,0,1483.739,0,0,0,21715.931,0,0,0,0,0,0,0,10910.343,0,0,3794.772,50530.156,47541.836,1143.269,331.042,592.14,921.869,50530.156,21805.562,11673.335,17051.259,50530.156,435.858,26782.293,1471.023,21.5,21714.931,104.551,29145.492,552.541,552.541,352.541,0,200,0,0,0,28592.951,28639.063,10588.975,0,11901.864,6148.224,0,-46.112,0,66755.406,3091.184,7602.517,55930.474,107.062,24.169,66755.406,737.569,1.764,167.431,58349.845,7498.797,6086.498,4533.539,150.608,1353.576,0,1353.576,0,48.775,4600.29,4233.281,39.752,319.825,7.432,94.808,49.065,0,0,0,0,0,98.739,-8.289,0,-1.343,0,0,0,-43.364,11.767,32.097,85.309,0,0,-26.044,-79.595,0,0,0,0,0,0,475.575,499.327,0,-31.277,0,7.525,0,189.323,2.781,0,1.216,0,0,186.912,0,0,0,0,0,-1.586,1142.313,6.691,619.975,515.439,52.461,0,0,52.075,316.566,97.761,218.805,95.802,89.38,-89.112,0,103.011
24,2022,,,,63632.966,5639.993,0,3885.496,3885.496,0,0,0,2675.746,31806.415,0,0,2498.98,0,0,0,29307.435,0,0,0,0,0,0,0,13105.257,0,0,6520.059,63632.966,59512.33,1796.347,182.284,327.442,1814.563,63632.966,32096.231,9280.998,22255.737,63632.966,329.161,32546.215,1360.424,0,29307.435,89.731,23450.896,833.121,833.121,533.014,0,300.107,0,0,,22617.775,22647.082,9331.726,0,9407.696,3907.66,,-29.307,,75988.224,5181.225,9421.655,61273.532,95.49,16.322,75988.224,127.948,1.909,212.341,63849.645,11796.381,7117.428,5120.087,492.538,1444.335,0,1444.335,0,60.468,5306.548,4735.946,98.323,458.535,13.744,121.714,68.595,0,0,0,0,0,133.123,-12.955,0,-0.436,0,0,0,-66.613,55.61,101.453,97.351,0,0,-58.975,-84.219,0,0,0,0,0,0,61.667,63.287,0,-1.62,0,0,0,274.699,106.283,0,0,0,0,170.904,0,0,0,0,0,-2.488,1367.537,4.016,666.188,542.546,52.115,0,0,71.527,350.666,99.952,250.714,123.848,89.167,0,0,133.652
24,2023,1076.343,1076.343,,80754.43,8465.055,0,3368.051,3368.051,0,0,0,3863.144,36019.943,0,0,0,0,0,0,36019.943,0,2317.208,2317.208,0,0,0,0,16015.253,2692.589,1938.835,6074.352,80754.43,77114.842,1568.456,397.017,251.044,1423.071,80754.43,50433.686,12850.11,17470.634,80754.43,227.058,43451.732,913.924,0,36019.943,141.773,16440.405,346.65,346.65,146.65,0,200,0,,,16093.755,16093.755,8342.364,0,7751.391,0,,,,89995.715,7411.858,8183.181,74295.928,91.55,13.198,89995.715,1064.353,1.326,213.975,79201.369,9514.692,9760.915,7883.096,898.762,888.46,0,888.46,0,90.597,7761.017,7057.019,69.309,625.097,9.592,103.348,79.728,0,0,0,0,0,110.068,-17.068,0,0,0,0,0,-69.38,65.295,73.172,124.39,0,0,-51.8,-80.467,0,0,0,0,0,0,77.648,79.782,0,-2.134,0,0,0,150.647,149.75,0,0,0,0,11.562,0,0,0,0,0,-10.665,1469.723,17.547,666.384,527.705,57.724,0,0,80.955,422.16,98.915,323.245,167.456,101.773,0,0,94.403
24,2024,2770.816,2770.816,,93637.036,8177.995,0,2763.52,2763.52,0,0,0,6680.198,45517.875,0,0,1511.411,0,0,0,44006.464,0,0,0,0,0,0,0,17228.2,0,0,13269.248,93637.036,90380.767,769.999,491.717,496.483,1498.07,93637.036,58480.666,17826.226,17330.144,93637.036,124.128,48678.922,767.02,0,44006.464,60.502,19986.925,298.843,298.843,298.843,0,0,0,,,19688.082,19688.082,11337.826,0,8350.256,0,,,,94841.47,4596.959,7974.942,82167.416,95.918,6.235,94841.47,620.656,2.903,200.482,83084.436,10932.993,9721.857,7647.911,1126.668,848.415,0,848.415,0,98.863,6910.284,5811.306,203.962,890.831,4.185,136.726,187.36,0.86,0,0,0,0,43.409,-80.553,-0.572,-0.21,0,0,0,-13.568,80.215,99.86,79.728,0,0,-31.017,-68.356,0,0,0,0,0,0,19.009,21.213,0,-2.204,0,0,0,453.84,463.176,0,0,0,0,0.444,0,0,0,0,0,-9.78,1565.226,1.53,759.378,621.965,63.154,0,0,74.259,409.191,101.538,307.653,267.677,125.258,2.192,0,0
25,2015,0,0,0,11612.018,1042.382,947.265,1497.988,1384.19,44.218,0,69.58,2250.372,5119.878,0,0,203.051,13.6,0,4.47,835.427,4063.33,326.617,326.617,0,68.486,31.101,37.385,181.021,178.009,0,0,11612.018,10965.247,428.288,17.141,19.033,182.309,11612.018,8549.618,1333.934,1728.466,11612.018,26.883,3705.453,69.37,408.32,6716.04,685.952,0,0,0,0,0,0,0,0,0,0,0,0,0,0,0,0,0,0,13141.759,1550.12,11557.096,0,34.281,0.262,13474.759,1457.421,1877.526,209.791,9337.681,592.34,1313.359,1188.834,12.894,106.045,106.045,0,0,5.586,690.537,612.709,4.191,0,73.637,30.864,29.497,0.519,0,0,0,0,21.097,-6.59,-2.103,-11.139,0,0,0,-0.417,21.822,16.307,9.337,0,0,-3.822,0,0,0,2.565,3,-0.435,0,0,0,0,0,0,0,0,0,0,0,0,0,0,0,0,0,0,0,0,0,377.44,1.576,223.423,170.882,28.328,8.326,0,15.887,74.295,40.571,33.724,64.458,12.938,0.75,0,0
25,2016,0,0,0,12533.642,962.325,1054.33,1555.276,1404.045,80.829,0,70.402,2312.449,5767.642,0,0,200.745,5.168,0,78.122,1117.079,4366.528,347.892,347.892,0,102.372,74.317,28.055,214.686,216.67,0,0,12533.642,11782.774,421.067,62.681,28.315,238.805,12533.642,9436.637,1361.945,1735.06,12533.642,54.533,3914.641,56.789,476.826,7873.342,157.511,0,0,0,0,0,0,0,0,0,0,0,0,0,0,0,0,0,0,14168.928,1762.354,12379.113,0,27.186,0.275,14168.928,1379.814,1508.946,343.192,10803.648,133.328,1371.478,1229.369,12.128,123.249,123.249,0,0,6.732,737.979,696.219,1.8,0,39.96,33.836,28.17,0.566,0,0,0,0,24.904,-6.833,-2.035,-10.623,0,0,0,-0.313,18.561,20.257,3.191,0,0,-4.384,-0.503,0,0,-0.002,0,-0.002,0,0,0,0,0,0,0,0,0,0,0,0,0,0,0,0,0,0,0,0,0,370.767,2.293,203.473,31.38,0,7.752,0,164.341,84.922,53.38,31.542,64.892,14.302,0.885,0,0
25,2017,0,0,0,14105.444,1100.435,1177.192,1704.552,1608.338,82.288,0,13.926,1155.248,7954.59,0,0,75.228,8.545,0,222.411,2049.555,5598.851,351.347,351.347,0,134.434,93.773,40.661,158.722,263.469,105.455,0,14105.444,13071.423,613.695,25.564,76.918,317.844,14105.444,10590.709,1562.469,1952.266,14105.444,61.35,4169.543,2.109,222.193,9359.315,290.934,0,0,0,0,0,0,0,0,0,0,0,0,0,0,0,0,0,0,14849.499,1637.729,13137.586,0,73.868,0.316,14849.499,392.58,2091.7996,31.6984,10477.049,1856.372,1503.24,1358.886,33.003,105.753,105.753,0,0,5.598,846.645,765.941,0.544,0,80.16,37.931,29.095,0.737,0,0,0,0,28.851,-7.472,-1.893,-11.02,0,0,0,-0.367,18.323,20.887,0.112,0,0,-2.676,0,0,0,0,0,0,0,4.9678e-05,0,0,0,0,1.6088e-05,3.359e-05,0,0,0,0,0,0,0,0,0,0,0,0,0,402.234,2.286,231.809,173.694,49.678,8.437,0,0,85.502,43.586,41.916,66.67,15.533,0.434,0,0
25,2018,0,0,0,13671.099,1215.57,1173.003,1514.239,1385.065,72.001,53.26,3.913,1121.236,7081.256,0,0,64.29,0.956,0,160.442,3453.822,3401.746,320.338,315.25,5.088,183.307,119.723,63.584,714.433,219.869,127.848,0,13671.099,13188.643,181.504,33.711,48.994,218.247,13671.099,9965.841,1597.775,2107.483,13671.099,86.052,3867.625,0.602,407.735,9309.085,0,1813.328,0,0,0,0,0,0,0,0,1813.328,2064.349,931.519,0,0,0,1132.83,-251.021,-251.021,14678.435,1601.305,13055.837,0,21.147,0.146,14678.435,302.593,1863.012,305.709,10120.488,2086.633,1522.309,1388.565,51.28,76.121,76.121,0,0,6.343,861.754,808.404,0.339,0,53.011,42.974,28.99,0.773,0,0,0,0,34.886,-8.247,-1.864,-11.059,0,0,0,-0.505,24.841,26.338,0.269,0,0,-1.766,0,0,0,0,0,0,0,0,0,0,0,0,0,0,0,0,0,0,0,0,0,0,0,0,0,0,0,449.103,2.325,286.629,218.537,43.172,11.08,0,13.84,83.569,48.962,34.607,60.957,14.987,0.636,0,0
25,2019,0,0,0,14556.951,1125.631,942.023,1358.314,1275.328,66.17,14.054,2.762,1315.599,8172.527,0,0,90.129,107.296,0,109.009,3327.305,4538.788,378.245,360.717,17.528,262.444,191.182,71.262,648.05,202.777,151.341,0,14556.951,14048.066,226.58,36.211,28.25,217.844,14556.951,10579.519,1426.315,2551.117,14556.951,77.114,3495.859,89.884,112.967,10454.922,326.205,819.628,0,0,0,0,0,0,0,0,819.628,1050.857,250,0,0,0,800.857,-231.229,-231.229,15667.758,1737.201,13912.147,0,18.261,0.149,15667.758,410.778,1872.013,166.188,10731.092,2487.687,1639.732,1531.709,61.073,33.171,33.171,0,0,13.779,907.431,873.446,5.578,0,28.407,44.031,27.234,0.711,0,0,0,0,37.549,-7.837,-1.612,-11.246,0,0,0,-0.768,11.589,7.475,4.43,0,0,-0.316,0,0,0,0,0,0,0,0,0,0,0,0,0,0,75.426,0,0,0,0,0,92.781,0,0,0,0,0,-17.355,495.328,2.864,299.93,219.819,44.101,12.378,0,23.632,86.969,51.013,35.956,67.416,14.735,0,0,23.414
25,2020,0,0,0,15447.55,1191.026,989.028,1441.014,1018.012,399.015,12.399,11.588,1278.538,9199.308,0,0,114.425,51.19,0,83.317,3059.182,5891.194,318.76,296.171,22.589,297.452,234.165,63.287,554.989,177.435,0,0,15447.55,15100.04,124.445,19.281,19.017,184.767,15447.55,10931.458,1742.064,2774.028,15447.55,101.356,4069.557,84.162,92.932,10741.373,358.17,522.403,0,0,0,0,0,0,0,0,522.403,752.229,0,0,0,0,752.229,-229.826,-229.826,18223.634,1972.117,16228.495,0,18.967,4.055,18223.634,113.215,69.12,191.481,12323.988,5525.83,1573.131,1535.38,12.332,14.03,14.03,0,0,11.389,982.462,952.524,1.648,0,28.29,37.571,23.612,0.572,0,0,0,0,35.545,-7.369,-1.387,-11.113,0,0,0,-2.289,31.571,9.959,22.011,0,0,-0.399,0,0,0,-0.04,0,-0.04,0,0,0,0,0,0,0,0,87.577,85.341,0.028,0,0,0,10.582,0,0,0,0,0,-8.374,468.663,1.626,286.415,213.366,46.774,11.924,0,14.351,88.982,53.63,35.352,75.044,15.974,0.622,0,0
25,2021,0,0,0,16502.139,1718.259,883.94,1384.932,1230.669,139.5,3.623,11.14,1235.824,9723.51,0,0,265.932,17.836,0,0,3221.045,6218.697,315.279,288.151,27.128,330.779,249.843,80.936,588.092,221.524,100,0,16502.139,15778.044,398.81,41.534,106.65,177.101,16502.139,11693.831,1528.165,3280.143,16502.139,218.749,4088.441,74.794,68.721,11774.058,277.376,330.463,0,0,0,0,0,0,0,0,330.463,657.446,0,0,0,0,657.446,-326.983,-326.983,18105.487,2319.499,15759.673,0,22.061,4.254,18105.487,64.417,13.673,198.053,12282.779,5546.565,1534.169,1518.583,3.697,5.555,5.555,0,0,6.334,944.998,868.118,0.053,0,76.827,27.761,24.298,0.539,0,0,0,0,28.944,-7.717,-1.405,-12.189,0,0,0,-4.709,39.981,5.869,37.194,0,0,-3.082,0,0,0,0,0,0,0,0,0,0,0,0,0,0,119.3,0,0,0,0,0,133.904,0,0,0,0,0,-14.604,573.544,2.187,362.651,269.812,46.846,22.447,0,23.546,108.694,57.35,51.344,66.203,18.069,15.74,0,0
25,2022,,,,18714.226,1980.565,970.451,1214.204,1076.726,118.389,11.607,7.482,1674.684,10886.09,0,0,232.169,33.748,0,0,3541.247,7078.926,312.557,282.788,29.769,323.983,214.692,109.291,1061.532,240.16,50,0,18714.226,17831.097,485.527,75.807,87.445,234.35,18714.226,13253.131,1675.915,3785.18,18714.226,193.601,4580.478,44.616,56.261,13595.921,243.349,1285.773,1105.178,1105.178,1105.178,0,0,0,,,180.595,603.439,0,0,0,0,603.439,-422.844,-422.844,20499.407,1879.253,18589.03,0,26.774,4.35,20499.407,627.417,11.69,173.031,13650.217,6037.052,1886.625,1812.599,55.053,7.25,7.25,0,0,11.723,1011.307,903.09,0.023,0,108.194,38.205,27.852,0.611,0,0,0,0,38.313,-9.069,-1.457,-14.12,0,0,0,-3.925,47.797,30.336,23.664,0,0,-5.488,-0.715,0,0,0,0,0,0,0,0,0,0,0,0,0,90.647,0,0,0,0,0,100.89,0,0,0,0,0,-10.243,568.001,2.309,359.877,269.471,47.902,22.368,0,20.136,104.64,59.285,45.355,82.757,17.789,0.629,0,0
25,2023,,,,19967.377,1971.967,890.552,1132.551,967.802,127.368,30.867,6.514,1952.833,11925.818,0,0,193.75,29.933,0,0,3703.9,7998.235,381.861,337.981,43.88,289.847,197.696,92.151,1171.576,250.372,0,0,19967.377,19076.2,486.665,136.03,36.058,232.424,19967.377,14344.882,1596.804,4025.691,19967.377,170.026,4831.64,53.389,46.15,14655.542,210.63,,,,,,,,,,1227.562,1283.888,1077.569,0,,,206.319,-56.326,,23556.779,1704.344,21825.005,0,21.674,5.756,23556.779,611.904,9.132,161.208,16350.355,6424.18,2529.101,2359.579,110.537,47.602,47.602,0,0,11.383,1637.157,1539.874,0.011,0,97.272,39.004,25.956,0.317,0,0,0,0,39.977,-9.218,-1.326,-15.428,0,0,0,-1.274,33.611,20.158,18.655,0,0,-0.081,-5.121,0,0,0,0,0,0,0,0,0,0,0,0,0,199.837,0,0,0,0,0,210.782,0,0,0,0,0,-10.945,570.437,2.773,358.763,265.043,53.623,17.118,0,22.979,110.392,62.354,48.038,77.167,20.969,0.373,0,0
25,2024,,,,21834.544,2936.743,675.556,1166.835,1019.088,109.657,26.656,11.434,1830.56,12830.216,0,0,152.78,28.863,0,0,4236.342,8412.231,363.212,315.919,47.293,639.953,240.455,399.498,1124.719,266.75,0,0,21834.544,20156.419,1096.984,84.378,96.019,400.744,21834.544,15718.049,1858.695,4257.8,,,,,,16097,,3573.338,0,0,0,0,0,0,,,3573.338,3645.74,1257.802,0,2100,,287.938,-72.402,,24413.123,1906.05,22478.938,0,25.886,2.249,24413.123,85.297,7.616,146.537,16731.053,7442.62,2175.145,1896.013,175.766,88.471,88.471,0,0,14.895,1470.867,1193.971,0.279,0,276.617,33.527,25.456,0.28,0,0,0,0,39.357,-10.09,-1.455,-15.956,0,0,0,-4.065,19.16,20.716,0.028,0,0,-1.584,0,0,0,0,0,0,0,0,0,0,0,0,0,0,143.904,0,0,0,0,0,157.439,0,0,0,0,0,-13.535,630.387,2.375,375.095,262.636,58.586,28.833,0,25.04,124.918,67.253,57.665,104.187,23.812,0,0,0
26,2015,0,0,0,15882.795,4026.02,1885.847,4171.961,3561.948,26.768,96.986,486.259,1188.661,3606.402,0,0,143.904,8.511,1.796,0,443.576,3008.615,950.705,949.687,1.018,9.828,9.754,0.074,0.135,22.368,20.868,0,15882.795,15020.928,424.476,106.818,128.555,202.018,15882.795,9606.465,2962.286,3314.044,15882.795,2149.086,8958.794,24.307,174.292,3890.913,685.403,0,0,0,0,0,0,0,0,0,0,0,0,0,0,0,0,0,0,16864.93,4032.654,12631.283,0,191.146,9.847,16864.93,0,0,0,10577.097,6287.833,1413.357,1114.125,95.823,172.705,172.705,0,0,30.704,758.09,744.002,13.04,0,1.048,21.829,12.187,24.399,0,0,0,0,20.337,-6.198,0,-7.68,0,0,-0.048,-21.168,6.107,6.079,18.736,0,0,-13.419,-5.289,0,0,0,0,0,0,36.015,43.26,0,-1.564,0,-5.681,0,0,0,0,0,0,0,0,0,0,0,0,0,0,485.011,9.104,222.692,205.179,16.616,0.859,0,0.038,121.634,32.153,89.481,116.859,13.986,0,0,0.736
26,2016,0,0,0,17534.132360519,3007.215573451,1941.143129099,3697.374433508,3009.524909748,29.39845427,90.554209278,567.896860212,1633.565438913,5244.497893332,0,0,85.222266033,11.187665047,1.04603,0,563.421518748,4583.620413504,1176.960004027,1162.71316894,14.246835087,5.584270566,5.584270566,0,0,355.273945626,472.517671997,0,17534.132360519,16868.680771296,232.635986152,56.307759921,104.568805195,271.939037955,17534.132360519,9446.230201381,3541.846214163,4546.055944975,17534.132360519,10860.793481956,0,0,0,5653.922332078,1019.416546485,0,0,0,0,0,0,0,0,0,0,0,0,0,0,0,0,0,0,18297.115686684,3879.597352966,14250.18221428,0,100.11354836,67.222571078,18297.115686684,0,0,0,11859.95202729,6437.163659394,1490.786781679,1263.305283155,21.896814307,177.505639914,0,177.505639914,0,28.079044303,795.446564049,790.05260196,4.361071205,0,1.032890884,16.75798703,10.889443277,18.649710023,0,0,0,0,19.052662403,-6.445044015,0,-7.885628355,0,0,-0.081706426,-17.421449877,25.336087484,14.592193092,12.556545982,0,0,-0.000367961,-1.812283629,0,0,0,0,0,0,7.195538792,5.5635089,0,-3.798763428,0,5.43079332,0,0,0,0,0,0,0,0,0,0,0,0,0,0,419.228946376,8.241471115,211.554222509,16.754960423,0,0.774899436,0,194.02436265,100.668937618,24.176160767,76.492776851,84.433091018,14.331224116,0,0,0
26,2017,0,0,0,21421.022996354,3865.25973,1079.13176,4391.89688,3353.20049,125.65744,102.62097,810.41798,2339.2626,6373.198306354,0,1.0634,134.58982,2.75985,17.78002,0,382.10072,5834.904496354,1731.55379,1713.97057,17.58322,8.3264,7.0094,1.317,89.11725,447.81028,1095.466,0,21421.022996354,20198.949186864,506.894555392,83.266119626,106.661169694,525.251964778,21421.022996354,11235.805295113,3994.997904742,6190.219796499,21421.022996354,14581.697629999,0,0,0,6782.42377,56.901596355,0,0,0,0,0,0,0,0,0,0,0,0,0,0,0,0,0,0,22877.378274548,5391.88594569,17320.668802846,0,118.254256434,46.569269578,22877.378274548,0,0,0,13286.460048544,9590.918226004,1862.826684646,1545.831450495,100.854241838,176.305840656,0,176.305840656,0,39.835151657,1079.214474113,1066.792718399,11.596724384,0,0.82503133,21.966316922,15.192303116,20.759243405,0,0,0,0,24.656050712,-6.952288791,0,-8.888719976,0,0,-0.06169,-22.738581544,30.395418948,23.130068313,10.945225103,0,0,-0.255849439,-3.424025029,0,0,0,0,0,0,9.39899849,9.02949658,0,0,0,0.36950191,0,0,0,0,0,0,0,0,0,0,0,0,0,0,476.856661424,9.444159393,250.665829853,230.158209457,18.250957983,0.969673359,0,1.286989054,95.767329918,21.68041396,74.086915958,103.660825927,17.318516333,0,0,0
26,2018,0,0,0,22051.62468811,3175.37045811,892.58463,4798.12109,3615.30667,125.69849,151.20346,905.91247,2605.81307,6233.21928,0,0,300.61661,32.78284,264.7754,2.64614,295.24027,5337.15802,1933.88803,1813.83195,120.05608,134.1814,13.26287,120.91853,684.2606,802.81949,791.36664,0,22051.62468811,20905.236300442,471.334374658,113.501857701,141.34270611,420.209449199,22051.62468811,10438.125417282,3758.583129812,7854.916141016,22051.62468811,1789.43433,12083.21687811,33.02913,104.03465,7956.72702,85.18268,3869.090093856,2805.837832075,2783.856285557,0,1783.856453616,133.472888872,866.526943069,37.221871548,-15.24032503,1063.252261781,1806.36289811,0,0,0,0,1806.36289811,-743.110636329,-743.110636329,23344.960373368,4276.098928409,18863.778462636,0,204.839100799,0.243881524,23344.960373368,0,0,0,13818.036136276,9526.924237092,2002.938352275,1747.394513655,23.337468061,184.309012142,0,184.309012142,0,47.897358417,1155.126617401,1131.275204584,21.627907727,0.909589065,1.313916025,32.649510242,22.229595746,22.952362575,0,0,0,0,31.245848806,-9.081331462,0,-9.0663695,0,0,-0.02076,-25.609835923,42.196165083,33.199984063,13.726694621,0,0,-0.000602434,-4.729911167,0,0,0,0,0,0,6.554883584,10.590500264,0,0,0,-4.03561668,0,267.84734935,0,0,0,0,0,283.537990112,0,0,0,0,0,-15.690640762,519.58200227,10.734385167,274.131407951,251.452201089,20.293736557,1.017192805,0,1.3682775,103.87232397,22.36232961,81.50999436,111.780954662,19.06293052,0,0,0
26,2019,0,0,0,23696.7141868,3715.437,986.905,4536.265,3347.725,116.828,113.79,957.922,3235.795,6969.7261868,0,0,13.437,34.739,192.209,56.123,477.586,6195.6321868,1504.252,1331.855,172.397,139.469,10.407,129.062,987.657,672.572,948.636,0,23696.7141868,22701.296862651,246.780993257,44.629728026,131.475028974,572.531573892,23696.7141868,11856.879492876,3260.544251433,8579.290442491,23696.7141868,14462.557,0,0,0,9066.029,168.1281868,3248.181159568,2616.604867037,2598.918374259,1695.696791052,0,106.49804568,796.723537527,37.221871548,-19.53537877,631.576292531,1373.766905308,0,0,0,0,1373.766905308,-742.190612777,-742.190612777,25388.098405766,4378.082393329,20818.728882279,0,191.045459884,0.241670274,25388.098405766,0,0,0,17069.007575624,8319.090830142,2817.056583019,1991.680021987,32.054768171,172.107877021,0,172.107877021,0,621.21391584,1402.631614876,1304.852756846,75.313779711,0,22.465078319,32.458548201,24.607246064,23.518068563,0,0,0,0,28.08237276,-10.00267275,0,-9.797903592,0,0,-0.11406,-23.834502844,50.644084476,10.614382927,43.532112535,0,0,-0.000135775,-3.502275211,0,0,0,0,0,0,7.103603695,11.398657435,0,0,0,-4.29505374,0,237.317815282,0,0,0,0,0,428.114592787,0,0,0,0,0,-190.796777505,561.66543801,11.196044506,308.820968095,281.887532142,21.79647354,1.053078413,0,4.083884,106.948804212,20.136515455,86.812288757,113.570280426,21.129340771,0,0,0
26,2020,0,0,0,25675.229114079,3505.517,935.964,4457.403,3057.908,98.757,90.374,1210.364,3387.476,8050.020114079,0,0,325.467,35.51,178.61,28.011,416.416,7066.006114079,1822.133,1791.989,30.144,153.388,15.798,137.59,1581.434,517.357,1264.537,0,25675.229114079,24843.972096609,204.766769184,68.847065762,68.191740742,489.451441782,25675.229114079,13506.834483152,2983.099571086,9185.295059841,25675.229114079,15644.109,0,0,0,9857.077,174.043114079,2402.42099087,2120.286535689,2107.744358221,1916.226566262,0,104.517791959,87,37.221871548,-24.67969408,282.134455181,574.511529089,0,0,0,0,574.511529089,-292.377073908,-292.377073908,28738,5837.47260122,22711.875733976,0,188,0.240859635,28737.831665798,0,0,0,19521.139380725,9216.692285073,2371.216402023,2123.084714232,30.996669276,145.722113332,0,145.722113332,0,71.412905183,1464.788372924,1456.378595828,6.054657533,0,2.355119563,29.995133628,23.664229668,20.559624257,0,0,0,0,25.460631243,-10.972556737,0,-9.682867168,0,0,-0.02383,-19.010097635,31.500381445,12.911708393,18.82525419,0,0,-0.002465225,-0.234115913,0,0,0,0,0,0,21.32487975,36.32487975,0,0,0,-15,0,157.547202881,0,0,0,0,0,182.902406785,0,0,0,0,0,-25.355203904,655.043136728,12.694328074,361.193895842,331.539682043,23.88190553,1.15032008,0,4.621988189,119.910182259,23.013177713,96.897004546,134.768751739,26.475978814,0,0,0
26,2021,0,0,0,27498.895,1698.875,1304.072,1184.801,135.159,417.194,51.859,580.589,2981.683,13849.683,0,0,156.589,1.048,3.566,0,281.525,13406.955,1435.436,1433.16,2.276,9.788,6.632,3.156,1423.928,536.865,3073.764,0,27498.895,26460.27,344.689,87.848,122.598,483.49,27498.895,14363.119,4059.653,9076.123,27498.895,597.449,16456.554,4.299,2.099,9867.651,570.843,3121.908,2509.885,2508.641,1878.36,0,200.049,430.232,6.119,-4.875,612.023,707.649,0,0,0,0,707.649,-95.626,-95.626,28074.529,4156.684,23756.502,0,161.105,0.238,28074.529,0,0,0,20585.589,7488.94,2396.78,2119.676,54.085,122.807,0,122.807,0,100.212,1658.666,1320.82,3.25,6.656,327.94,48.352,25.034,21.541,0,0,8.051,0,30.068,-11.464,-8.257,-0.107,0,0,0,-16.514,21.661,8.16,17.772,0,0,-0.005,-4.266,0,0,0,0,0,0,61.77,58.033,0,-1.068,0,4.805,0,293.467,251.179,0,0,0,0,46.566,0,0,0,0,0,-4.278,664.372,11.105,395.028,364.417,25.221,0.349,0,5.041,126.611,28.439,98.172,102.56,29.068,0,0,0
26,2022,,,,29050.846,1700.928,2012.812,633.266,107.783,244.334,33.317,247.832,3144.377,14891.334,0,0,140.499,20.732,3.269,0,301.417,14425.417,856.142,848.465,7.677,55.292,9.232,46.06,2223.5,693.264,2839.931,0,29050.846,27821.12,485.183,62.262,119.495,562.786,29050.846,15796.165,3189.797,10064.884,29050.846,825.859,14946.051,352.097,5.92,12794.855,126.064,3266.307,2537.295,2536.489,2336.447,0,200.042,0,,,729.012,951.905,0,0,0,0,951.905,-222.893,-222.893,31259.873,5446.216,25667.894,0,145.72,0.043,31259.873,5446.216,25667.894,0,145.72,0.043,2748.34,2284.878,143.445,156.532,0,156.532,0,163.485,1538.115,1425.241,20.487,21.5,70.887,79.225,33.608,31.728,0,0,0,0,52.341,-10.502,-11.09,-0.051,0,0,0,-16.809,42.681,18.859,130.45,0,0,-0.02,-106.608,0,0,0,0,0,0,27.266,29.338,0,-5.518,0,3.446,0,152.04,120.46,0,0,0,1.752,48.471,0,0,0,-1.225,-1.108,-16.31,745.913,12.095,458.595,419.14,28.899,0.339,0,10.217,134.481,35.986,98.495,109.96,30.782,0,0,0
26,2023,,,,35335.012,3905.185,2239.021,972.602,604.795,197.157,28.59,142.06,3955.534,16038.509,0,7.096,195.796,57.523,23.986,31.324,338.534,15384.25,1026.538,988.639,37.899,127.442,64.235,63.207,2099.411,905.616,4065.154,0,35335.012,33935.227,494.288,189.216,264.729,451.552,35335.012,19125.612,4215.036,11994.364,35335.012,493.378,19610.943,600.896,14.049,14560.599,55.147,2932.81,2225.648,2225.648,1725.646,0,0,500.002,,,707.162,949.273,,,,,949.273,-242.111,-238.361,35729.811,5913.319,29585.979,0,230.48,0.033,35729.811,0,0,0,26103.382,9626.429,3461.483,3003.421,162.666,116.739,0,116.739,0,178.657,2154.514,2078.126,34.712,24.971,16.705,34.69,27.767,29.152,0,0,22.38,0,20.002,-5.036,-10.87,0,0,0,0,-48.705,19.451,24.053,53.822,0,0,-0.009,-58.415,0,0,0,0,0,0,-3.454,0.046,0,-1.179,0,-2.321,0,41.297,0,0,0,0,0,43.472,0,0,0,0,0,-2.175,808.207,13.531,482.687,433.154,36.437,0.485,0,12.611,145.252,40.682,104.57,130.786,35.91,0.041,0,0
26,2024,,,,41236.482,3633.276,3022.579,1326.479,754.812,314.404,24.03,233.233,4609.84,17143.481,0,0,231.377,83.666,40.262,0,2451.302,14336.874,1066.705,1005.695,61.01,265.889,130.484,135.405,3529.288,754.679,5884.266,0,41236.482,39555.514,620.051,182.232,259.971,618.714,41236.482,23240.985,5152.172,12843.325,41236.482,707.171,22694.51,220.931,53.114,17307.958,252.798,4250.897,1879.677,1711.676,1711.676,0,0,0,225.338,-57.337,2371.22,2739.483,0,0,1600,0,1139.483,-368.263,-368.263,43325.745,6113.271,36989.144,0,223.299,0.031,43325.745,0,0,0,30069.561,13256.184,3496.81,3002.472,264.939,101.416,0,101.416,0,127.983,1837.972,1771.683,4.341,32.927,29.021,17.904,28.185,28.678,0,0,0,0,43.224,-5.959,-11.968,0,0,0,0,-64.256,0.251,15.663,40.97,0,0,-0.008,-56.374,0,0,0,0,0,0,-54.677,0,0,-1.089,0,-53.588,0,208.933,200.022,0,0,0,0.992,8.935,0,0,0,-0.628,-0.158,-0.23,973.967,14.782,589.146,540.404,41.728,0.709,0,6.305,166.46,46.312,120.148,162.741,40.838,0,0,0
27,2015,0,0,0,20866.403,4173.718,0,1877.611,1877.611,0,0,0,890.89,3383.286,0,0,0,1716.734,0,0,1666.552,0,0,0,0,0,0,0,5828.285,3615.155,0,1097.458,20866.403,20219.909,455.965,79.859,23.607,87.063,20866.403,11311.669,6391.401,3163.333,20866.403,0,14862.121,45.579,124.346,5718.732,115.625,0,0,0,0,0,0,0,0,0,0,0,0,0,0,0,0,0,0,24368.265,699.594,23575.476,0,52.708,40.487,24368.265,2212.699,0,7.102,18224.152,3924.312,2598.017,224.408,153.364,178.646,178.646,0,0,2041.599,1618.223,1526.416,85.828,0,5.979,42.929,16.188,0,0,0,0,0,48.077,-7.676,0,-8.033,0,0,0,-5.627,0.635,8.73,1.7,0.755,0,-9.881,-0.089,-0.58,0,-7.577,0,-7.577,0,29.1,34.973,0,-5.873,0,0,0,0,0,0,0,0,0,0,0,0,0,0,0,0,588.53,0,238.208,211.724,18.64,7.844,0,0,57.447,57.447,0,0,0,0,0,292.875
27,2016,0,0,0,24039.291,0,0,2365.906,2365.906,0,0,0,930.401,3856.428,0,0,0,436.058,0,0,3420.37,0,0,0,0,0,0,0,7017.34,0,0,9869.216,24039.291,20879.863,2453.471,285.315,97.986,322.656,24039.291,14012.876,6623.122,3403.293,24039.291,0,14695.938,49.112,445.325,8692.755,156.161,0,0,0,0,0,0,0,0,0,0,0,0,0,0,0,0,0,0,34080.117,1538.534,32425.931,0,96.846,18.806,34080.117,1132.294,0,8.392,27369.622,5569.809,3211.377,2808.896,109.254,271.443,268.797,2.646,0,21.784,2062.781,2017.968,18.647,0.042,26.124,23.931,20.182,0,0,0,0,0,43.484,-12.595,0,-8.479,0,0,0,-18.661,20.322,22.361,2.651,0.608,0,-4.805,-0.485,-0.008,0,-0.15,0,-0.15,0,58.206,60.302,0,-0.158,0,-1.938,0,0,0,0,0,0,0,0,0,0,0,0,0,0,781.533,0,323.855,288.763,23.8,11.292,0,0,61.91,61.91,0,0,0,1.146,0,394.622
27,2017,0,0,0,36345.54,9949.9,0,2696.793,2696.793,0,0,0,1455.738,7386.589,0,0,0,1261.559,0,0,6125.03,0,0,0,0,0,0,0,8894.459,3224.805,0,2737.256,36345.54,34522.943,1114.783,18.932,464.819,224.063,36345.54,23924.136,6167.169,6254.235,36345.54,0,24410.085,35.769,113.078,11665.387,121.221,10180.067,4695.01,4696.948,3291.395,0,747.153,658.4,0,-1.938,5485.057,5673.424,1861.005,0,1223.562,0,2588.857,-188.367,-188.367,39860.577,2361.113,37294.625,0,121.545,83.294,39860.577,1159.443,4656.681,66.957,32329.615,1647.881,3939.409,3429.073,112.689,372.488,372.488,0,0,25.159,2753.338,2507.791,27.571,130.058,87.918,27.031,0,32.61,0,0,0,0,43.255,-19.992,0,-5.328,0,0,-21.061,-2.453,25.235,25.417,5.679,0.371,0,-1.822,-4.403,-0.007,0,-3.468,0.125,-1.903,-1.69,151.899,151.97,0,-0.071,0,0,0,0,0,0,0,0,0,0,0,0,0,0,0,0,861.316,0,413.321,376.959,26.942,9.42,0,0,223.246,69.091,154.155,0,42.871,-6.395,0,188.273
27,2018,63.324,0,144.141,50814.947,11407.859,0,9690.467,3335.038,6355.429,0,0,781.87,10546.257,0,0,0,1221.882,0,0,9324.375,0,0,0,0,0,0,0,5419.978,9305.092,0,3663.424,50814.947,49232.951,797.274,215.304,56.889,512.529,50814.947,35878.499,7298.165,7638.283,50814.947,0,34814.877,45.116,0.326,15874.29,80.338,9041.087,3829.983,3836.046,1716.374,0,1311.272,808.4,0,-6.063,5211.104,5320.257,4025.424,0,1127.154,0,167.679,-109.153,-109.153,54187.107,2149.044,50871.41,0,153.544,1013.109,54187.107,1629.159,6522.733,88.953,44028.69,1917.572,5246.705,4600.739,126.979,483.962,483.962,0,0,35.025,3540.092,3288.978,35.948,192.018,23.148,52.524,0,67.768,0,0,0,0,45.281,-41.925,0,-0.893,0,0,-16.885,-0.822,29.873,27.489,16.449,0.224,0,-4.63,-9.653,-0.006,0,-68.594,0,0,-68.594,29.255,74.742,0,-41.362,0,-4.125,0,0,0,0,0,0,0,0,0,0,0,0,0,0,1154.419,0,616.026,572.907,33.079,0.369,0,9.671,254.139,83.818,170.321,0,54.092,-67.846,0,298.008
27,2019,127.921,0,144.141,67545.653,20104.275,0,11931.178,3107.444,8823.734,0,0,4651.534,13586.554,0,0,0,2319.161,0,0,11267.393,0,0,0,0,0,0,0,3929.98,10026.674,0,3315.458,67545.653,64148.004,2063.887,531.871,537.186,264.705,67545.653,49297.747,7698.465,10549.441,67545.653,0,46301.282,19.232,2.161,21175.224,47.754,7424.193,4324.963,4331.101,1716.797,0,1795.904,818.4,0,-6.138,3099.23,3099.23,2529.771,0,569.459,0,0,0,0,70744.212,3136.256,67358.598,0,200.16,49.198,70744.212,1636.532,7324.361,115.018,59265.071,2403.23,7120.834,6417.043,174.135,487.813,487.813,0,0,41.843,4934.698,4606.999,36.616,270.709,20.374,76.365,67.812,0,0,0,0,42.233,50.464,-61.808,0,-0.667,0,0,-18.644,-3.025,24.728,31.333,6.683,0.277,0,-3.633,-9.927,-0.005,0,64.597,67.19,-2.593,0,115.91,148.117,0,-32.132,0,-0.075,0,0.331,8.913,1.013,0,0,0,15.293,0,0,-17.859,0,0,-7.029,1553.65,0,795.2,732.096,45.568,0.146,0,17.39,275.945,75.046,200.899,0,72.735,18.542,0,391.228
27,2020,127.921,0,144.141,89171.618,22201.44,0,17100.257,2923.639,14176.618,0,0,12813.543,14001.329,0,0,0,1222.786,0,0,12778.543,0,0,0,0,0,0,0,2786.735,16059.283,0,4209.031,89171.618,86089.251,2338.597,138.75,137.123,467.897,89171.618,54740.963,16010.236,18420.419,89171.618,0,65252.927,0,0.032,23816.261,102.398,20286.783,7137.171,7141.959,4993.616,0,1499.943,648.4,0,-4.788,13149.612,13150.962,9749.713,0,1271.216,180,1950.033,-1.35,0,98254.031,4734.896,92074.066,0,1418.7,26.369,98254.031,2555.913,12332.141,157.742,79838.724,3369.511,9077.13,8422.428,118.092,471.063,471.063,0,0,65.547,6473.185,5970.93,18.386,438.529,45.34,117.408,85.441,0,0,0,0,71.792,52.791,-51.261,0,-0.841,0,0,-35.892,-4.622,46.329,67.753,8.864,0.48,0,-24.483,-5.885,-0.4,0,12.12,12.12,0,0,195.997,197.097,0,-1.1,0,0,0,218.602,201.646,9.152,0,0,0,15.422,0,0,0,0,0,-7.618,1630.769,0,770.741,687.985,60.074,0.599,0,22.083,363.803,92.995,270.808,0,99.837,-13.989,0,410.377
27,2021,127.921,0,144.141,102653.266,22993.805,0,14101.214,2774.895,11326.319,0,0,12142.802,15282.033,0,0,0,2158.871,0,0,13123.162,0,0,0,0,0,0,0,6569.527,22398.666,0,9165.219,102653.266,99023.365,2016.764,321.506,192.739,1098.892,102653.266,49743.605,24798.591,28111.07,102653,0,77504,0,0,25077,72,22858.438,9961.82,9990.857,5207.436,0,2400.045,2383.376,0,-29.037,12896.618,13173.557,10522.954,0,1073.41,200,1377.193,-276.939,-275.439,115319.388,10483.864,104474.553,0,302.477,58.494,115319.388,3511.498,17933.944,343.536,88128.497,5401.913,11054.339,10124.646,71.654,716.98,716.98,0,0,141.059,6771.15,6110.714,52.684,563.12,44.632,207.65,97.631,0,0,0,0,51.438,131.516,-67.148,0,-0.889,0,0,-0.391,-4.507,45.872,86.247,20.623,0.215,0,-40.52,-20.688,-0.005,0,0,0,0,0,272.986,297.39,0,-0.005,0,-24.399,0,8.826,15.726,1.037,0,0,0,7.424,0,0,0,0,0,-15.361,2239.731,0,1332.87,1218.013,67.765,0.139,0,46.953,438.156,108.914,329.242,0,128.455,-6.784,0,347.034
27,2022,,,,119538.34,37639.806,10346.815,13434.52,3706.926,9484.311,55.129,188.154,12031.681,17200.068,0,0,23.613,3532.132,31.33,0,13579.432,33.561,1276.625,1271.12,5.505,130.056,5.22,124.836,8602.831,18790.483,85.455,0,119538.34,114575.338,3351.764,159.761,131.749,1319.728,119538.34,62493.606,21893.368,35151.366,119538.34,0,92804.327,0.076,15.418,26669.441,49.078,25658.747,13442.745,13348.229,3573.245,0,7450,2324.984,144.141,-49.625,12216.002,12853.817,10083.992,0,1025.605,0,1744.22,-637.815,-637.815,124993.335,8267.779,116397.253,0,251.649,76.654,124993.335,4197.155,26.492,579.587,101983.707,18206.394,12966.35,11520.471,278.661,1016.244,1016.244,0,0,150.974,7847.229,6982.177,85.627,720.52,58.905,274.892,174.782,3.569,0,0,0,70.793,153.665,-117.73,-4.01,0,0,0,0,-6.177,57.046,193.869,95.194,0.269,0,-139.296,-92.935,-0.055,0,0,0,0,0,119.367,122.296,0,-0.061,0,-4.368,1.5,302.522,310.599,1.549,0,0,0,7.805,0,0,0,0,-13.896,-3.535,2841.928,0,1526.95,1386.409,83.003,0.372,0,57.166,110.661,110.661,0,0,0,0,0,1204.317
27,2023,,,,141438.441,55693.32,10433.935,15977.033,3623.355,11513.182,28.715,811.781,10241.206,18043.378,0,0,53.62,3683.797,344.531,0,13949.297,12.133,1285.171,1279.707,5.464,210.861,10.913,199.948,12802.865,15730.332,1020.34,0,141438.441,133053.654,5395.665,820.666,1182.425,986.031,141438.441,77393.62,20841.076,43203.745,141438.441,0,113252.277,0.265,8.142,28125.006,52.751,24068.777,13091.963,12966.667,3084.093,0,9582.574,300,144.141,-18.845,10976.814,10976.814,9977.613,0,999.201,0,0,0,0,145428.945,9997.386,134373.842,0,288.026,769.691,145428.945,6245.555,40.197,616.924,110553.797,27972.472,19338.34,17246.142,616.668,1075.43,1075,0,0,400.1,12691.031,11306.927,213.26,1094.283,76.561,590.031,717.001,3.124,0,0,0,0,421.375,-536.51,-3.507,0,0,0,0,-11.452,14.607,207.706,63.763,0.386,0,-87.285,-169.666,-0.297,0,0,0,0,0,59.287,70.892,0,-42.385,0,30.78,0,332.939,496.895,1.158,0,0,0,1.467,0,0,0,0,-9.068,-157.513,3492.455,0,1888.273,1706.557,112.269,0,0,69.447,145.802,145.802,0,0,174.845,6.126,0,1277.409
27,2024,,,,167737.997,71636.507,9138.305,11595.281,3560.168,7758.888,24.518,251.707,12418.316,15408.802,0,0,137.8,2687.391,317.026,0,12243.761,22.824,965.062,963.352,1.71,1028.796,150.859,877.937,19982.38,23416.639,2147.909,0,167737.997,161359.386,2469.632,264.304,1027.409,2617.266,167737.997,91523.999,27730.309,48483.689,167737.997,0,138190.073,0.027,101.268,29410.543,36.086,20841.857,10275.083,10147.573,2857.573,0,7290,0,142.304,-14.794,10566.774,10566.774,8266.428,0,2300.346,,,,,158334.003,9760.047,147840.718,0,235.493,497.745,158334.003,4787.541,284.84,426.496,123735.973,29099.153,17411.707,15437.773,618.024,1120.944,0,1120.944,0,234.966,9473.887,7886.396,214.617,1326.634,46.24,560.966,621.452,62.633,0,0,3.34,0,264.379,-372.541,-3.571,0,0,0,0,-14.726,2.807,126.095,29.875,0.375,0,-125.102,-28.328,-0.108,0,0.864,0.864,0,0,123.787,120.898,0,-1.162,0,4.051,0,425.797,465.822,1.191,0,0,0,0.811,0,0,0,0,-24.603,-17.424,3985.763,0,2103.964,1865.606,120.451,1.263,0,116.644,399.66,175.048,224.612,0,189.245,91.754,0,1201.14
